"","EntrezID","GeneSymbol","ConfidenceCategory","TRIAGEhit","Pathway","InteractingGenes","NetworkGenePathways"
"190",23305,"ACSL6","MedConf","Yes","PPAR signaling pathway","PNPLA2, CPT1A","PPAR signaling pathway (1), Insulin resistance (1), AMPK signaling pathway (1), Regulation of lipolysis in adipocytes (1)"
"223",10096,"ACTR3","HighConf","Yes",NA,"ARPC1A, PSMA7","Proteasome (1)"
"354",51094,"ADIPOR1","MedConf","Yes","AMPK signaling pathway, Longevity regulating pathway",NA,NA
"374",147,"ADRA1B","HighConf","Yes","cGMP-PKG signaling pathway","XCL1, NPFF, CCKBR, PROK2, PIK3CA, TBXA2R, CXCR4, LPAR3, CYSLTR1","Longevity regulating pathway (2), Cholinergic synapse (1), Aldosterone-regulated sodium reabsorption (1), Fc epsilon RI signaling pathway (1), Neurotrophin signaling pathway (1), HIF-1 signaling pathway (1), VEGF signaling pathway (1), Regulation of lipolysis in adipocytes (1), AGE-RAGE signaling pathway in diabetic complications (1), FoxO signaling pathway (1), Longevity regulating pathway - multiple species (1), mTOR signaling pathway (1), Estrogen signaling pathway (1), Relaxin signaling pathway (1), Insulin resistance (1), AMPK signaling pathway (1)"
"377",151,"ADRA2B","MedConf","Yes","cGMP-PKG signaling pathway",NA,NA
"489",158067,"AK8","MedConf","Yes","Purine metabolism","NME4, NME3, NME6","Purine metabolism (3), Pyrimidine metabolism (3)"
"555",226,"ALDOA","HighConf","Yes","HIF-1 signaling pathway","ARNT, VEGFB, PPBP, G6PD, SERPINA1","AGE-RAGE signaling pathway in diabetic complications (1), Relaxin signaling pathway (1), HIF-1 signaling pathway (1)"
"584",55821,"ALLC","MedConf","Yes","Purine metabolism",NA,NA
"912",64411,"ARAP3","MedConf","Yes",NA,"ARHGDIG, ARHGEF7","Neurotrophin signaling pathway (1), Vasopressin-regulated water reabsorption (1)"
"971",398,"ARHGDIG","MedConf","Yes","Vasopressin-regulated water reabsorption, Neurotrophin signaling pathway","HMHA1, STARD8, ARAP3, FAM13B, NGFR, PRKACA","Longevity regulating pathway (2), Neurotrophin signaling pathway (1), Cholinergic synapse (1), Vasopressin-regulated water reabsorption (1), Regulation of lipolysis in adipocytes (1), Longevity regulating pathway - multiple species (1), Estrogen signaling pathway (1), Relaxin signaling pathway (1), Olfactory transduction (1)"
"996",8874,"ARHGEF7","MedConf","Yes",NA,"HMHA1, STARD8, ARAP3, FAM13B, FYN","Cholinergic synapse (1), Fc epsilon RI signaling pathway (1)"
"1061",405,"ARNT","MedConf","Yes","HIF-1 signaling pathway","CXCR4, ITGB2, NOS3, ALDOA, EP300","HIF-1 signaling pathway (3), FoxO signaling pathway (1), VEGF signaling pathway (1), cGMP-PKG signaling pathway (1), AGE-RAGE signaling pathway in diabetic complications (1), Estrogen signaling pathway (1), Relaxin signaling pathway (1), Insulin resistance (1)"
"1065",10552,"ARPC1A","MedConf","Yes",NA,"PSMA7, ACTR3","Proteasome (1)"
"1162",79058,"ASPSCR1","MedConf","Yes",NA,"VCP","Protein processing in endoplasmic reticulum (1)"
"1298",127124,"ATP6V1G3","MedConf","Yes","mTOR signaling pathway","INS","Longevity regulating pathway (2), Aldosterone-regulated sodium reabsorption (1), HIF-1 signaling pathway (1), Regulation of lipolysis in adipocytes (1), cGMP-PKG signaling pathway (1), FoxO signaling pathway (1), Longevity regulating pathway - multiple species (1), mTOR signaling pathway (1), Insulin resistance (1), AMPK signaling pathway (1)"
"1396",29086,"BABAM1","MedConf","Yes",NA,"PSMA4, PRKAG1, GNAL","Longevity regulating pathway (2), Olfactory transduction (1), FoxO signaling pathway (1), Longevity regulating pathway - multiple species (1), Insulin resistance (1), AMPK signaling pathway (1), Proteasome (1)"
"1418",25805,"BAMBI","MedConf","Yes",NA,"DVL2","mTOR signaling pathway (1)"
"2015",718,"C3","MedConf","Yes",NA,"CXCR4, ITGB2, PPBP, GAL, CHRM4, LPAR3","Cholinergic synapse (1)"
"2209",59283,"CACNG8","MedConf","Yes",NA,"PRKACA","Longevity regulating pathway (2), Cholinergic synapse (1), Vasopressin-regulated water reabsorption (1), Regulation of lipolysis in adipocytes (1), Longevity regulating pathway - multiple species (1), Estrogen signaling pathway (1), Relaxin signaling pathway (1), Olfactory transduction (1)"
"2248",57172,"CAMK1G","MedConf","Yes",NA,"NOS3","HIF-1 signaling pathway (1), VEGF signaling pathway (1), cGMP-PKG signaling pathway (1), AGE-RAGE signaling pathway in diabetic complications (1), Estrogen signaling pathway (1), Relaxin signaling pathway (1), Insulin resistance (1)"
"2269",124583,"CANT1","HighConf","Yes","Pyrimidine metabolism, Purine metabolism","UCK2, NME4, NME3, NME6","Pyrimidine metabolism (4), Purine metabolism (3)"
"2295",829,"CAPZA1","HighConf","Yes",NA,"MAGOH","mRNA surveillance pathway (1), RNA transport (1), Spliceosome (1)"
"2321",22794,"CASC3","MedConf","Yes","RNA transport, mRNA surveillance pathway","RPS3A, MAGOH, RPS28, RPSA, RPL26","mRNA surveillance pathway (1), RNA transport (1), Spliceosome (1)"
"2333",837,"CASP4","MedConf","Yes",NA,"EIF4G2","RNA transport (1)"
"2335",839,"CASP6","MedConf","Yes",NA,"NGFR, EIF4G2","RNA transport (1), Neurotrophin signaling pathway (1)"
"2361",859,"CAV3","MedConf","Yes",NA,"FYN","Cholinergic synapse (1), Fc epsilon RI signaling pathway (1)"
"2564",887,"CCKBR","MedConf","Yes",NA,"PROK2, ADRA1B, TBXA2R, PIK3CA, XCL1, LPAR3, CYSLTR1, NPFF","Longevity regulating pathway (2), cGMP-PKG signaling pathway (1), Cholinergic synapse (1), Aldosterone-regulated sodium reabsorption (1), Fc epsilon RI signaling pathway (1), Neurotrophin signaling pathway (1), HIF-1 signaling pathway (1), VEGF signaling pathway (1), Regulation of lipolysis in adipocytes (1), AGE-RAGE signaling pathway in diabetic complications (1), FoxO signaling pathway (1), Longevity regulating pathway - multiple species (1), mTOR signaling pathway (1), Estrogen signaling pathway (1), Relaxin signaling pathway (1), Insulin resistance (1), AMPK signaling pathway (1)"
"2622",9738,"CCP110","HighConf","Yes",NA,"PCNT, CEP250, PLK1, PRKACA","Longevity regulating pathway (2), FoxO signaling pathway (1), Cholinergic synapse (1), Vasopressin-regulated water reabsorption (1), Regulation of lipolysis in adipocytes (1), Longevity regulating pathway - multiple species (1), Estrogen signaling pathway (1), Relaxin signaling pathway (1), Olfactory transduction (1)"
"2819",728642,"CDK11A","MedConf","Yes",NA,"EIF3F","RNA transport (1)"
"2844",1025,"CDK9","MedConf","Yes",NA,"PRKAG1, POLR2D, PRKACA, POLR2B, POLR2K, POLR2G, SUPT5H","Purine metabolism (4), RNA polymerase (4), Pyrimidine metabolism (4), Longevity regulating pathway (4), Longevity regulating pathway - multiple species (2), Cholinergic synapse (1), Vasopressin-regulated water reabsorption (1), Regulation of lipolysis in adipocytes (1), Estrogen signaling pathway (1), Relaxin signaling pathway (1), Olfactory transduction (1), FoxO signaling pathway (1), Insulin resistance (1), AMPK signaling pathway (1)"
"2899",1051,"CEBPB","HighConf","Yes",NA,"EP300, MED15, FABP4, FOXO4, MAPK13, CIITA, HSP90B1, EBF1, FOXO3, SERPINA1, UBE2C","FoxO signaling pathway (4), Neurotrophin signaling pathway (2), Longevity regulating pathway (2), Longevity regulating pathway - multiple species (1), AMPK signaling pathway (1), Protein processing in endoplasmic reticulum (1), Estrogen signaling pathway (1), Fc epsilon RI signaling pathway (1), VEGF signaling pathway (1), AGE-RAGE signaling pathway in diabetic complications (1), Relaxin signaling pathway (1), Regulation of lipolysis in adipocytes (1), PPAR signaling pathway (1), HIF-1 signaling pathway (1)"
"2962",11190,"CEP250","HighConf","Yes",NA,"PRKACA, PLK1, CCP110, PCNT","Longevity regulating pathway (2), FoxO signaling pathway (1), Cholinergic synapse (1), Vasopressin-regulated water reabsorption (1), Regulation of lipolysis in adipocytes (1), Longevity regulating pathway - multiple species (1), Estrogen signaling pathway (1), Relaxin signaling pathway (1), Olfactory transduction (1)"
"3133",1132,"CHRM4","MedConf","Yes","Cholinergic synapse","LPAR3, CXCR4, C3, GNAO1, PPBP, GAL","Cholinergic synapse (1), Estrogen signaling pathway (1), Relaxin signaling pathway (1)"
"3184",4261,"CIITA","MedConf","Yes",NA,"XPO1, CEBPB, PSMC5","Ribosome biogenesis in eukaryotes (1), RNA transport (1), Proteasome (1)"
"3328",63967,"CLSPN","MedConf","Yes",NA,"RPA3, PLK1","FoxO signaling pathway (1)"
"3472",1280,"COL2A1","MedConf","Yes",NA,"ITGA5, SDC4, ITGAV",NA
"3593",132864,"CPEB2","MedConf","Yes",NA,NA,NA
"3627",79869,"CPSF7","MedConf","Yes","mRNA surveillance pathway","PABPN1, NFX1, SRSF3, SNRNP200, SNRPD3, SF3B2, SF3B6, PHF5A, SNRPG, MAGOH, SNRPE, SF3B1, SF3A3, SNRPD1, SF3B3, SF3B5, SNRPB, HNRNPA3, POLR2B, POLR2D, POLR2K, SNRPA1, SF3A1, POLR2G","Spliceosome (18), Purine metabolism (4), RNA polymerase (4), Pyrimidine metabolism (4), mRNA surveillance pathway (2), RNA transport (1)"
"3628",1374,"CPT1A","MedConf","Yes","AMPK signaling pathway, Insulin resistance, PPAR signaling pathway","ACSL6, EP300","HIF-1 signaling pathway (1), FoxO signaling pathway (1), PPAR signaling pathway (1)"
"3658",84699,"CREB3L3","MedConf","Yes","AMPK signaling pathway, Longevity regulating pathway, Insulin resistance, Relaxin signaling pathway, Estrogen signaling pathway, cGMP-PKG signaling pathway, Vasopressin-regulated water reabsorption, Cholinergic synapse","PRKACA, EP300","Longevity regulating pathway (2), HIF-1 signaling pathway (1), FoxO signaling pathway (1), Cholinergic synapse (1), Vasopressin-regulated water reabsorption (1), Regulation of lipolysis in adipocytes (1), Longevity regulating pathway - multiple species (1), Estrogen signaling pathway (1), Relaxin signaling pathway (1), Olfactory transduction (1)"
"3659",148327,"CREB3L4","MedConf","Yes","AMPK signaling pathway, Longevity regulating pathway, Insulin resistance, Relaxin signaling pathway, Estrogen signaling pathway, cGMP-PKG signaling pathway, Vasopressin-regulated water reabsorption, Cholinergic synapse","PRKACA, EP300","Longevity regulating pathway (2), HIF-1 signaling pathway (1), FoxO signaling pathway (1), Cholinergic synapse (1), Vasopressin-regulated water reabsorption (1), Regulation of lipolysis in adipocytes (1), Longevity regulating pathway - multiple species (1), Estrogen signaling pathway (1), Relaxin signaling pathway (1), Olfactory transduction (1)"
"3931",7852,"CXCR4","MedConf","Yes",NA,"PPBP, GAL, CHRM4, LPAR3, ADRA1B, XCL1, SDC4, ARNT, GNAO1, C3","Cholinergic synapse (2), HIF-1 signaling pathway (1), Estrogen signaling pathway (1), Relaxin signaling pathway (1), cGMP-PKG signaling pathway (1)"
"4035",10800,"CYSLTR1","MedConf","Yes",NA,"LPAR3, ADRA1B, XCL1, NPFF, CCKBR, PROK2, PIK3CA, TBXA2R","Longevity regulating pathway (2), Cholinergic synapse (1), Aldosterone-regulated sodium reabsorption (1), Fc epsilon RI signaling pathway (1), Neurotrophin signaling pathway (1), HIF-1 signaling pathway (1), VEGF signaling pathway (1), Regulation of lipolysis in adipocytes (1), AGE-RAGE signaling pathway in diabetic complications (1), FoxO signaling pathway (1), Longevity regulating pathway - multiple species (1), mTOR signaling pathway (1), Estrogen signaling pathway (1), Relaxin signaling pathway (1), Insulin resistance (1), AMPK signaling pathway (1), cGMP-PKG signaling pathway (1)"
"4054",51339,"DACT1","MedConf","Yes",NA,"DVL2","mTOR signaling pathway (1)"
"4198",7919,"DDX39B","HighConf","Yes","Spliceosome, RNA transport, mRNA surveillance pathway",NA,NA
"4366",1659,"DHX8","MedConf","Yes","Spliceosome","PHF5A, ISY1-RAB43, PLRG1","Spliceosome (3)"
"4476",3337,"DNAJB1","MedConf","Yes","Protein processing in endoplasmic reticulum","HSPB2, HSPA8, RPA3, EP300","HIF-1 signaling pathway (1), FoxO signaling pathway (1), Protein processing in endoplasmic reticulum (1), Longevity regulating pathway - multiple species (1), Estrogen signaling pathway (1), Spliceosome (1)"
"4477",51726,"DNAJB11","MedConf","Yes","Protein processing in endoplasmic reticulum",NA,NA
"4702",1856,"DVL2","MedConf","Yes","mTOR signaling pathway","BAMBI, NKD2, PSMB2, PSMA4, GNAO1, PSMC4, PSMC5, DACT1, PSMA7, PSMD6, PSMD14, PSMB6, PSMD3, PSMA3, PSMD11, PSMC1, PSMB4, PSMD2, PSMA1, PSMA6, PSMB1","Proteasome (17), Cholinergic synapse (1), Estrogen signaling pathway (1), Relaxin signaling pathway (1)"
"4712",51143,"DYNC1LI1","MedConf","Yes","Vasopressin-regulated water reabsorption",NA,NA
"4748",1879,"EBF1","MedConf","Yes",NA,"EP300, FABP4, CEBPB, MED15","Regulation of lipolysis in adipocytes (1), PPAR signaling pathway (1), HIF-1 signaling pathway (1), FoxO signaling pathway (1)"
"4898",8665,"EIF3F","MedConf","Yes","RNA transport","EIF4G2, CDK11A, RPSA, RPL26, RPS28, RPS3A","RNA transport (1)"
"4919",1982,"EIF4G2","MedConf","Yes","RNA transport","CASP6, CASP4, EIF3F","RNA transport (1)"
"4923",1984,"EIF5A","MedConf","Yes",NA,"XPO1","Ribosome biogenesis in eukaryotes (1), RNA transport (1)"
"5050",2033,"EP300","MedConf","Yes","FoxO signaling pathway, HIF-1 signaling pathway","JUND, PLK1, DNAJB1, MED15, ARNT, RXRG, FABP4, FOXO4, FOXM1, NOS3, CPT1A, HSPB2, CREB3L4, CREB3L3, EBF1, PPARD, FOXO3, CEBPB, HSPA8, MEF2C, PRKACA","Longevity regulating pathway (7), Estrogen signaling pathway (5), cGMP-PKG signaling pathway (4), Relaxin signaling pathway (4), AMPK signaling pathway (4), PPAR signaling pathway (4), Insulin resistance (4), Cholinergic synapse (3), Vasopressin-regulated water reabsorption (3), Longevity regulating pathway - multiple species (3), FoxO signaling pathway (3), Regulation of lipolysis in adipocytes (2), Protein processing in endoplasmic reticulum (2), HIF-1 signaling pathway (2), Olfactory transduction (1), Spliceosome (1), Neurotrophin signaling pathway (1), VEGF signaling pathway (1), AGE-RAGE signaling pathway in diabetic complications (1)"
"5292",2167,"FABP4","MedConf","Yes","PPAR signaling pathway, Regulation of lipolysis in adipocytes","EBF1, CEBPB, MED15, EP300","HIF-1 signaling pathway (1), FoxO signaling pathway (1)"
"5364",51306,"FAM13B","MedConf","Yes",NA,"ARHGDIG, ARHGEF7","Neurotrophin signaling pathway (1), Vasopressin-regulated water reabsorption (1)"
"5771",2257,"FGF12","MedConf","Yes",NA,"NGFR","Neurotrophin signaling pathway (1)"
"5949",2305,"FOXM1","MedConf","Yes",NA,"LIN37, PLK1, EP300","FoxO signaling pathway (2), HIF-1 signaling pathway (1)"
"5955",2309,"FOXO3","MedConf","Yes","AMPK signaling pathway, Longevity regulating pathway, Longevity regulating pathway - multiple species, FoxO signaling pathway, Neurotrophin signaling pathway","CEBPB, EP300, PLK1, XPO1, PRKAG1, FOXO4, MAPK13","FoxO signaling pathway (5), Longevity regulating pathway (2), Fc epsilon RI signaling pathway (1), Neurotrophin signaling pathway (1), VEGF signaling pathway (1), AGE-RAGE signaling pathway in diabetic complications (1), Relaxin signaling pathway (1), Longevity regulating pathway - multiple species (1), Insulin resistance (1), AMPK signaling pathway (1), Ribosome biogenesis in eukaryotes (1), RNA transport (1), HIF-1 signaling pathway (1)"
"5956",4303,"FOXO4","HighConf","Yes","FoxO signaling pathway","MAPK13, XPO1, PRKAG1, FOXO3, EP300, CEBPB","FoxO signaling pathway (4), Longevity regulating pathway (4), Longevity regulating pathway - multiple species (2), AMPK signaling pathway (2), Neurotrophin signaling pathway (2), Insulin resistance (1), Ribosome biogenesis in eukaryotes (1), RNA transport (1), HIF-1 signaling pathway (1), Fc epsilon RI signaling pathway (1), VEGF signaling pathway (1), AGE-RAGE signaling pathway in diabetic complications (1), Relaxin signaling pathway (1)"
"6025",2512,"FTL","HighConf","Yes",NA,"HSPA8","Protein processing in endoplasmic reticulum (1), Longevity regulating pathway - multiple species (1), Estrogen signaling pathway (1), Spliceosome (1)"
"6066",2534,"FYN","MedConf","Yes","Fc epsilon RI signaling pathway, Cholinergic synapse","PIK3CA, ITGAV, PIK3CB, PDPK1, ARHGEF7, TRPV6, CAV3","Longevity regulating pathway (4), Aldosterone-regulated sodium reabsorption (3), Fc epsilon RI signaling pathway (3), Neurotrophin signaling pathway (3), FoxO signaling pathway (3), mTOR signaling pathway (3), Insulin resistance (3), AMPK signaling pathway (3), Cholinergic synapse (2), HIF-1 signaling pathway (2), VEGF signaling pathway (2), Regulation of lipolysis in adipocytes (2), AGE-RAGE signaling pathway in diabetic complications (2), Longevity regulating pathway - multiple species (2), Estrogen signaling pathway (2), Relaxin signaling pathway (2), PPAR signaling pathway (1)"
"6086",2539,"G6PD","MedConf","Yes",NA,"ALDOA","HIF-1 signaling pathway (1)"
"6144",51083,"GAL","MedConf","Yes",NA,"CHRM4, LPAR3, CXCR4, PPBP, C3","Cholinergic synapse (1)"
"6188",54433,"GAR1","HighConf","Yes","Ribosome biogenesis in eukaryotes",NA,NA
"6471",2774,"GNAL","MedConf","Yes","Olfactory transduction","OR2AT4, OR51I1, OR6A2, OR10A3, OR2D3, OR9I1, OR4C15, OR8D4, OR52J3, OR1E2, OR5P2, OR6C1, OR2T1, OR5H2, OR4D2, OR51E2, OR5P3, OR5A2, OR2AG1, OR5AN1, OR52N4, OR1K1, OR11H12, BABAM1","Olfactory transduction (23)"
"6472",2775,"GNAO1","MedConf","Yes","Relaxin signaling pathway, Estrogen signaling pathway, Cholinergic synapse","CXCR4, DVL2, NOS3, CHRM4, MAPK13, PRKACA","Relaxin signaling pathway (3), Cholinergic synapse (2), Estrogen signaling pathway (2), Longevity regulating pathway (2), VEGF signaling pathway (2), AGE-RAGE signaling pathway in diabetic complications (2), Vasopressin-regulated water reabsorption (1), Regulation of lipolysis in adipocytes (1), Longevity regulating pathway - multiple species (1), Olfactory transduction (1), Fc epsilon RI signaling pathway (1), Neurotrophin signaling pathway (1), FoxO signaling pathway (1), HIF-1 signaling pathway (1), cGMP-PKG signaling pathway (1), Insulin resistance (1), mTOR signaling pathway (1)"
"6561",26003,"GORASP2","MedConf","Yes",NA,"PSMA6, PSMA3","Proteasome (2)"
"6937",9421,"HAND1","MedConf","Yes",NA,"MEF2C","cGMP-PKG signaling pathway (1)"
"7247",23526,"HMHA1","MedConf","Yes",NA,"ARHGEF7, ARHGDIG","Neurotrophin signaling pathway (1), Vasopressin-regulated water reabsorption (1)"
"7268",220988,"HNRNPA3","MedConf","Yes","Spliceosome","PHF5A, SRSF3, CPSF7, PABPN1, NFX1, SNRPB, SNRPD1, SF3A3, SNRPG, POLR2B, POLR2K, SF3B2, SNRPD3, SF3B5, MAGOH, SF3B1, SNRPE, POLR2D, SF3B6, POLR2G, SNRPA1, SNRNP200, SF3A1, SF3B3","Spliceosome (17), Purine metabolism (4), RNA polymerase (4), Pyrimidine metabolism (4), mRNA surveillance pathway (3), RNA transport (1)"
"7424",7184,"HSP90B1","MedConf","Yes","Estrogen signaling pathway, Protein processing in endoplasmic reticulum","CEBPB",NA
"7437",3312,"HSPA8","HighConf","Yes","Spliceosome, Estrogen signaling pathway, Longevity regulating pathway - multiple species, Protein processing in endoplasmic reticulum","VCP, PSMD6, PSMC1, PSMA6, PSMA7, PSMB6, PSMD14, PSMA3, PSMD11, PSMD2, PSMA1, PSMC4, PSMC5, PSMD3, PSMB4, PSMB1, PSMB2, MAGOH, PSMA4, EP300, DNAJB1, SGTA, UCHL1, ST13, FTL, HSPB2","Proteasome (17), Protein processing in endoplasmic reticulum (2), HIF-1 signaling pathway (1), FoxO signaling pathway (1), mRNA surveillance pathway (1), RNA transport (1), Spliceosome (1)"
"7441",3316,"HSPB2","MedConf","Yes",NA,"EP300, HSPA8, DNAJB1, RPA3","Protein processing in endoplasmic reticulum (2), HIF-1 signaling pathway (1), FoxO signaling pathway (1), Longevity regulating pathway - multiple species (1), Estrogen signaling pathway (1), Spliceosome (1)"
"7647",150084,"IGSF5","MedConf","Yes",NA,"PRKCE","cGMP-PKG signaling pathway (1), AGE-RAGE signaling pathway in diabetic complications (1), Insulin resistance (1)"
"7673",3596,"IL13","MedConf","Yes","Fc epsilon RI signaling pathway",NA,NA
"7695",3552,"IL1A","MedConf","Yes","AGE-RAGE signaling pathway in diabetic complications","IRAK2","Neurotrophin signaling pathway (1)"
"7759",55272,"IMP3","MedConf","Yes","Ribosome biogenesis in eukaryotes",NA,NA
"7805",3630,"INS","MedConf","Yes","AMPK signaling pathway, Longevity regulating pathway, Insulin resistance, mTOR signaling pathway, Longevity regulating pathway - multiple species, FoxO signaling pathway, cGMP-PKG signaling pathway, Regulation of lipolysis in adipocytes, HIF-1 signaling pathway, Aldosterone-regulated sodium reabsorption","ATP6V1G3, PIK3CA, NGFR, PDPK1","Neurotrophin signaling pathway (3), mTOR signaling pathway (3), Aldosterone-regulated sodium reabsorption (2), Fc epsilon RI signaling pathway (2), FoxO signaling pathway (2), Insulin resistance (2), AMPK signaling pathway (2), Longevity regulating pathway (2), PPAR signaling pathway (1), Cholinergic synapse (1), HIF-1 signaling pathway (1), VEGF signaling pathway (1), Regulation of lipolysis in adipocytes (1), AGE-RAGE signaling pathway in diabetic complications (1), Longevity regulating pathway - multiple species (1), Estrogen signaling pathway (1), Relaxin signaling pathway (1)"
"7811",10022,"INSL5","MedConf","Yes","Relaxin signaling pathway",NA,NA
"7818",55174,"INTS10","MedConf","Yes",NA,"POLR2B, POLR2D","Purine metabolism (2), RNA polymerase (2), Pyrimidine metabolism (2)"
"7871",3656,"IRAK2","HighConf","Yes","Neurotrophin signaling pathway","TAB1, TARDBP, TIRAP, IL1A, NGFR","Neurotrophin signaling pathway (1), AGE-RAGE signaling pathway in diabetic complications (1)"
"7873",51135,"IRAK4","HighConf","Yes","Neurotrophin signaling pathway",NA,NA
"7917",100534599,"ISY1-RAB43","HighConf","Yes","Spliceosome","DHX8, PLRG1, SNRPA1","Spliceosome (3)"
"7929",3678,"ITGA5","MedConf","Yes",NA,"ITGB2, COL2A1, ITGAV",NA
"7938",3685,"ITGAV","MedConf","Yes",NA,"COL2A1, ITGB2, ITGA5, SDC4, PIK3CA, FYN","Cholinergic synapse (2), Fc epsilon RI signaling pathway (2), Longevity regulating pathway (2), Aldosterone-regulated sodium reabsorption (1), Neurotrophin signaling pathway (1), HIF-1 signaling pathway (1), VEGF signaling pathway (1), Regulation of lipolysis in adipocytes (1), AGE-RAGE signaling pathway in diabetic complications (1), FoxO signaling pathway (1), Longevity regulating pathway - multiple species (1), mTOR signaling pathway (1), Estrogen signaling pathway (1), Relaxin signaling pathway (1), Insulin resistance (1), AMPK signaling pathway (1)"
"7943",3689,"ITGB2","MedConf","Yes",NA,"ITGA5, PIK3CA, C3, ITGAV, ARNT, PIK3CB","Longevity regulating pathway (4), HIF-1 signaling pathway (3), Cholinergic synapse (2), Aldosterone-regulated sodium reabsorption (2), Fc epsilon RI signaling pathway (2), Neurotrophin signaling pathway (2), VEGF signaling pathway (2), Regulation of lipolysis in adipocytes (2), AGE-RAGE signaling pathway in diabetic complications (2), FoxO signaling pathway (2), Longevity regulating pathway - multiple species (2), mTOR signaling pathway (2), Estrogen signaling pathway (2), Relaxin signaling pathway (2), Insulin resistance (2), AMPK signaling pathway (2)"
"8025",3727,"JUND","MedConf","Yes",NA,"MAPK13, EP300","FoxO signaling pathway (2), HIF-1 signaling pathway (1), Fc epsilon RI signaling pathway (1), Neurotrophin signaling pathway (1), VEGF signaling pathway (1), AGE-RAGE signaling pathway in diabetic complications (1), Relaxin signaling pathway (1)"
"8038",2648,"KAT2A","MedConf","Yes",NA,"WDR5",NA
"8116",3762,"KCNJ5","MedConf","Yes","Estrogen signaling pathway",NA,NA
"8135",3778,"KCNMA1","MedConf","Yes","cGMP-PKG signaling pathway","TBXA2R, PRKACA","Longevity regulating pathway (2), Cholinergic synapse (1), Vasopressin-regulated water reabsorption (1), Regulation of lipolysis in adipocytes (1), Longevity regulating pathway - multiple species (1), Estrogen signaling pathway (1), Relaxin signaling pathway (1), Olfactory transduction (1)"
"8294",10112,"KIF20A","MedConf","Yes",NA,"PLK1","FoxO signaling pathway (1)"
"8299",9493,"KIF23","MedConf","Yes",NA,"PLK1","FoxO signaling pathway (1)"
"8418",354,"KLK3","MedConf","Yes",NA,"SERPINA1, RXRG","PPAR signaling pathway (1)"
"8458",3837,"KPNB1","MedConf","Yes","RNA transport","NUP107, NUP98, NUP62, TPX2, NXF1","RNA transport (4), Ribosome biogenesis in eukaryotes (1), mRNA surveillance pathway (1)"
"8473",3858,"KRT10","MedConf","Yes",NA,"MAGOH","mRNA surveillance pathway (1), RNA transport (1), Spliceosome (1)"
"8857",55957,"LIN37","MedConf","Yes",NA,"FOXM1, PLK1","FoxO signaling pathway (1)"
"8957",23566,"LPAR3","MedConf","Yes",NA,"ADRA1B, XCL1, NPFF, CCKBR, PROK2, CYSLTR1, PIK3CA, GAL, CHRM4, PPBP, PIK3CB, TBXA2R, C3, CXCR4","Longevity regulating pathway (4), Cholinergic synapse (3), Aldosterone-regulated sodium reabsorption (2), Fc epsilon RI signaling pathway (2), Neurotrophin signaling pathway (2), HIF-1 signaling pathway (2), VEGF signaling pathway (2), Regulation of lipolysis in adipocytes (2), AGE-RAGE signaling pathway in diabetic complications (2), FoxO signaling pathway (2), Longevity regulating pathway - multiple species (2), mTOR signaling pathway (2), Estrogen signaling pathway (2), Relaxin signaling pathway (2), Insulin resistance (2), AMPK signaling pathway (2), cGMP-PKG signaling pathway (1)"
"9112",84967,"LSM10","HighConf","Yes",NA,"SNRPB, SNRPD3, SF3A3, SF3B2, SNRPG, PATL1, SNRPE, SF3A1, SNRPC, SNRPA1","Spliceosome (9)"
"9120",23658,"LSM5","MedConf","Yes","Spliceosome","PATL1, SNRPD1, SNRPD3","Spliceosome (2)"
"9275",4116,"MAGOH","MedConf","Yes","Spliceosome, RNA transport, mRNA surveillance pathway","RPSA, RPS3A, RPS28, PLRG1, SNRPA1, RPL26, SNRPB, SF3B3, SNRPD3, SF3A3, SNRPD1, SF3B2, SNRPG, SF3B1, SNRNP200, SNRPE, SF3A1, SF3B6, SF3B5, NXF1, NUP62, POLR2G, POLR2D, POLR2K, POLR2B, HNRNPA3, PHF5A, SRSF3, NUP107, CPSF7, PABPN1, TSN, CAPZA1, SON, KRT10, CASC3, NFX1, HSPA8","Spliceosome (19), mRNA surveillance pathway (4), RNA transport (4), Purine metabolism (4), RNA polymerase (4), Pyrimidine metabolism (4), Protein processing in endoplasmic reticulum (1), Longevity regulating pathway - multiple species (1), Estrogen signaling pathway (1), Ribosome biogenesis in eukaryotes (1)"
"9363",5603,"MAPK13","MedConf","Yes","Relaxin signaling pathway, FoxO signaling pathway, AGE-RAGE signaling pathway in diabetic complications, VEGF signaling pathway, Neurotrophin signaling pathway, Fc epsilon RI signaling pathway","PTPRR, MEF2C, FOXO3, FOXO4, JUND, CEBPB, GNAO1","FoxO signaling pathway (2), Longevity regulating pathway (2), Cholinergic synapse (1), Estrogen signaling pathway (1), Relaxin signaling pathway (1), cGMP-PKG signaling pathway (1), Neurotrophin signaling pathway (1), Longevity regulating pathway - multiple species (1), AMPK signaling pathway (1)"
"9540",51586,"MED15","HighConf","Yes",NA,"FABP4, EBF1, CEBPB, EP300","HIF-1 signaling pathway (1), FoxO signaling pathway (1), Regulation of lipolysis in adipocytes (1), PPAR signaling pathway (1)"
"9564",100271849,"MEF2B","MedConf","Yes","cGMP-PKG signaling pathway",NA,NA
"9565",4208,"MEF2C","MedConf","Yes","cGMP-PKG signaling pathway","EP300, MAPK13, MYL2, HAND1","FoxO signaling pathway (2), Fc epsilon RI signaling pathway (1), Neurotrophin signaling pathway (1), VEGF signaling pathway (1), AGE-RAGE signaling pathway in diabetic complications (1), Relaxin signaling pathway (1), HIF-1 signaling pathway (1)"
"10227",4625,"MYH7","MedConf","Yes","cGMP-PKG signaling pathway","MYL2",NA
"10235",4633,"MYL2","MedConf","Yes",NA,"MEF2C, MYH7","cGMP-PKG signaling pathway (2)"
"10614",4799,"NFX1","MedConf","Yes",NA,"PHF5A, SF3A3, SNRPG, SF3A1, SF3B6, SNRPB, POLR2B, SRSF3, NUP107, POLR2G, SNRPE, POLR2D, NXF1, NUP62, SF3B2, SNRPA1, SNRPD1, SF3B5, SNRNP200, PABPN1, SNRPD3, SF3B1, CPSF7, SF3B3, HNRNPA3, MAGOH, POLR2K","Spliceosome (18), mRNA surveillance pathway (4), RNA transport (4), Purine metabolism (4), RNA polymerase (4), Pyrimidine metabolism (4), Ribosome biogenesis in eukaryotes (1)"
"10623",4804,"NGFR","MedConf","Yes","Neurotrophin signaling pathway","PIK3CA, PIK3CB, IRAK2, INS, ARHGDIG, VEGFB, FGF12, CASP6","Longevity regulating pathway (6), Neurotrophin signaling pathway (4), AGE-RAGE signaling pathway in diabetic complications (3), Relaxin signaling pathway (3), Aldosterone-regulated sodium reabsorption (3), HIF-1 signaling pathway (3), Regulation of lipolysis in adipocytes (3), FoxO signaling pathway (3), Longevity regulating pathway - multiple species (3), mTOR signaling pathway (3), Insulin resistance (3), AMPK signaling pathway (3), Cholinergic synapse (2), Fc epsilon RI signaling pathway (2), VEGF signaling pathway (2), Estrogen signaling pathway (2), Vasopressin-regulated water reabsorption (1), cGMP-PKG signaling pathway (1)"
"10671",85409,"NKD2","MedConf","Yes",NA,"DVL2","mTOR signaling pathway (1)"
"10724",4832,"NME3","MedConf","Yes","Pyrimidine metabolism, Purine metabolism","CANT1, POLR2G, POLR2B, POLR2D, POLR2K, AK8","Purine metabolism (6), Pyrimidine metabolism (5), RNA polymerase (4)"
"10725",4833,"NME4","MedConf","Yes","Pyrimidine metabolism, Purine metabolism","CANT1, AK8, POLR2B, POLR2D, POLR2G, POLR2K","Purine metabolism (6), Pyrimidine metabolism (5), RNA polymerase (4)"
"10727",10201,"NME6","MedConf","Yes","Pyrimidine metabolism, Purine metabolism","CANT1, POLR2B, POLR2D, POLR2G, AK8, POLR2K","Purine metabolism (6), Pyrimidine metabolism (5), RNA polymerase (4)"
"10780",4842,"NOS1","MedConf","Yes","Relaxin signaling pathway","NOS3","HIF-1 signaling pathway (1), VEGF signaling pathway (1), cGMP-PKG signaling pathway (1), AGE-RAGE signaling pathway in diabetic complications (1), Estrogen signaling pathway (1), Relaxin signaling pathway (1), Insulin resistance (1)"
"10783",4846,"NOS3","MedConf","Yes","Insulin resistance, Relaxin signaling pathway, Estrogen signaling pathway, AGE-RAGE signaling pathway in diabetic complications, cGMP-PKG signaling pathway, VEGF signaling pathway, HIF-1 signaling pathway","CAMK1G, EP300, NOS1, GNAO1, PRKACA, ARNT","Relaxin signaling pathway (3), HIF-1 signaling pathway (2), Cholinergic synapse (2), Estrogen signaling pathway (2), Longevity regulating pathway (2), FoxO signaling pathway (1), Vasopressin-regulated water reabsorption (1), Regulation of lipolysis in adipocytes (1), Longevity regulating pathway - multiple species (1), Olfactory transduction (1)"
"10798",50507,"NOX4","MedConf","Yes","AGE-RAGE signaling pathway in diabetic complications",NA,NA
"10818",8620,"NPFF","MedConf","Yes",NA,"CCKBR, PROK2, CYSLTR1, TBXA2R, PIK3CA, XCL1, LPAR3, ADRA1B","Longevity regulating pathway (2), cGMP-PKG signaling pathway (1), Cholinergic synapse (1), Aldosterone-regulated sodium reabsorption (1), Fc epsilon RI signaling pathway (1), Neurotrophin signaling pathway (1), HIF-1 signaling pathway (1), VEGF signaling pathway (1), Regulation of lipolysis in adipocytes (1), AGE-RAGE signaling pathway in diabetic complications (1), FoxO signaling pathway (1), Longevity regulating pathway - multiple species (1), mTOR signaling pathway (1), Estrogen signaling pathway (1), Relaxin signaling pathway (1), Insulin resistance (1), AMPK signaling pathway (1)"
"10842",55666,"NPLOC4","MedConf","Yes","Protein processing in endoplasmic reticulum","USP13, UFD1L, VCP","Protein processing in endoplasmic reticulum (2)"
"10893",2516,"NR5A1","MedConf","Yes",NA,"RXRG, PPARD","PPAR signaling pathway (2)"
"11024",57122,"NUP107","MedConf","Yes","RNA transport","XPO1, NUP98, NFX1, SPC24, SEH1L, SMC3, SNRPG, RAD21, SNRPB, KPNB1, PLK1, MAGOH, NXF1, SNRPE, SRSF3, SNRPD3, SNRPD1, NUP62","Spliceosome (7), RNA transport (7), Ribosome biogenesis in eukaryotes (2), mRNA surveillance pathway (2), FoxO signaling pathway (1), mTOR signaling pathway (1)"
"11039",23636,"NUP62","HighConf","Yes","RNA transport","KPNB1, SRSF3, NUP107, XPO1, NUP98, NFX1, NXF1, SNRPG, SNRPD3, SNRPD1, MAGOH, SNRPE, SNRPB","Spliceosome (7), RNA transport (6), Ribosome biogenesis in eukaryotes (2), mRNA surveillance pathway (2)"
"11044",4928,"NUP98","MedConf","Yes","RNA transport","SEH1L, NUP62, NUP107, KPNB1, NXF1","RNA transport (5), Ribosome biogenesis in eukaryotes (1), mRNA surveillance pathway (1), mTOR signaling pathway (1)"
"11062",10482,"NXF1","HighConf","Yes","RNA transport, mRNA surveillance pathway, Ribosome biogenesis in eukaryotes","NUP62, KPNB1, SRSF3, NUP107, XPO1, NUP98, NFX1, MAGOH","RNA transport (6), Spliceosome (2), mRNA surveillance pathway (1), Ribosome biogenesis in eukaryotes (1)"
"11063",56001,"NXF2","MedConf","Yes","RNA transport, mRNA surveillance pathway, Ribosome biogenesis in eukaryotes",NA,NA
"11180",26496,"OR10A3","HighConf","Yes","Olfactory transduction","OR2D3, OR9I1, OR4C15, OR8D4, OR52J3, OR1E2, OR5P2, OR6C1, OR2T1, OR5H2, OR4D2, OR51E2, OR5P3, OR5A2, OR2AG1, OR5AN1, OR52N4, OR1K1, GNAL, OR6A2, OR51I1, OR2AT4","Olfactory transduction (22)"
"11220",440153,"OR11H12","HighConf","Yes","Olfactory transduction","GNAL","Olfactory transduction (1)"
"11256",8388,"OR1E2","MedConf","Yes","Olfactory transduction","OR5P2, OR6C1, OR2T1, OR5H2, OR4D2, OR51E2, OR5P3, OR5A2, OR2AG1, OR5AN1, OR52N4, OR1K1, OR9I1, OR8D4, GNAL, OR10A3, OR51I1, OR4C15, OR2AT4, OR6A2, OR52J3, OR2D3","Olfactory transduction (22)"
"11264",392392,"OR1K1","MedConf","Yes","Olfactory transduction","OR51I1, OR6A2, OR5P2, OR1E2, OR2D3, OR10A3, GNAL, OR2AT4, OR4C15, OR5H2, OR2T1, OR6C1, OR4D2, OR8D4, OR5A2, OR5AN1, OR52N4, OR2AG1, OR51E2, OR5P3, OR9I1, OR52J3","Olfactory transduction (22)"
"11287",144125,"OR2AG1","MedConf","Yes","Olfactory transduction","OR5AN1, OR52N4, OR1K1, OR2T1, OR1E2, OR5H2, OR5P2, OR51I1, OR6A2, OR2AT4, OR52J3, OR2D3, OR5P3, OR4C15, OR51E2, OR6C1, OR10A3, OR8D4, OR9I1, GNAL, OR5A2, OR4D2","Olfactory transduction (22)"
"11292",341152,"OR2AT4","MedConf","Yes","Olfactory transduction","OR51I1, OR6A2, OR10A3, OR2D3, OR9I1, OR4C15, OR8D4, OR52J3, OR1E2, OR5P2, OR6C1, OR2T1, OR5H2, OR4D2, OR51E2, OR5P3, OR5A2, OR2AG1, OR5AN1, OR52N4, OR1K1, GNAL","Olfactory transduction (22)"
"11300",120775,"OR2D3","MedConf","Yes","Olfactory transduction","OR9I1, OR4C15, OR8D4, OR52J3, OR1E2, OR5P2, OR6C1, OR2T1, OR5H2, OR4D2, OR51E2, OR5P3, OR5A2, OR2AG1, OR5AN1, OR52N4, OR1K1, OR10A3, OR6A2, OR51I1, OR2AT4, GNAL","Olfactory transduction (22)"
"11323",26696,"OR2T1","MedConf","Yes","Olfactory transduction","OR5H2, OR4D2, OR51E2, OR5P3, OR5A2, OR2AG1, OR5AN1, OR52N4, OR1K1, OR2AT4, OR6A2, OR52J3, GNAL, OR2D3, OR8D4, OR9I1, OR6C1, OR10A3, OR51I1, OR5P2, OR1E2, OR4C15","Olfactory transduction (22)"
"11358",81309,"OR4C15","HighConf","Yes","Olfactory transduction","OR8D4, OR52J3, OR1E2, OR5P2, OR6C1, OR2T1, OR5H2, OR4D2, OR51E2, OR5P3, OR5A2, OR2AG1, OR5AN1, OR52N4, OR1K1, GNAL, OR2AT4, OR2D3, OR51I1, OR6A2, OR10A3, OR9I1","Olfactory transduction (22)"
"11368",124538,"OR4D2","MedConf","Yes","Olfactory transduction","OR51E2, OR5P3, OR5A2, OR2AG1, OR5AN1, OR52N4, OR1K1, GNAL, OR2AT4, OR52J3, OR6C1, OR10A3, OR8D4, OR4C15, OR9I1, OR6A2, OR2T1, OR5H2, OR1E2, OR51I1, OR5P2, OR2D3","Olfactory transduction (22)"
"11413",81285,"OR51E2","MedConf","Yes","Olfactory transduction","OR5P3, OR5A2, OR2AG1, OR5AN1, OR52N4, OR1K1, OR8D4, OR6A2, OR2AT4, OR9I1, OR6C1, OR2T1, GNAL, OR4C15, OR1E2, OR51I1, OR10A3, OR52J3, OR5H2, OR4D2, OR5P2, OR2D3","Olfactory transduction (22)"
"11414",256892,"OR51F1","MedConf","Yes","Olfactory transduction",NA,NA
"11419",390063,"OR51I1","MedConf","Yes","Olfactory transduction","OR6A2, OR10A3, OR2D3, OR9I1, OR4C15, OR8D4, OR52J3, OR1E2, OR5P2, OR6C1, OR2T1, OR5H2, OR4D2, OR51E2, OR5P3, OR5A2, OR2AG1, OR5AN1, OR52N4, OR1K1, GNAL, OR2AT4","Olfactory transduction (22)"
"11443",119679,"OR52J3","MedConf","Yes","Olfactory transduction","OR1E2, OR5P2, OR6C1, OR2T1, OR5H2, OR4D2, OR51E2, OR5P3, OR5A2, OR2AG1, OR5AN1, OR52N4, OR1K1, OR2AT4, OR4C15, OR2D3, OR51I1, OR6A2, OR10A3, GNAL, OR9I1, OR8D4","Olfactory transduction (22)"
"11450",390072,"OR52N4","HighConf","Yes","Olfactory transduction","OR1K1, OR2AT4, OR5H2, OR51E2, OR5P3, OR2AG1, OR5P2, OR6A2, OR51I1, OR9I1, GNAL, OR2D3, OR52J3, OR6C1, OR5AN1, OR4C15, OR4D2, OR8D4, OR10A3, OR2T1, OR1E2, OR5A2","Olfactory transduction (22)"
"11462",219981,"OR5A2","MedConf","Yes","Olfactory transduction","OR2AG1, OR5AN1, OR52N4, OR1K1, OR8D4, OR2T1, OR5P2, OR1E2, OR51I1, OR2AT4, OR4C15, OR6A2, OR4D2, OR5P3, OR6C1, OR52J3, OR51E2, OR2D3, OR5H2, OR10A3, OR9I1, GNAL","Olfactory transduction (22)"
"11467",390195,"OR5AN1","MedConf","Yes","Olfactory transduction","OR52N4, OR1K1, OR2AG1, OR5P2, OR1E2, OR2AT4, OR5H2, OR2T1, OR2D3, OR51E2, OR5P3, OR8D4, OR9I1, OR4C15, OR51I1, OR52J3, OR6C1, GNAL, OR6A2, OR4D2, OR10A3, OR5A2","Olfactory transduction (22)"
"11487",79310,"OR5H2","MedConf","Yes","Olfactory transduction","OR4D2, OR51E2, OR5P3, OR5A2, OR2AG1, OR5AN1, OR52N4, OR1K1, OR6C1, OR2AT4, OR8D4, OR52J3, GNAL, OR6A2, OR4C15, OR2D3, OR10A3, OR2T1, OR1E2, OR51I1, OR9I1, OR5P2","Olfactory transduction (22)"
"11504",120065,"OR5P2","MedConf","Yes","Olfactory transduction","OR6C1, OR2T1, OR5H2, OR4D2, OR51E2, OR5P3, OR5A2, OR2AG1, OR5AN1, OR52N4, OR1K1, OR8D4, GNAL, OR10A3, OR51I1, OR2AT4, OR6A2, OR4C15, OR52J3, OR2D3, OR9I1, OR1E2","Olfactory transduction (22)"
"11505",120066,"OR5P3","MedConf","Yes","Olfactory transduction","OR5A2, OR2AG1, OR5AN1, OR52N4, OR1K1, OR6A2, OR51I1, OR52J3, OR4C15, OR4D2, OR2T1, OR6C1, OR1E2, OR9I1, OR2AT4, OR5P2, OR5H2, OR10A3, OR8D4, OR2D3, OR51E2, GNAL","Olfactory transduction (22)"
"11512",8590,"OR6A2","MedConf","Yes","Olfactory transduction","OR10A3, OR2D3, OR9I1, OR4C15, OR8D4, OR52J3, OR1E2, OR5P2, OR6C1, OR2T1, OR5H2, OR4D2, OR51E2, OR5P3, OR5A2, OR2AG1, OR5AN1, OR52N4, OR1K1, GNAL, OR2AT4, OR51I1","Olfactory transduction (22)"
"11516",390321,"OR6C1","MedConf","Yes","Olfactory transduction","OR2T1, OR5H2, OR4D2, OR51E2, OR5P3, OR5A2, OR2AG1, OR5AN1, OR52N4, OR1K1, OR8D4, OR52J3, OR2AT4, OR51I1, OR5P2, OR10A3, OR2D3, OR6A2, OR4C15, OR9I1, GNAL, OR1E2","Olfactory transduction (22)"
"11561",338662,"OR8D4","MedConf","Yes","Olfactory transduction","OR52J3, OR1E2, OR5P2, OR6C1, OR2T1, OR5H2, OR4D2, OR51E2, OR5P3, OR5A2, OR2AG1, OR5AN1, OR52N4, OR1K1, OR51I1, OR2D3, OR2AT4, OR6A2, OR4C15, OR9I1, GNAL, OR10A3","Olfactory transduction (22)"
"11572",219473,"OR8K3","HighConf","Yes","Olfactory transduction",NA,NA
"11580",219954,"OR9I1","MedConf","Yes","Olfactory transduction","OR4C15, OR8D4, OR52J3, OR1E2, OR5P2, OR6C1, OR2T1, OR5H2, OR4D2, OR51E2, OR5P3, OR5A2, OR2AG1, OR5AN1, OR52N4, OR1K1, OR51I1, OR2AT4, OR6A2, OR10A3, GNAL, OR2D3","Olfactory transduction (22)"
"11707",8106,"PABPN1","MedConf","Yes","mRNA surveillance pathway","NFX1, SNRNP200, SF3B2, CPSF7, SNRPE, SF3A1, POLR2D, SNRPD1, SNRPG, SF3A3, POLR2K, SF3B1, SRSF3, POLR2B, SNRPA1, HNRNPA3, PHF5A, SNRPD3, SNRPB, SF3B5, POLR2G, SF3B6, SF3B3, MAGOH","Spliceosome (18), Purine metabolism (4), RNA polymerase (4), Pyrimidine metabolism (4), mRNA surveillance pathway (2), RNA transport (1)"
"11822",219988,"PATL1","MedConf","Yes",NA,"POLR2G, POLR2D, LSM5, SNRPD3, SNRPD1, LSM10","Spliceosome (3), Purine metabolism (2), RNA polymerase (2), Pyrimidine metabolism (2)"
"11937",5116,"PCNT","MedConf","Yes",NA,"CEP250, PLK1, CCP110, PRKACA","Longevity regulating pathway (2), FoxO signaling pathway (1), Cholinergic synapse (1), Vasopressin-regulated water reabsorption (1), Regulation of lipolysis in adipocytes (1), Longevity regulating pathway - multiple species (1), Estrogen signaling pathway (1), Relaxin signaling pathway (1), Olfactory transduction (1)"
"12035",5170,"PDPK1","MedConf","Yes","AMPK signaling pathway, Insulin resistance, mTOR signaling pathway, PPAR signaling pathway, FoxO signaling pathway, Neurotrophin signaling pathway, Fc epsilon RI signaling pathway, Aldosterone-regulated sodium reabsorption","INS, TAB1, FYN, PIK3CA, PIK3CB, PRKCE","Longevity regulating pathway (6), Insulin resistance (4), Cholinergic synapse (3), Aldosterone-regulated sodium reabsorption (3), Fc epsilon RI signaling pathway (3), HIF-1 signaling pathway (3), Regulation of lipolysis in adipocytes (3), AGE-RAGE signaling pathway in diabetic complications (3), FoxO signaling pathway (3), Longevity regulating pathway - multiple species (3), mTOR signaling pathway (3), AMPK signaling pathway (3), Neurotrophin signaling pathway (2), VEGF signaling pathway (2), Estrogen signaling pathway (2), Relaxin signaling pathway (2), cGMP-PKG signaling pathway (2)"
"12186",84844,"PHF5A","HighConf","Yes","Spliceosome","SRSF3, CPSF7, PABPN1, NFX1, DHX8, SNRPD3, SNRPG, SF3B5, SF3B3, SNRNP200, SF3B2, SNRPD1, POLR2D, SNRPB, POLR2K, SF3B6, POLR2G, SF3B1, MAGOH, SNRPA1, SNRPE, SF3A3, POLR2B, HNRNPA3, SF3A1","Spliceosome (18), Purine metabolism (4), RNA polymerase (4), Pyrimidine metabolism (4), mRNA surveillance pathway (3), RNA transport (1)"
"12272",5290,"PIK3CA","MedConf","Yes","AMPK signaling pathway, Longevity regulating pathway, Insulin resistance, Relaxin signaling pathway, Estrogen signaling pathway, mTOR signaling pathway, Longevity regulating pathway - multiple species, FoxO signaling pathway, AGE-RAGE signaling pathway in diabetic complications, Regulation of lipolysis in adipocytes, VEGF signaling pathway, HIF-1 signaling pathway, Neurotrophin signaling pathway, Fc epsilon RI signaling pathway, Aldosterone-regulated sodium reabsorption, Cholinergic synapse","ITGAV, PIK3CB, PDPK1, ITGB2, INS, CYSLTR1, LPAR3, ADRA1B, XCL1, NPFF, CCKBR, PROK2, PREX1, FYN, TBXA2R, NGFR","Longevity regulating pathway (4), Neurotrophin signaling pathway (3), Fc epsilon RI signaling pathway (3), Aldosterone-regulated sodium reabsorption (3), FoxO signaling pathway (3), mTOR signaling pathway (3), Insulin resistance (3), AMPK signaling pathway (3), Cholinergic synapse (2), cGMP-PKG signaling pathway (2), HIF-1 signaling pathway (2), Regulation of lipolysis in adipocytes (2), Longevity regulating pathway - multiple species (2), PPAR signaling pathway (1), VEGF signaling pathway (1), AGE-RAGE signaling pathway in diabetic complications (1), Estrogen signaling pathway (1), Relaxin signaling pathway (1)"
"12273",5291,"PIK3CB","MedConf","Yes","AMPK signaling pathway, Longevity regulating pathway, Insulin resistance, Relaxin signaling pathway, Estrogen signaling pathway, mTOR signaling pathway, Longevity regulating pathway - multiple species, FoxO signaling pathway, AGE-RAGE signaling pathway in diabetic complications, Regulation of lipolysis in adipocytes, VEGF signaling pathway, HIF-1 signaling pathway, Neurotrophin signaling pathway, Fc epsilon RI signaling pathway, Aldosterone-regulated sodium reabsorption, Cholinergic synapse","PDPK1, ITGB2, LPAR3, PREX1, FYN, NGFR, PIK3CA","Fc epsilon RI signaling pathway (3), Neurotrophin signaling pathway (3), Cholinergic synapse (2), Aldosterone-regulated sodium reabsorption (2), FoxO signaling pathway (2), mTOR signaling pathway (2), Insulin resistance (2), Longevity regulating pathway (2), AMPK signaling pathway (2), HIF-1 signaling pathway (1), VEGF signaling pathway (1), Regulation of lipolysis in adipocytes (1), AGE-RAGE signaling pathway in diabetic complications (1), Longevity regulating pathway - multiple species (1), Estrogen signaling pathway (1), Relaxin signaling pathway (1), PPAR signaling pathway (1)"
"12457",5347,"PLK1","MedConf","Yes","FoxO signaling pathway","TPX2, WEE1, SMC3, RAD21, NUP107, XPO1, CCP110, FOXM1, PCNT, CEP250, KIF23, SPC24, CLSPN, KIF20A, LIN37, PSMD11, PSMA6, PSMB1, PSMC4, EP300, PSMD6, PSMC5, PRKACA, PSMA3, PSMC1, PSMB4, PSMD2, UBE2C, PSMD14, PSMD3, PSMB2, PSMA4, FOXO3, PSMB6, PSMA7, PSMA1","Proteasome (17), Longevity regulating pathway (4), FoxO signaling pathway (2), Longevity regulating pathway - multiple species (2), RNA transport (2), HIF-1 signaling pathway (1), Cholinergic synapse (1), Vasopressin-regulated water reabsorption (1), Regulation of lipolysis in adipocytes (1), Estrogen signaling pathway (1), Relaxin signaling pathway (1), Olfactory transduction (1), Neurotrophin signaling pathway (1), AMPK signaling pathway (1), Ribosome biogenesis in eukaryotes (1)"
"12459",1263,"PLK3","MedConf","Yes","FoxO signaling pathway","RAD21",NA
"12480",5356,"PLRG1","MedConf","Yes","Spliceosome","SNRPA1, DHX8, SNRPB, SF3B3, SNRPD3, SF3A3, SF3B2, SF3B1, SF3A1, ISY1-RAB43, MAGOH","Spliceosome (11), mRNA surveillance pathway (1), RNA transport (1)"
"12546",57104,"PNPLA2","MedConf","Yes","Regulation of lipolysis in adipocytes","ACSL6","PPAR signaling pathway (1)"
"12597",5430,"POLR2A","HighConf","Yes","Pyrimidine metabolism, RNA polymerase, Purine metabolism",NA,NA
"12598",5431,"POLR2B","HighConf","Yes","Pyrimidine metabolism, RNA polymerase, Purine metabolism","HNRNPA3, PHF5A, SRSF3, CDK9, CPSF7, PABPN1, NME4, NME3, NME6, NFX1, INTS10, SNRPD1, SF3A3, SF3B2, SF3B3, SF3A1, SNRPG, SNRPB, SNRPD3, POLR2D, MAGOH, POLR2G, SNRNP200, SNRPE, SUPT5H, SF3B1, POLR2K, SF3B5, SF3B6, SNRPA1","Spliceosome (18), Purine metabolism (6), Pyrimidine metabolism (6), RNA polymerase (3), mRNA surveillance pathway (3), RNA transport (1)"
"12600",5433,"POLR2D","HighConf","Yes","Pyrimidine metabolism, RNA polymerase, Purine metabolism","POLR2K, POLR2B, HNRNPA3, PHF5A, SRSF3, CDK9, CPSF7, PABPN1, NME4, NME3, NME6, NFX1, INTS10, SF3B6, SNRPD1, SNRPD3, SF3B2, SUPT5H, SF3B3, SNRPG, MAGOH, SNRPB, SF3B1, PATL1, SF3A1, SF3B5, SNRNP200, SNRPA1, SNRPE, SF3A3, POLR2G","Spliceosome (18), Purine metabolism (6), Pyrimidine metabolism (6), RNA polymerase (3), mRNA surveillance pathway (3), RNA transport (1)"
"12603",5436,"POLR2G","MedConf","Yes","Pyrimidine metabolism, RNA polymerase, Purine metabolism","POLR2D, POLR2K, POLR2B, HNRNPA3, PHF5A, SRSF3, CDK9, CPSF7, PABPN1, NME4, NME3, NME6, NFX1, SNRPG, SNRPD1, PATL1, SUPT5H, SNRPD3, MAGOH, SNRPE, SF3B5, SF3A1, SF3B3, SF3B2, SF3B1, SF3A3, SF3B6, SNRPB, SNRNP200, SNRPA1","Spliceosome (18), Purine metabolism (6), Pyrimidine metabolism (6), mRNA surveillance pathway (3), RNA polymerase (3), RNA transport (1)"
"12609",5440,"POLR2K","MedConf","Yes","Pyrimidine metabolism, RNA polymerase, Purine metabolism","POLR2B, HNRNPA3, PHF5A, SRSF3, CDK9, CPSF7, PABPN1, NME4, NME3, NME6, NFX1, SF3B6, SUPT5H, SNRPB, SNRPD3, SNRPA1, SNRPD1, SF3A3, SF3A1, SNRPE, POLR2D, SNRPG, SF3B5, MAGOH, SF3B1, SNRNP200, POLR2G, SF3B2, SF3B3","Spliceosome (18), Purine metabolism (6), Pyrimidine metabolism (6), RNA polymerase (3), mRNA surveillance pathway (3), RNA transport (1)"
"12631",51371,"POMP","HighConf","Yes","Proteasome","PSMB4, PSMB1, PSMB2, PSMA4, PSMA1, PSMA2, PSMB6, PSMA7, PSMA6, PSMA3","Proteasome (10)"
"12684",5467,"PPARD","MedConf","Yes","PPAR signaling pathway","EP300, NR5A1, RXRG","PPAR signaling pathway (1), HIF-1 signaling pathway (1), FoxO signaling pathway (1)"
"12688",5471,"PPAT","MedConf","Yes","Purine metabolism",NA,NA
"12689",5473,"PPBP","MedConf","Yes",NA,"GAL, CHRM4, LPAR3, VEGFB, C3, ALDOA, SERPINA1, CXCR4","AGE-RAGE signaling pathway in diabetic complications (1), Relaxin signaling pathway (1), HIF-1 signaling pathway (1), Cholinergic synapse (1)"
"12753",23645,"PPP1R15A","MedConf","Yes","Protein processing in endoplasmic reticulum",NA,NA
"12804",5534,"PPP3R1","MedConf","Yes","cGMP-PKG signaling pathway, VEGF signaling pathway",NA,NA
"12891",57580,"PREX1","MedConf","Yes",NA,"PIK3CB, PIK3CA","Longevity regulating pathway (4), Cholinergic synapse (2), Aldosterone-regulated sodium reabsorption (2), Fc epsilon RI signaling pathway (2), Neurotrophin signaling pathway (2), HIF-1 signaling pathway (2), VEGF signaling pathway (2), Regulation of lipolysis in adipocytes (2), AGE-RAGE signaling pathway in diabetic complications (2), FoxO signaling pathway (2), Longevity regulating pathway - multiple species (2), mTOR signaling pathway (2), Estrogen signaling pathway (2), Relaxin signaling pathway (2), Insulin resistance (2), AMPK signaling pathway (2)"
"12911",5566,"PRKACA","MedConf","Yes","Longevity regulating pathway, Olfactory transduction, Relaxin signaling pathway, Estrogen signaling pathway, Longevity regulating pathway - multiple species, Regulation of lipolysis in adipocytes, Vasopressin-regulated water reabsorption, Cholinergic synapse","EP300, PRKCE, PLK1, CDK9, PRKAG1, GNAO1, CCP110, NOS3, ARHGDIG, PCNT, STRADA, KCNMA1, CREB3L4, CEP250, CACNG8, CREB3L3","cGMP-PKG signaling pathway (5), Insulin resistance (5), Estrogen signaling pathway (4), Relaxin signaling pathway (4), Longevity regulating pathway (4), AMPK signaling pathway (4), Cholinergic synapse (3), Vasopressin-regulated water reabsorption (3), FoxO signaling pathway (3), HIF-1 signaling pathway (2), AGE-RAGE signaling pathway in diabetic complications (2), mTOR signaling pathway (1), Neurotrophin signaling pathway (1), VEGF signaling pathway (1), Longevity regulating pathway - multiple species (1)"
"12914",5571,"PRKAG1","MedConf","Yes","AMPK signaling pathway, Longevity regulating pathway, Insulin resistance, Longevity regulating pathway - multiple species, FoxO signaling pathway","FOXO4, STRADA, BABAM1, PRKCE, PRKACA, FOXO3, CDK9","Longevity regulating pathway (4), Longevity regulating pathway - multiple species (2), FoxO signaling pathway (2), AMPK signaling pathway (2), cGMP-PKG signaling pathway (1), AGE-RAGE signaling pathway in diabetic complications (1), Insulin resistance (1), Cholinergic synapse (1), Vasopressin-regulated water reabsorption (1), Regulation of lipolysis in adipocytes (1), Estrogen signaling pathway (1), Relaxin signaling pathway (1), Olfactory transduction (1), Neurotrophin signaling pathway (1), mTOR signaling pathway (1)"
"12925",5581,"PRKCE","MedConf","Yes","Insulin resistance, AGE-RAGE signaling pathway in diabetic complications, cGMP-PKG signaling pathway","PDPK1, PRKAG1, IGSF5, TBXA2R, PRKACA","Longevity regulating pathway (4), Longevity regulating pathway - multiple species (2), FoxO signaling pathway (2), Insulin resistance (2), AMPK signaling pathway (2), Cholinergic synapse (1), Vasopressin-regulated water reabsorption (1), Regulation of lipolysis in adipocytes (1), Estrogen signaling pathway (1), Relaxin signaling pathway (1), Olfactory transduction (1), Aldosterone-regulated sodium reabsorption (1), Fc epsilon RI signaling pathway (1), Neurotrophin signaling pathway (1), PPAR signaling pathway (1), mTOR signaling pathway (1)"
"12966",60675,"PROK2","MedConf","Yes",NA,"CCKBR, CYSLTR1, XCL1, LPAR3, NPFF, PIK3CA, ADRA1B, TBXA2R","Longevity regulating pathway (2), cGMP-PKG signaling pathway (1), Cholinergic synapse (1), Aldosterone-regulated sodium reabsorption (1), Fc epsilon RI signaling pathway (1), Neurotrophin signaling pathway (1), HIF-1 signaling pathway (1), VEGF signaling pathway (1), Regulation of lipolysis in adipocytes (1), AGE-RAGE signaling pathway in diabetic complications (1), FoxO signaling pathway (1), Longevity regulating pathway - multiple species (1), mTOR signaling pathway (1), Estrogen signaling pathway (1), Relaxin signaling pathway (1), Insulin resistance (1), AMPK signaling pathway (1)"
"13035",55615,"PRR5","MedConf","Yes","mTOR signaling pathway","TELO2","mTOR signaling pathway (1)"
"13116",5682,"PSMA1","MedConf","Yes","Proteasome","PSMC4, PSMC5, POMP, PSMD3, PSMB4, PSMB1, PSMB2, PSMA4, UBE2C, PLK1, RPN2, SEC61A1, DVL2, SEC61A2, HSPA8, PSMD14, PSMA6, PSMD11, PSMA7, PSMD2, PSMA3, PSMA2, PSMC1, PSMB6, PSMD6","Proteasome (18), Protein processing in endoplasmic reticulum (4), Protein export (2), Longevity regulating pathway - multiple species (1), Estrogen signaling pathway (1), Spliceosome (1), mTOR signaling pathway (1), FoxO signaling pathway (1)"
"13117",5683,"PSMA2","HighConf","Yes","Proteasome","PSMD14, PSMA3, PSMD11, PSMD2, PSMA1, PSMC4, PSMC5, POMP, PSMD3, PSMB4, PSMB1, PSMB2, PSMA4, RPN2, PSMC1, PSMA6, PSMB6, PSMA7, VCP, PSMD6","Proteasome (18), Protein processing in endoplasmic reticulum (2)"
"13118",5684,"PSMA3","HighConf","Yes","Proteasome","PSMD11, PSMD2, PSMA1, PSMC4, PSMC5, POMP, PSMD3, PSMB4, PSMB1, PSMB2, PSMA4, UBE2C, PLK1, RPN2, SEC61A1, DVL2, SEC61A2, GORASP2, PSMA6, PSMA2, PSMD14, HSPA8, PSMD6, PSMB6, PSMC1, PSMA7","Proteasome (18), Protein processing in endoplasmic reticulum (4), Protein export (2), Longevity regulating pathway - multiple species (1), Estrogen signaling pathway (1), Spliceosome (1), mTOR signaling pathway (1), FoxO signaling pathway (1)"
"13119",5685,"PSMA4","MedConf","Yes","Proteasome","UBE2C, PLK1, RPN2, SEC61A1, DVL2, SEC61A2, PSMD2, PSMA1, PSMB6, PSMC1, PSMB1, PSMD11, PSMD6, PSMA6, PSMC4, PSMC5, PSMB2, BABAM1, POMP, PSMA7, PSMD3, PSMA2, WDR5, PSMB4, PSMA3, HSPA8, PSMD14","Proteasome (18), Protein processing in endoplasmic reticulum (4), Protein export (2), Longevity regulating pathway - multiple species (1), Estrogen signaling pathway (1), Spliceosome (1), mTOR signaling pathway (1), FoxO signaling pathway (1)"
"13121",5687,"PSMA6","HighConf","Yes","Proteasome","PSMA7, PSMB6, PSMA2, PSMD14, PSMA3, PSMD11, PSMD2, PSMA1, PSMC4, PSMC5, POMP, PSMD3, PSMB4, PSMB1, PSMB2, PSMA4, UBE2C, PLK1, RPN2, SEC61A1, DVL2, UBLCP1, SEC61A2, GORASP2, PSMD6, PSMC1, HSPA8","Proteasome (18), Protein processing in endoplasmic reticulum (4), Protein export (2), Longevity regulating pathway - multiple species (1), Estrogen signaling pathway (1), Spliceosome (1), mTOR signaling pathway (1), FoxO signaling pathway (1)"
"13122",5688,"PSMA7","MedConf","Yes","Proteasome","PSMB6, PSMA2, PSMD14, PSMA3, PSMD11, PSMD2, PSMA1, PSMC4, PSMC5, POMP, PSMD3, PSMB4, PSMB1, PSMB2, TBXA2R, PSMA4, ACTR3, UBE2C, PLK1, RPN2, SEC61A1, DVL2, SEC61A2, ARPC1A, PSMD6, PSMC1, HSPA8, PSMA6","Proteasome (18), Protein processing in endoplasmic reticulum (4), Protein export (2), Longevity regulating pathway - multiple species (1), Estrogen signaling pathway (1), Spliceosome (1), mTOR signaling pathway (1), FoxO signaling pathway (1)"
"13124",5689,"PSMB1","HighConf","Yes","Proteasome","PSMB2, PSMA4, UBE2C, PLK1, RPN2, SEC61A1, DVL2, SEC61A2, PSMA6, PSMB6, PSMD3, PSMD14, PSMD6, HSPA8, PSMC5, PSMA2, PSMA7, PSMD2, PSMA1, PSMA3, PSMC4, PSMC1, PSMB4, POMP, PSMD11","Proteasome (18), Protein processing in endoplasmic reticulum (4), Protein export (2), Longevity regulating pathway - multiple species (1), Estrogen signaling pathway (1), Spliceosome (1), mTOR signaling pathway (1), FoxO signaling pathway (1)"
"13127",5690,"PSMB2","HighConf","Yes","Proteasome","PSMA4, UBE2C, PLK1, RPN2, SEC61A1, DVL2, UBLCP1, SEC61A2, PSMD11, VCP, PSMA6, PSMD14, PSMD2, PSMB6, PSMD3, HSPA8, POMP, PSMA1, PSMB1, PSMC4, PSMA2, PSMD6, PSMC1, PSMC5, PSMB4, PSMA3, PSMA7","Proteasome (18), Protein processing in endoplasmic reticulum (5), Protein export (2), Longevity regulating pathway - multiple species (1), Estrogen signaling pathway (1), Spliceosome (1), mTOR signaling pathway (1), FoxO signaling pathway (1)"
"13128",5691,"PSMB3","HighConf","Yes","Proteasome",NA,NA
"13129",5692,"PSMB4","MedConf","Yes","Proteasome","PSMB1, PSMB2, PSMA4, UBE2C, PLK1, RPN2, SEC61A1, DVL2, SEC61A2, PSMB6, PSMD11, PSMA7, PSMD6, PSMC1, PSMD3, HSPA8, PSMA1, PSMC5, PSMA6, POMP, PSMD14, PSMC4, PSMA3, PSMD2, PSMA2","Proteasome (18), Protein processing in endoplasmic reticulum (4), Protein export (2), Longevity regulating pathway - multiple species (1), Estrogen signaling pathway (1), Spliceosome (1), mTOR signaling pathway (1), FoxO signaling pathway (1)"
"13131",5694,"PSMB6","MedConf","Yes","Proteasome","PSMA2, PSMD14, PSMA3, PSMD11, PSMD2, PSMA1, PSMC4, PSMC5, POMP, PSMD3, PSMB4, PSMB1, PSMB2, PSMA4, UBE2C, PLK1, RPN2, SEC61A1, DVL2, SEC61A2, PSMA6, HSPA8, PSMA7, PSMC1, PSMD6","Proteasome (18), Protein processing in endoplasmic reticulum (4), Protein export (2), Longevity regulating pathway - multiple species (1), Estrogen signaling pathway (1), Spliceosome (1), mTOR signaling pathway (1), FoxO signaling pathway (1)"
"13135",5700,"PSMC1","HighConf","Yes","Proteasome","PSMA6, PSMA7, PSMB6, PSMA2, PSMD14, PSMA3, PSMD11, PSMD2, PSMA1, PSMC4, PSMC5, PSMD3, PSMB4, PSMB1, PSMB2, PSMA4, UBE2C, PLK1, SEC61A1, DVL2, UBLCP1, SEC61A2, HSPA8, PSMD6","Proteasome (17), Protein processing in endoplasmic reticulum (3), Protein export (2), Longevity regulating pathway - multiple species (1), Estrogen signaling pathway (1), Spliceosome (1), mTOR signaling pathway (1), FoxO signaling pathway (1)"
"13137",5702,"PSMC3","HighConf","Yes","Proteasome",NA,NA
"13139",5704,"PSMC4","HighConf","Yes","Proteasome","PSMC5, PSMD3, PSMB4, PSMB1, PSMB2, PSMA4, UBE2C, PLK1, SEC61A1, DVL2, UBLCP1, SEC61A2, PSMC1, PSMD2, HSPA8, PSMD14, PSMA3, PSMA6, PSMD11, PSMA7, PSMB6, PSMA2, PSMD6, PSMA1","Proteasome (17), Protein processing in endoplasmic reticulum (3), Protein export (2), Longevity regulating pathway - multiple species (1), Estrogen signaling pathway (1), Spliceosome (1), mTOR signaling pathway (1), FoxO signaling pathway (1)"
"13140",5705,"PSMC5","HighConf","Yes","Proteasome","PSMD3, PSMB4, PSMB1, PSMB2, PSMA4, UBE2C, PLK1, SEC61A1, DVL2, UBLCP1, SEC61A2, CIITA, PSMC1, PSMB6, PSMA3, HSPA8, PSMA1, PSMA2, PSMA6, PSMD2, PSMC4, PSMD11, PSMD14, PSMA7, PSMD6","Proteasome (17), Protein processing in endoplasmic reticulum (3), Protein export (2), Longevity regulating pathway - multiple species (1), Estrogen signaling pathway (1), Spliceosome (1), mTOR signaling pathway (1), FoxO signaling pathway (1)"
"13141",5706,"PSMC6","HighConf","Yes","Proteasome",NA,NA
"13144",5717,"PSMD11","MedConf","Yes","Proteasome","PSMD2, PSMA1, PSMC4, PSMC5, PSMD3, PSMB4, PSMB1, PSMB2, PSMA4, UBE2C, PLK1, RPN2, SEC61A1, DVL2, UBLCP1, SEC61A2, PSMA6, PSMB6, PSMA3, PSMD6, PSMD14, PSMA7, HSPA8, PSMA2, PSMC1","Proteasome (17), Protein processing in endoplasmic reticulum (4), Protein export (2), Longevity regulating pathway - multiple species (1), Estrogen signaling pathway (1), Spliceosome (1), mTOR signaling pathway (1), FoxO signaling pathway (1)"
"13147",10213,"PSMD14","MedConf","Yes","Proteasome","PSMA3, PSMD11, PSMD2, PSMA1, PSMC4, PSMC5, PSMD3, PSMB4, PSMB1, PSMB2, PSMA4, UBE2C, PLK1, RPN2, SEC61A1, DVL2, SEC61A2, PSMA6, HSPA8, PSMA7, PSMB6, PSMA2, PSMC1, PSMD6","Proteasome (17), Protein processing in endoplasmic reticulum (4), Protein export (2), Longevity regulating pathway - multiple species (1), Estrogen signaling pathway (1), Spliceosome (1), mTOR signaling pathway (1), FoxO signaling pathway (1)"
"13148",5708,"PSMD2","HighConf","Yes","Proteasome","PSMA1, PSMC4, PSMC5, PSMD3, PSMB4, PSMB1, PSMB2, PSMA4, UBE2C, PLK1, SEC61A1, DVL2, UBLCP1, SEC61A2, PSMA2, HSPA8, PSMA6, PSMC1, PSMA7, PSMD11, PSMD14, PSMA3, PSMB6, PSMD6","Proteasome (17), Protein processing in endoplasmic reticulum (3), Protein export (2), Longevity regulating pathway - multiple species (1), Estrogen signaling pathway (1), Spliceosome (1), mTOR signaling pathway (1), FoxO signaling pathway (1)"
"13149",5709,"PSMD3","MedConf","Yes","Proteasome","PSMB4, PSMB1, PSMB2, PSMA4, UBE2C, PLK1, RPN2, SEC61A1, DVL2, UBLCP1, SEC61A2, PSMD6, PSMB6, PSMC5, PSMA7, PSMA1, PSMD11, HSPA8, PSMA2, PSMD14, PSMD2, PSMC4, PSMA6, PSMA3, PSMC1","Proteasome (17), Protein processing in endoplasmic reticulum (4), Protein export (2), Longevity regulating pathway - multiple species (1), Estrogen signaling pathway (1), Spliceosome (1), mTOR signaling pathway (1), FoxO signaling pathway (1)"
"13152",9861,"PSMD6","HighConf","Yes","Proteasome","PSMC1, PSMA6, PSMA7, PSMB6, PSMA2, PSMD14, PSMA3, PSMD11, PSMD2, PSMA1, PSMC4, PSMC5, PSMD3, PSMB4, PSMB1, PSMB2, PSMA4, UBE2C, PLK1, SEC61A1, DVL2, UBLCP1, SEC61A2, HSPA8","Proteasome (17), Protein processing in endoplasmic reticulum (3), Protein export (2), Longevity regulating pathway - multiple species (1), Estrogen signaling pathway (1), Spliceosome (1), mTOR signaling pathway (1), FoxO signaling pathway (1)"
"13266",5801,"PTPRR","MedConf","Yes",NA,"MAPK13","Fc epsilon RI signaling pathway (1), Neurotrophin signaling pathway (1), VEGF signaling pathway (1), AGE-RAGE signaling pathway in diabetic complications (1), FoxO signaling pathway (1), Relaxin signaling pathway (1)"
"13450",5885,"RAD21","MedConf","Yes",NA,"NUP107, XPO1, SPC24, PLK3, SMC3, PLK1","FoxO signaling pathway (2), RNA transport (2), Ribosome biogenesis in eukaryotes (1)"
"13492",5901,"RAN","HighConf","Yes","RNA transport, Ribosome biogenesis in eukaryotes",NA,NA
"13622",9939,"RBM8A","HighConf","Yes","Spliceosome, RNA transport, mRNA surveillance pathway",NA,NA
"14016",10921,"RNPS1","HighConf","Yes","RNA transport, mRNA surveillance pathway",NA,NA
"14041",6119,"RPA3","MedConf","Yes",NA,"DNAJB1, HSPB2, CLSPN","Protein processing in endoplasmic reticulum (1)"
"14077",6154,"RPL26","MedConf","Yes",NA,"EIF3F, SRP68, RPN2, CASC3, SEC11A, RPS3A, MAGOH, RPSA, RPS28","RNA transport (3), mRNA surveillance pathway (2), Protein export (2), Spliceosome (1), Protein processing in endoplasmic reticulum (1)"
"14112",6185,"RPN2","MedConf","Yes","Protein processing in endoplasmic reticulum","SEC61A1, SEC61A2, SEC11A, RPSA, PSMD14, PSMA3, RPS3A, PSMD3, PSMA4, PSMD11, PSMA1, SRP68, PSMB2, PSMB4, PSMA2, PSMB1, RPL26, PSMA6, PSMA7, RPS28, PSMB6","Proteasome (13), Protein export (4), Protein processing in endoplasmic reticulum (2)"
"14116",138716,"RPP25L","MedConf","Yes","RNA transport, Ribosome biogenesis in eukaryotes",NA,NA
"14147",6234,"RPS28","MedConf","Yes",NA,"RPL26, EIF3F, SRP68, RPN2, CASC3, SEC11A, RPS3A, MAGOH, RPSA","RNA transport (3), mRNA surveillance pathway (2), Protein export (2), Spliceosome (1), Protein processing in endoplasmic reticulum (1)"
"14150",6189,"RPS3A","MedConf","Yes",NA,"RPS28, RPL26, EIF3F, SRP68, RPN2, CASC3, SEC11A, MAGOH, RPSA","RNA transport (3), mRNA surveillance pathway (2), Protein export (2), Spliceosome (1), Protein processing in endoplasmic reticulum (1)"
"14169",3921,"RPSA","MedConf","Yes",NA,"RPS3A, RPS28, RPL26, EIF3F, SRP68, RPN2, CASC3, SEC11A, MAGOH","RNA transport (3), mRNA surveillance pathway (2), Protein export (2), Spliceosome (1), Protein processing in endoplasmic reticulum (1)"
"14270",10856,"RUVBL2","MedConf","Yes",NA,"WDR5, TELO2","mTOR signaling pathway (1)"
"14282",6258,"RXRG","MedConf","Yes","PPAR signaling pathway","KLK3, PPARD, NR5A1, EP300","HIF-1 signaling pathway (1), FoxO signaling pathway (1), PPAR signaling pathway (1)"
"14410",6319,"SCD","MedConf","Yes","AMPK signaling pathway, PPAR signaling pathway",NA,NA
"14494",6385,"SDC4","MedConf","Yes",NA,"CXCR4, ITGAV, COL2A1",NA
"14522",23478,"SEC11A","MedConf","Yes","Protein export","RPN2, RPS3A, RPL26, RPSA, SRP68, RPS28","Protein processing in endoplasmic reticulum (1), Protein export (1)"
"14545",29927,"SEC61A1","HighConf","Yes","Protein export, Protein processing in endoplasmic reticulum","SEC61A2, PSMD11, PSMC5, PSMA6, PSMB2, PSMA1, PSMA3, PSMB1, PSMB4, PSMC1, PSMC4, PSMA7, PSMA4, PSMD6, PSMD14, PSMB6, RPN2, PSMD2, PSMD3","Proteasome (17), Protein processing in endoplasmic reticulum (2), Protein export (1)"
"14546",55176,"SEC61A2","MedConf","Yes","Protein export, Protein processing in endoplasmic reticulum","PSMA3, SEC61A1, PSMB4, PSMD11, PSMB2, PSMD2, PSMD3, RPN2, PSMC1, PSMC5, PSMD14, PSMB1, PSMA6, PSMA1, PSMA7, PSMA4, PSMC4, PSMB6, PSMD6","Proteasome (17), Protein processing in endoplasmic reticulum (2), Protein export (1)"
"14554",81929,"SEH1L","HighConf","Yes","RNA transport, mTOR signaling pathway","NUP107, NUP98","RNA transport (2)"
"14632",5265,"SERPINA1","MedConf","Yes",NA,"CEBPB, ALDOA, VEGFB, PPBP, KLK3","AGE-RAGE signaling pathway in diabetic complications (1), Relaxin signaling pathway (1), HIF-1 signaling pathway (1)"
"14674",83667,"SESN2","MedConf","Yes","Longevity regulating pathway, mTOR signaling pathway",NA,NA
"14698",10291,"SF3A1","HighConf","Yes","Spliceosome","SF3B6, SF3B5, POLR2G, POLR2D, POLR2K, POLR2B, HNRNPA3, PHF5A, SRSF3, CPSF7, PABPN1, NFX1, SNRPD3, SNRPE, SF3A3, SF3B2, SNRPB, SNRNP200, SNRPD1, LSM10, MAGOH, SF3B1, SNRPA1, PLRG1, SNRPG, SF3B3","Spliceosome (18), Purine metabolism (4), RNA polymerase (4), Pyrimidine metabolism (4), mRNA surveillance pathway (3), RNA transport (1)"
"14700",10946,"SF3A3","MedConf","Yes","Spliceosome","SNRPD1, SF3B2, SNRPG, SF3B1, SNRNP200, SNRPE, SF3A1, SF3B6, SF3B5, POLR2G, POLR2D, POLR2K, POLR2B, HNRNPA3, PHF5A, SRSF3, CPSF7, PABPN1, NFX1, SNRPB, SNRPD3, SF3B3, PLRG1, MAGOH, SNRPA1, LSM10","Spliceosome (18), Purine metabolism (4), RNA polymerase (4), Pyrimidine metabolism (4), mRNA surveillance pathway (3), RNA transport (1)"
"14701",23451,"SF3B1","HighConf","Yes","Spliceosome","SNRNP200, SNRPE, SF3A1, SF3B6, SF3B5, POLR2G, POLR2D, POLR2K, POLR2B, HNRNPA3, PHF5A, SRSF3, CPSF7, PABPN1, NFX1, SF3B2, SNRPA1, SNRPD1, MAGOH, SF3A3, SNRPG, PLRG1, SNRPD3, SF3B3, SNRPB","Spliceosome (18), Purine metabolism (4), RNA polymerase (4), Pyrimidine metabolism (4), mRNA surveillance pathway (3), RNA transport (1)"
"14702",10992,"SF3B2","MedConf","Yes","Spliceosome","SNRPG, SF3B1, SNRNP200, SNRPE, SF3A1, SF3B6, SF3B5, POLR2G, POLR2D, POLR2K, POLR2B, HNRNPA3, PHF5A, SRSF3, CPSF7, PABPN1, NFX1, SF3B3, MAGOH, SNRPD1, SNRPA1, LSM10, ZNF830, SNRPD3, PLRG1, SNRPB, SF3A3","Spliceosome (18), Purine metabolism (4), RNA polymerase (4), Pyrimidine metabolism (4), mRNA surveillance pathway (3), RNA transport (1)"
"14703",23450,"SF3B3","MedConf","Yes","Spliceosome","SNRPD3, SF3A3, SNRPD1, SF3B2, SNRPG, SF3B1, SNRNP200, SNRPE, SF3A1, SF3B6, SF3B5, POLR2G, POLR2D, POLR2K, POLR2B, HNRNPA3, PHF5A, SRSF3, CPSF7, PABPN1, NFX1, SNRPB, PLRG1, SNRPA1, MAGOH","Spliceosome (18), Purine metabolism (4), RNA polymerase (4), Pyrimidine metabolism (4), mRNA surveillance pathway (3), RNA transport (1)"
"14705",83443,"SF3B5","HighConf","Yes","Spliceosome","POLR2G, POLR2D, POLR2K, POLR2B, HNRNPA3, PHF5A, SRSF3, CPSF7, PABPN1, NFX1, SF3A1, MAGOH, SNRPD3, SF3B2, SNRPD1, SNRPE, SF3A3, SNRPG, SF3B1, SNRPA1, SNRPB, SNRNP200, SF3B3, SF3B6","Spliceosome (17), Purine metabolism (4), RNA polymerase (4), Pyrimidine metabolism (4), mRNA surveillance pathway (3), RNA transport (1)"
"14706",51639,"SF3B6","HighConf","Yes","Spliceosome","SF3B5, POLR2G, POLR2D, POLR2K, POLR2B, HNRNPA3, PHF5A, SRSF3, CPSF7, PABPN1, NFX1, SF3A3, SNRPD3, SF3B2, MAGOH, SF3A1, SNRNP200, SNRPE, SF3B1, SNRPD1, SNRPG, SNRPB, SNRPA1, SF3B3","Spliceosome (17), Purine metabolism (4), RNA polymerase (4), Pyrimidine metabolism (4), mRNA surveillance pathway (3), RNA transport (1)"
"14756",6449,"SGTA","MedConf","Yes",NA,"HSPA8","Protein processing in endoplasmic reticulum (1), Longevity regulating pathway - multiple species (1), Estrogen signaling pathway (1), Spliceosome (1)"
"15081",11001,"SLC27A2","MedConf","Yes","Insulin resistance, PPAR signaling pathway",NA,NA
"15269",8140,"SLC7A5","MedConf","Yes","mTOR signaling pathway",NA,NA
"15366",9126,"SMC3","HighConf","Yes",NA,"RAD21, NUP107, XPO1, SPC24, USP13, PLK1","RNA transport (2), FoxO signaling pathway (1), Ribosome biogenesis in eukaryotes (1)"
"15483",23020,"SNRNP200","MedConf","Yes","Spliceosome","SNRPE, SF3A1, SF3B6, SF3B5, POLR2G, POLR2D, POLR2K, POLR2B, HNRNPA3, PHF5A, SRSF3, CPSF7, PABPN1, NFX1, SF3A3, SF3B1, MAGOH, SNRPG, SF3B2, SNRPD3, SNRPD1, SF3B3, SNRPB, SNRPA1","Spliceosome (17), Purine metabolism (4), RNA polymerase (4), Pyrimidine metabolism (4), mRNA surveillance pathway (3), RNA transport (1)"
"15491",6627,"SNRPA1","HighConf","Yes","Spliceosome","LSM10, SNRPB, SF3B3, SNRPD3, SF3A3, SNRPD1, SF3B2, SNRPG, SF3B1, SNRNP200, SNRPE, SF3A1, SF3B6, SF3B5, POLR2G, POLR2D, POLR2K, POLR2B, HNRNPA3, PHF5A, SRSF3, CPSF7, PABPN1, NFX1, ISY1-RAB43, SNRPC, PLRG1, MAGOH","Spliceosome (20), Purine metabolism (4), RNA polymerase (4), Pyrimidine metabolism (4), mRNA surveillance pathway (3), RNA transport (1)"
"15492",6628,"SNRPB","HighConf","Yes","Spliceosome","SF3B3, SNRPD3, SF3A3, SNRPD1, SF3B2, SNRPG, SF3B1, SNRNP200, SNRPE, SF3A1, SF3B6, SF3B5, NUP62, POLR2G, POLR2D, POLR2K, POLR2B, HNRNPA3, PHF5A, SRSF3, NUP107, CPSF7, PABPN1, NFX1, SNRPC, PLRG1, MAGOH, SNRPA1, LSM10","Spliceosome (19), Purine metabolism (4), RNA polymerase (4), Pyrimidine metabolism (4), mRNA surveillance pathway (3), RNA transport (3)"
"15494",6631,"SNRPC","MedConf","Yes","Spliceosome","SNRPD1, SNRPD3, LSM10, SNRPA1, SNRPE, SNRPB, SNRPG","Spliceosome (6)"
"15495",6632,"SNRPD1","HighConf","Yes","Spliceosome","SF3B2, SNRPG, SF3B1, SNRNP200, PATL1, SNRPE, SF3A1, SF3B6, SF3B5, NUP62, POLR2G, POLR2D, POLR2K, POLR2B, HNRNPA3, PHF5A, SRSF3, NUP107, CPSF7, PABPN1, NFX1, SNRPC, LSM5, SNRPA1, SNRPB, SNRPD3, MAGOH, SF3B3, SF3A3","Spliceosome (19), Purine metabolism (4), RNA polymerase (4), Pyrimidine metabolism (4), mRNA surveillance pathway (3), RNA transport (3)"
"15497",6634,"SNRPD3","HighConf","Yes","Spliceosome","SF3A3, SNRPD1, SF3B2, SNRPG, SF3B1, SNRNP200, PATL1, SNRPE, SF3A1, SF3B6, SF3B5, NUP62, POLR2G, POLR2D, POLR2K, POLR2B, HNRNPA3, PHF5A, SRSF3, NUP107, CPSF7, PABPN1, NFX1, SNRPC, LSM5, SNRPB, SNRPA1, SF3B3, LSM10, MAGOH, PLRG1","Spliceosome (20), Purine metabolism (4), RNA polymerase (4), Pyrimidine metabolism (4), mRNA surveillance pathway (3), RNA transport (3)"
"15498",6635,"SNRPE","HighConf","Yes","Spliceosome","SF3A1, SF3B6, SF3B5, NUP62, POLR2G, POLR2D, POLR2K, POLR2B, HNRNPA3, PHF5A, SRSF3, NUP107, CPSF7, PABPN1, NFX1, SNRPC, SF3B2, LSM10, SF3B1, SNRPB, MAGOH, SNRPG, SF3A3, SNRNP200, SNRPD3, SNRPA1, SNRPD1, SF3B3","Spliceosome (18), Purine metabolism (4), RNA polymerase (4), Pyrimidine metabolism (4), mRNA surveillance pathway (3), RNA transport (3)"
"15500",6637,"SNRPG","MedConf","Yes","Spliceosome","SF3B1, SNRNP200, SNRPE, SF3A1, SF3B6, SF3B5, NUP62, POLR2G, POLR2D, POLR2K, POLR2B, HNRNPA3, PHF5A, SRSF3, NUP107, CPSF7, PABPN1, NFX1, SNRPC, TACC1, SNRPD1, SNRPD3, SF3B3, MAGOH, SF3A3, SF3B2, SNRPB, LSM10, SNRPA1","Spliceosome (18), Purine metabolism (4), RNA polymerase (4), Pyrimidine metabolism (4), mRNA surveillance pathway (3), RNA transport (3)"
"15558",6651,"SON","HighConf","Yes",NA,"MAGOH","mRNA surveillance pathway (1), RNA transport (1), Spliceosome (1)"
"15685",147841,"SPC24","MedConf","Yes",NA,"SMC3, RAD21, PLK1, XPO1, NUP107","RNA transport (2), Ribosome biogenesis in eukaryotes (1), FoxO signaling pathway (1)"
"15841",6730,"SRP68","HighConf","Yes","Protein export","RPN2, SEC11A, RPSA, RPS3A, RPL26, RPS28","Protein export (1), Protein processing in endoplasmic reticulum (1)"
"15864",6428,"SRSF3","MedConf","Yes","Spliceosome","NUP107, CPSF7, PABPN1, NFX1, SF3B6, SNRPG, SNRPD1, SF3B5, SNRNP200, SF3B3, SF3B2, NUP62, MAGOH, POLR2D, POLR2G, SNRPB, SNRPD3, SF3B1, HNRNPA3, POLR2K, POLR2B, SNRPA1, SF3A3, SNRPE, PHF5A, NXF1, SF3A1","Spliceosome (17), Purine metabolism (4), RNA polymerase (4), Pyrimidine metabolism (4), RNA transport (4), mRNA surveillance pathway (4), Ribosome biogenesis in eukaryotes (1)"
"15914",6767,"ST13","MedConf","Yes",NA,"HSPA8","Protein processing in endoplasmic reticulum (1), Longevity regulating pathway - multiple species (1), Estrogen signaling pathway (1), Spliceosome (1)"
"15964",9754,"STARD8","MedConf","Yes",NA,"ARHGDIG, ARHGEF7","Neurotrophin signaling pathway (1), Vasopressin-regulated water reabsorption (1)"
"16035",92335,"STRADA","MedConf","Yes","AMPK signaling pathway, mTOR signaling pathway","PRKAG1, PRKACA","Longevity regulating pathway (4), Longevity regulating pathway - multiple species (2), FoxO signaling pathway (1), Insulin resistance (1), AMPK signaling pathway (1), Cholinergic synapse (1), Vasopressin-regulated water reabsorption (1), Regulation of lipolysis in adipocytes (1), Estrogen signaling pathway (1), Relaxin signaling pathway (1), Olfactory transduction (1)"
"16119",6829,"SUPT5H","MedConf","Yes",NA,"POLR2G, POLR2D, POLR2K, POLR2B, CDK9","Purine metabolism (4), RNA polymerase (4), Pyrimidine metabolism (4)"
"16227",10454,"TAB1","MedConf","Yes",NA,"IRAK2, PDPK1","Neurotrophin signaling pathway (2), Aldosterone-regulated sodium reabsorption (1), Fc epsilon RI signaling pathway (1), FoxO signaling pathway (1), PPAR signaling pathway (1), mTOR signaling pathway (1), Insulin resistance (1), AMPK signaling pathway (1)"
"16233",6867,"TACC1","HighConf","Yes",NA,"SNRPG","Spliceosome (1)"
"16292",23435,"TARDBP","MedConf","Yes",NA,"IRAK2","Neurotrophin signaling pathway (1)"
"16411",6915,"TBXA2R","HighConf","Yes",NA,"PIK3CA, PRKCE, CYSLTR1, LPAR3, ADRA1B, XCL1, NPFF, CCKBR, KCNMA1, PROK2, PSMA7","cGMP-PKG signaling pathway (3), AGE-RAGE signaling pathway in diabetic complications (2), Insulin resistance (2), Longevity regulating pathway (2), Proteasome (1), Cholinergic synapse (1), Aldosterone-regulated sodium reabsorption (1), Fc epsilon RI signaling pathway (1), Neurotrophin signaling pathway (1), HIF-1 signaling pathway (1), VEGF signaling pathway (1), Regulation of lipolysis in adipocytes (1), FoxO signaling pathway (1), Longevity regulating pathway - multiple species (1), mTOR signaling pathway (1), Estrogen signaling pathway (1), Relaxin signaling pathway (1), AMPK signaling pathway (1)"
"16513",9894,"TELO2","MedConf","Yes","mTOR signaling pathway","PRR5, RUVBL2","mTOR signaling pathway (1)"
"16727",114609,"TIRAP","HighConf","Yes",NA,"IRAK2","Neurotrophin signaling pathway (1)"
"16732",7083,"TK1","MedConf","Yes","Pyrimidine metabolism",NA,NA
"17288",22974,"TPX2","MedConf","Yes",NA,"KPNB1, PLK1","FoxO signaling pathway (1), RNA transport (1)"
"17493",55503,"TRPV6","MedConf","Yes",NA,"FYN","Cholinergic synapse (1), Fc epsilon RI signaling pathway (1)"
"17521",7247,"TSN","MedConf","Yes",NA,"MAGOH","mRNA surveillance pathway (1), RNA transport (1), Spliceosome (1)"
"17757",11065,"UBE2C","MedConf","Yes",NA,"CEBPB, PLK1, PSMC5, PSMD3, PSMD11, PSMC4, PSMD6, PSMB2, PSMD2, PSMC1, PSMB1, PSMA6, PSMA3, PSMB6, PSMB4, PSMA7, PSMD14, PSMA1, PSMA4","Proteasome (17), FoxO signaling pathway (1)"
"17804",134510,"UBLCP1","MedConf","Yes",NA,"PSMD2, PSMD3, PSMD11, PSMC1, PSMD6, PSMC4, PSMC5, PSMB2, PSMA6","Proteasome (9)"
"17828",137886,"UBXN2B","MedConf","Yes",NA,"VCP","Protein processing in endoplasmic reticulum (1)"
"17833",7345,"UCHL1","MedConf","Yes",NA,"HSPA8","Protein processing in endoplasmic reticulum (1), Longevity regulating pathway - multiple species (1), Estrogen signaling pathway (1), Spliceosome (1)"
"17837",7371,"UCK2","MedConf","Yes","Pyrimidine metabolism","CANT1","Purine metabolism (1), Pyrimidine metabolism (1)"
"17848",7353,"UFD1L","HighConf","Yes","Protein processing in endoplasmic reticulum","NPLOC4, USP13, VCP","Protein processing in endoplasmic reticulum (2)"
"17965",8975,"USP13","MedConf","Yes",NA,"SMC3, NPLOC4, UFD1L","Protein processing in endoplasmic reticulum (2)"
"18046",84135,"UTP15","MedConf","Yes","Ribosome biogenesis in eukaryotes",NA,NA
"18090",7415,"VCP","HighConf","Yes","Protein processing in endoplasmic reticulum","PSMA2, PSMB2, UFD1L, NPLOC4, UBXN2B, ASPSCR1, HSPA8","Protein processing in endoplasmic reticulum (3), Proteasome (2), Longevity regulating pathway - multiple species (1), Estrogen signaling pathway (1), Spliceosome (1)"
"18103",7422,"VEGFA","MedConf","Yes","Relaxin signaling pathway, AGE-RAGE signaling pathway in diabetic complications, VEGF signaling pathway, HIF-1 signaling pathway",NA,NA
"18104",7423,"VEGFB","MedConf","Yes","Relaxin signaling pathway, AGE-RAGE signaling pathway in diabetic complications","PPBP, SERPINA1, ALDOA, NGFR","HIF-1 signaling pathway (1), Neurotrophin signaling pathway (1)"
"18279",11091,"WDR5","HighConf","Yes",NA,"PSMA4, KAT2A, RUVBL2","Proteasome (1)"
"18317",7465,"WEE1","MedConf","Yes",NA,"XPO1, PLK1","FoxO signaling pathway (1), Ribosome biogenesis in eukaryotes (1), RNA transport (1)"
"18369",7484,"WNT9B","MedConf","Yes","mTOR signaling pathway",NA,NA
"18400",6375,"XCL1","MedConf","Yes",NA,"NPFF, CCKBR, PROK2, TBXA2R, PIK3CA, LPAR3, CYSLTR1, CXCR4, ADRA1B","Longevity regulating pathway (2), cGMP-PKG signaling pathway (1), Cholinergic synapse (1), Aldosterone-regulated sodium reabsorption (1), Fc epsilon RI signaling pathway (1), Neurotrophin signaling pathway (1), HIF-1 signaling pathway (1), VEGF signaling pathway (1), Regulation of lipolysis in adipocytes (1), AGE-RAGE signaling pathway in diabetic complications (1), FoxO signaling pathway (1), Longevity regulating pathway - multiple species (1), mTOR signaling pathway (1), Estrogen signaling pathway (1), Relaxin signaling pathway (1), Insulin resistance (1), AMPK signaling pathway (1)"
"18422",7514,"XPO1","MedConf","Yes","RNA transport, Ribosome biogenesis in eukaryotes","FOXO4, CIITA, SPC24, NXF1, EIF5A, WEE1, NUP107, NUP62, FOXO3, SMC3, RAD21, PLK1","RNA transport (3), FoxO signaling pathway (3), Longevity regulating pathway (2), Ribosome biogenesis in eukaryotes (1), mRNA surveillance pathway (1), Neurotrophin signaling pathway (1), Longevity regulating pathway - multiple species (1), AMPK signaling pathway (1)"
"19192",91603,"ZNF830","MedConf","Yes",NA,"SF3B2","Spliceosome (1)"
