"","EntrezID","GeneSymbol","GeneMappingID","ConfidenceCategory","Group","Pathway","Allnet.count","Ntwrk.all","NtwrkCount.Toll-like receptor signaling pathway","Ntwrk.Toll-like receptor signaling pathway","NtwrkCount.Purine metabolism","Ntwrk.Purine metabolism","NtwrkCount.Pyrimidine metabolism","Ntwrk.Pyrimidine metabolism","Total_Path_Hits.net.count"
"1",216739,"Acsl6",220,"MedConf","Novel","PPAR signaling pathway, Adipocytokine signaling pathway",2,"Cpt1a, Pnpla2",0,NA,0,NA,0,NA,0
"2",11548,"Adra1b",137,"HighConf","Novel","cGMP-PKG signaling pathway, Vascular smooth muscle contraction, Adrenergic signaling in cardiomyocytes",9,"Cysltr1, Xcl1, Prok2, Npff, Lpar3, Tbxa2r, Pik3ca, Avpr1b, Cckbr",1,"Pik3ca",0,NA,0,NA,1
"3",11552,"Adra2b",133,"MedConf","Novel","cGMP-PKG signaling pathway",7,"Lpar3, Gal, Chrm4, C3, Cxcr4, Ppbp, Tas2r113",0,NA,0,NA,0,NA,0
"4",68870,"Ak8",225,"MedConf","Purine metabolism","Purine metabolism",3,"Nme4, Nme3, Nme6",0,NA,0,NA,3,"Nme6, Nme4, Nme3",3
"5",11674,"Aldoa",86,"HighConf","Novel","HIF-1 signaling pathway",5,"Vegfb, Ppbp, Serpina1d, G6pdx, Vegfa",0,NA,0,NA,0,NA,0
"6",236266,"Alms1",181,"MedConf","Novel",NA,4,"Cep250, Plk1, Pcnt, Prkaca",0,NA,0,NA,0,NA,0
"7",106952,"Arap3",215,"MedConf","Novel","Rap1 signaling pathway",2,"Arhgdig, Arhgef7",0,NA,0,NA,0,NA,0
"8",14570,"Arhgdig",136,"MedConf","Novel","Vasopressin-regulated water reabsorption, Neurotrophin signaling pathway",7,"Hmha1, Fam13b, Arap3, Stard8, Myo9b, Ngfr, Prkaca",0,NA,0,NA,0,NA,0
"9",54126,"Arhgef7",118,"MedConf","Novel",NA,5,"Hmha1, Fam13b, Arap3, Stard8, Myo9b",0,NA,0,NA,0,NA,0
"10",11863,"Arnt",23,"MedConf","Novel","HIF-1 signaling pathway",2,"Vegfa, Ep300",0,NA,0,NA,0,NA,0
"11",11910,"Atf3",190,"MedConf","Novel",NA,1,"Jund",0,NA,0,NA,0,NA,0
"12",338375,"Atp6v1g3",224,"MedConf","Novel","mTOR signaling pathway",1,"Ins1",0,NA,0,NA,0,NA,0
"13",26361,"Avpr1b",103,"MedConf","Novel","Vascular smooth muscle contraction",9,"Pik3ca, Cckbr, Lpar3, Adra1b, Cysltr1, Xcl1, Prok2, Npff, Tbxa2r",1,"Pik3ca",0,NA,0,NA,1
"14",68010,"Bambi",187,"MedConf","Novel",NA,1,"Dvl2",0,NA,0,NA,0,NA,0
"15",57261,"Brd4",78,"HighConf","Novel",NA,5,"Prkag1, Supt5, Ikbkg, Psmc5, Cdk9",1,"Ikbkg",0,NA,0,NA,1
"16",12266,"C3",123,"MedConf","Novel",NA,8,"Tas2r113, Chrm4, Ppbp, Adra2b, Lpar3, Gal, Itgb2l, Cxcr4",0,NA,0,NA,0,NA,0
"17",215303,"Camk1g",175,"MedConf","Novel","Oxytocin signaling pathway",1,"Nos3",0,NA,0,NA,0,NA,0
"18",12391,"Cav3",167,"MedConf","Novel","Focal adhesion",1,"Fyn",0,NA,0,NA,0,NA,0
"19",12426,"Cckbr",117,"MedConf","Novel",NA,9,"Lpar3, Adra1b, Cysltr1, Xcl1, Prok2, Npff, Avpr1b, Tbxa2r, Pik3ca",1,"Pik3ca",0,NA,0,NA,1
"20",21940,"Cd27",112,"MedConf","Novel","Cytokine-cytokine receptor interaction",1,"Cd70",0,NA,0,NA,0,NA,0
"21",21948,"Cd70",212,"MedConf","Novel","Cytokine-cytokine receptor interaction",1,"Cd27",0,NA,0,NA,0,NA,0
"22",12537,"Cdk11b",157,"MedConf","Novel",NA,5,"Fabp4, Ebf1, Cebpb, Ep300, Med15",0,NA,0,NA,0,NA,0
"23",107951,"Cdk9",41,"MedConf","Novel",NA,10,"Polr2k, Ikbkg, Psmc5, Brd4, Prkag1, Polr2f, Polr2b, Polr2d, Supt5, Polr2g",1,"Ikbkg",0,NA,4,"Polr2g, Polr2f, Polr2d, Polr2b",5
"24",12608,"Cebpb",122,"HighConf","Novel","TNF signaling pathway",8,"Mapk13, Cdk11b, Fabp4, Ebf1, Ciita, Ep300, Ube2c, Med15",1,"Mapk13",0,NA,0,NA,1
"25",16328,"Cep250",145,"HighConf","Novel",NA,4,"Alms1, Prkaca, Pcnt, Plk1",0,NA,0,NA,0,NA,0
"26",12672,"Chrm4",129,"MedConf","Novel","Cholinergic synapse",8,"Ppbp, Adra2b, Lpar3, Gal, Cxcr4, Tas2r113, Gnao1, C3",0,NA,0,NA,0,NA,0
"27",12265,"Ciita",218,"MedConf","Novel",NA,1,"Cebpb",0,NA,0,NA,0,NA,0
"28",140709,"Col26a1",227,"MedConf","Novel",NA,1,"Col2a1",0,NA,0,NA,0,NA,0
"29",12824,"Col2a1",152,"MedConf","Novel","PI3K-Akt signaling pathway, Focal adhesion, ECM-receptor interaction",5,"Col26a1, Itga7, Sdc4, Itga5, Itgav",0,NA,0,NA,0,NA,0
"30",432508,"Cpsf6",115,"MedConf","Novel","mRNA surveillance pathway",1,"Cpsf7",0,NA,0,NA,0,NA,0
"31",269061,"Cpsf7",116,"MedConf","Novel","mRNA surveillance pathway",28,"Magoh, Hnrnpa3, Pabpn1, Polr2b, Sf3b2, Snrpd2, Sf3b6, Snrpe, Sf3a3, Srsf3, Cpsf6, Polr2g, Snrpd1, Polr2d, Sf3b5, Rnps1, Sf3b3, Polr2k, Sf3a1, Snrpa1, Smc1a, Snrnp200, Phf5a, Snrpd3, Rbm8a, Sf3b1, Snrpb, Polr2f",0,NA,0,NA,4,"Polr2g, Polr2f, Polr2d, Polr2b",4
"32",12894,"Cpt1a",159,"MedConf","Novel","AMPK signaling pathway, PPAR signaling pathway, Insulin resistance, Adipocytokine signaling pathway, Glucagon signaling pathway",2,"Acsl6, Ep300",0,NA,0,NA,0,NA,0
"33",208677,"Creb3l3",163,"MedConf","Novel","AMPK signaling pathway, PI3K-Akt signaling pathway, Longevity regulating pathway, Insulin resistance, Estrogen signaling pathway, Relaxin signaling pathway, cGMP-PKG signaling pathway, TNF signaling pathway, Vasopressin-regulated water reabsorption, Glucagon signaling pathway, Cholinergic synapse, Adrenergic signaling in cardiomyocytes",2,"Prkaca, Ep300",0,NA,0,NA,0,NA,0
"34",78284,"Creb3l4",164,"MedConf","Novel","AMPK signaling pathway, PI3K-Akt signaling pathway, Longevity regulating pathway, Insulin resistance, Estrogen signaling pathway, Relaxin signaling pathway, cGMP-PKG signaling pathway, TNF signaling pathway, Vasopressin-regulated water reabsorption, Glucagon signaling pathway, Cholinergic synapse, Adrenergic signaling in cardiomyocytes",2,"Prkaca, Ep300",0,NA,0,NA,0,NA,0
"35",12767,"Cxcr4",88,"MedConf","Novel","Cytokine-cytokine receptor interaction",8,"C3, Tas2r113, Chrm4, Ppbp, Adra2b, Lpar3, Xcl1, Gal",0,NA,0,NA,0,NA,0
"36",13113,"Cyp3a13",222,"MedConf","Novel",NA,5,"Ugt1a9, Pla2g4f, Pla2g12b, Cyp4a12a, Pla2g1b",0,NA,0,NA,0,NA,0
"37",277753,"Cyp4a12a",141,"MedConf","Novel","PPAR signaling pathway, Vascular smooth muscle contraction",5,"Ugt1a9, Cyp3a13, Pla2g4f, Pla2g1b, Pla2g12b",0,NA,0,NA,0,NA,0
"38",58861,"Cysltr1",153,"MedConf","Novel",NA,9,"Xcl1, Prok2, Npff, Tbxa2r, Lpar3, Pik3ca, Avpr1b, Adra1b, Cckbr",1,"Pik3ca",0,NA,0,NA,1
"39",59036,"Dact1",186,"MedConf","Novel",NA,1,"Dvl2",0,NA,0,NA,0,NA,0
"40",53817,"Ddx39b",176,"HighConf","Novel","Spliceosome, RNA transport, mRNA surveillance pathway",1,"Dhx8",0,NA,0,NA,0,NA,0
"41",217207,"Dhx8",21,"MedConf","Novel","Spliceosome",4,"Ddx39b, Snrpa1, Isy1, Plrg1",0,NA,0,NA,0,NA,0
"42",81489,"Dnajb1",162,"MedConf","Novel",NA,2,"Ep300, Hspa8",0,NA,0,NA,0,NA,0
"43",13543,"Dvl2",39,"MedConf","Novel","mTOR signaling pathway",26,"Psma3, Psmd11, Psmc5, Psmd1, Psmd6, Psma7, Psmb2, Psmb3, Psma1, Psmb1, Psmd3, Psmc1, Psmb6, Psmc3, Psma6, Psmd14, Psma4, Psma2, Psmc4, Psmc6, Psmb4, Psmd2, Gnao1, Dact1, Bambi, Nkd2",0,NA,0,NA,0,NA,0
"44",13591,"Ebf1",165,"MedConf","Novel",NA,5,"Ep300, Cdk11b, Fabp4, Med15, Cebpb",0,NA,0,NA,0,NA,0
"45",66085,"Eif3f",45,"MedConf","Novel","RNA transport",2,"Eif4g2, Rps3a1",0,NA,0,NA,0,NA,0
"46",13690,"Eif4g2",192,"MedConf","Novel","RNA transport",1,"Eif3f",0,NA,0,NA,0,NA,0
"47",328572,"Ep300",0,"MedConf","Novel","FoxO signaling pathway, HIF-1 signaling pathway, Glucagon signaling pathway, Thyroid hormone signaling pathway",17,"Foxo3, Arnt, Rxrg, Prkaca, Hspa8, Vegfa, Kat2a, Med15, Cebpb, Cdk11b, Fabp4, Cpt1a, Spi1, Dnajb1, Creb3l3, Creb3l4, Ebf1",0,NA,0,NA,0,NA,0
"48",11770,"Fabp4",158,"MedConf","Novel","PPAR signaling pathway, Regulation of lipolysis in adipocytes",5,"Ebf1, Med15, Cebpb, Ep300, Cdk11b",0,NA,0,NA,0,NA,0
"49",225358,"Fam13b",214,"MedConf","Novel",NA,2,"Arhgdig, Arhgef7",0,NA,0,NA,0,NA,0
"50",14167,"Fgf12",195,"MedConf","Novel","PI3K-Akt signaling pathway, MAPK signaling pathway, Ras signaling pathway, Rap1 signaling pathway",1,"Ngfr",0,NA,0,NA,0,NA,0
"51",14235,"Foxm1",185,"MedConf","Novel",NA,1,"Plk1",0,NA,0,NA,0,NA,0
"52",56484,"Foxo3",16,"MedConf","Novel","AMPK signaling pathway, PI3K-Akt signaling pathway, Longevity regulating pathway, Longevity regulating pathway - multiple species, FoxO signaling pathway, Neurotrophin signaling pathway",4,"Foxo4, Prkag1, Mapk13, Ep300",1,"Mapk13",0,NA,0,NA,1
"53",54601,"Foxo4",101,"HighConf","Novel","FoxO signaling pathway, Ras signaling pathway",3,"Prkag1, Mapk13, Foxo3",1,"Mapk13",0,NA,0,NA,1
"54",14325,"Ftl1",191,"HighConf","Novel",NA,1,"Hspa8",0,NA,0,NA,0,NA,0
"55",14360,"Fyn",2,"MedConf","Novel","Osteoclast differentiation, Fc epsilon RI signaling pathway, Focal adhesion, Natural killer cell mediated cytotoxicity, Cholinergic synapse, Platelet activation",4,"Pdpk1, Pik3ca, Pik3cb, Cav3",2,"Pik3cb, Pik3ca",0,NA,0,NA,2
"56",14381,"G6pdx",205,"MedConf","Novel",NA,1,"Aldoa",0,NA,0,NA,0,NA,0
"57",14419,"Gal",206,"MedConf","Novel",NA,7,"Chrm4, Cxcr4, Ppbp, Lpar3, Tas2r113, Adra2b, C3",0,NA,0,NA,0,NA,0
"58",14680,"Gnal",211,"MedConf","Novel",NA,1,"Gnao1",0,NA,0,NA,0,NA,0
"59",14681,"Gnao1",111,"MedConf","Novel","Estrogen signaling pathway, Relaxin signaling pathway, Oxytocin signaling pathway, Cholinergic synapse, Rap1 signaling pathway",7,"Chrm4, Mapk13, Pla2g4f, Kcnj5, Gnal, Prkaca, Dvl2",1,"Mapk13",0,NA,0,NA,1
"60",70231,"Gorasp2",197,"MedConf","Novel",NA,2,"Psma3, Psma6",0,NA,0,NA,0,NA,0
"61",70719,"Hmha1",213,"MedConf","Novel",NA,2,"Arhgdig, Arhgef7",0,NA,0,NA,0,NA,0
"62",229279,"Hnrnpa3",156,"MedConf","Novel","Spliceosome",27,"Pabpn1, Magoh, Sf3b3, Rnps1, Snrpd3, Sf3a1, Sf3b2, Phf5a, Snrpb, Sf3a3, Snrpd1, Snrpd2, Polr2b, Sf3b1, Rbm8a, Sf3b6, Polr2d, Smc1a, Sf3b5, Polr2f, Snrpa1, Cpsf7, Srsf3, Snrpe, Polr2g, Snrnp200, Polr2k",0,NA,0,NA,4,"Polr2g, Polr2f, Polr2d, Polr2b",4
"63",54710,"Hs3st3b1",226,"MedConf","Novel",NA,1,"Sdc4",0,NA,0,NA,0,NA,0
"64",15481,"Hspa8",44,"HighConf","Novel","Spliceosome, Estrogen signaling pathway, Longevity regulating pathway - multiple species, MAPK signaling pathway",25,"Psma3, Psmd11, Psmc5, Psmd1, Psmd6, Psma7, Psmb2, Psmb3, Psma1, Psmb1, Psmd3, Psmc1, Psmb6, Psmc3, Psma6, Psmd14, Psma4, Psma2, Psmc4, Psmc6, Psmb4, Psmd2, Dnajb1, Ftl1, Ep300",0,NA,0,NA,0,NA,0
"65",69253,"Hspb2",221,"MedConf","Novel",NA,1,"Mapk13",1,"Mapk13",0,NA,0,NA,1
"66",15968,"Ifna5",150,"MedConf","Toll-like receptor signaling pathway","Toll-like receptor signaling pathway, PI3K-Akt signaling pathway, Cytokine-cytokine receptor interaction, Natural killer cell mediated cytotoxicity, Cytosolic DNA-sensing pathway",3,"Ifnab, Ifna6, Il10ra",2,"Ifnab, Ifna6",0,NA,0,NA,2
"67",15969,"Ifna6",149,"MedConf","Toll-like receptor signaling pathway","Toll-like receptor signaling pathway, PI3K-Akt signaling pathway, Cytokine-cytokine receptor interaction, Natural killer cell mediated cytotoxicity, Cytosolic DNA-sensing pathway",3,"Ifna5, Ifnab, Il10ra",2,"Ifnab, Ifna5",0,NA,0,NA,2
"68",15974,"Ifnab",200,"MedConf","Toll-like receptor signaling pathway","Toll-like receptor signaling pathway, PI3K-Akt signaling pathway, Cytokine-cytokine receptor interaction, Natural killer cell mediated cytotoxicity, Cytosolic DNA-sensing pathway",3,"Il10ra, Ifna5, Ifna6",2,"Ifna6, Ifna5",0,NA,0,NA,2
"69",16151,"Ikbkg",53,"HighConf","Toll-like receptor signaling pathway","Osteoclast differentiation, Toll-like receptor signaling pathway, PI3K-Akt signaling pathway, Adipocytokine signaling pathway, TNF signaling pathway, MAPK signaling pathway, Ras signaling pathway, Cytosolic DNA-sensing pathway",6,"Psmc5, Brd4, Prkag1, Pdpk1, Tab1, Cdk9",1,"Tab1",0,NA,0,NA,1
"70",16154,"Il10ra",82,"MedConf","Novel","Cytokine-cytokine receptor interaction",4,"Ifna6, Ifna5, Il13, Ifnab",3,"Ifnab, Ifna6, Ifna5",0,NA,0,NA,3
"71",16163,"Il13",199,"MedConf","Novel","Cytokine-cytokine receptor interaction, Fc epsilon RI signaling pathway",1,"Il10ra",0,NA,0,NA,0,NA,0
"72",16175,"Il1a",196,"MedConf","Novel","Osteoclast differentiation, Cytokine-cytokine receptor interaction, AGE-RAGE signaling pathway in diabetic complications, MAPK signaling pathway",2,"Irak2, Irak4",1,"Irak4",0,NA,0,NA,1
"73",102462,"Imp3",193,"MedConf","Novel","Ribosome biogenesis in eukaryotes",1,"Utp15",0,NA,0,NA,0,NA,0
"74",16333,"Ins1",135,"MedConf","Novel","AMPK signaling pathway, PI3K-Akt signaling pathway, Longevity regulating pathway, Insulin resistance, mTOR signaling pathway, Longevity regulating pathway - multiple species, FoxO signaling pathway, cGMP-PKG signaling pathway, Regulation of lipolysis in adipocytes, Progesterone-mediated oocyte maturation, Ras signaling pathway, HIF-1 signaling pathway, Aldosterone-regulated sodium reabsorption, Rap1 signaling pathway",2,"Atp6v1g3, Ngfr",0,NA,0,NA,0,NA,0
"75",70885,"Ints10",182,"MedConf","Novel",NA,2,"Polr2d, Polr2b",0,NA,0,NA,2,"Polr2d, Polr2b",2
"76",108960,"Irak2",52,"HighConf","Novel","Neurotrophin signaling pathway",4,"Irak4, Il1a, Ngfr, Tab1",2,"Tab1, Irak4",0,NA,0,NA,2
"77",266632,"Irak4",110,"HighConf","Toll-like receptor signaling pathway","Toll-like receptor signaling pathway, Neurotrophin signaling pathway",5,"Il1a, Tirap, Tab1, Irak2, Ngfr",2,"Tirap, Tab1",0,NA,0,NA,2
"78",57905,"Isy1",19,"HighConf","Novel","Spliceosome",3,"Dhx8, Plrg1, Snrpa1",0,NA,0,NA,0,NA,0
"79",16402,"Itga5",96,"MedConf","Novel","PI3K-Akt signaling pathway, Focal adhesion, ECM-receptor interaction",2,"Col2a1, Tnxb",0,NA,0,NA,0,NA,0
"80",16404,"Itga7",97,"MedConf","Novel","PI3K-Akt signaling pathway, Focal adhesion, ECM-receptor interaction",3,"Col2a1, Tnxb, Itgav",0,NA,0,NA,0,NA,0
"81",16410,"Itgav",95,"MedConf","Novel","PI3K-Akt signaling pathway, Focal adhesion, Thyroid hormone signaling pathway, ECM-receptor interaction",3,"Itga7, Col2a1, Tnxb",0,NA,0,NA,0,NA,0
"82",16415,"Itgb2l",209,"MedConf","Novel","Natural killer cell mediated cytotoxicity, Rap1 signaling pathway",3,"Pik3cb, Pik3ca, C3",2,"Pik3cb, Pik3ca",0,NA,0,NA,2
"83",16478,"Jund",42,"MedConf","Novel","Osteoclast differentiation, MAPK signaling pathway",2,"Mapk13, Atf3",1,"Mapk13",0,NA,0,NA,1
"84",14534,"Kat2a",84,"MedConf","Novel","Thyroid hormone signaling pathway",6,"Trrap, Wdr5, Taf6l, Taf5l, Ep300, Rxrg",0,NA,0,NA,0,NA,0
"85",16521,"Kcnj5",179,"MedConf","Novel","Estrogen signaling pathway, Oxytocin signaling pathway",2,"Gnao1, Prkaca",0,NA,0,NA,0,NA,0
"86",19348,"Kif20a",184,"MedConf","Novel",NA,1,"Plk1",0,NA,0,NA,0,NA,0
"87",71819,"Kif23",183,"MedConf","Novel",NA,1,"Plk1",0,NA,0,NA,0,NA,0
"88",16211,"Kpnb1",170,"MedConf","Novel","RNA transport",3,"Ran, Nup98, Rasl2-9",0,NA,0,NA,0,NA,0
"89",65086,"Lpar3",134,"MedConf","Novel","PI3K-Akt signaling pathway, Rap1 signaling pathway",16,"Adra1b, Cysltr1, Xcl1, Prok2, Gal, Npff, Cckbr, Ppbp, Chrm4, Cxcr4, Avpr1b, Adra2b, Tbxa2r, Tas2r113, Pik3ca, C3",1,"Pik3ca",0,NA,0,NA,1
"90",16975,"Lrp8",124,"HighConf","Novel",NA,1,"Sdc4",0,NA,0,NA,0,NA,0
"91",116748,"Lsm10",169,"HighConf","Novel",NA,3,"Snrpe, Snrpd3, Snrpb",0,NA,0,NA,0,NA,0
"92",66373,"Lsm5",17,"MedConf","Novel","Spliceosome",2,"Patl1, Snrpd3",0,NA,0,NA,0,NA,0
"93",17120,"Mad1l1",171,"MedConf","Novel","Progesterone-mediated oocyte maturation",10,"Rad21, Nup85, Smc1a, Seh1l, Xpo1, Plk1, Smc3, Spc24, Nup98, Nup107",0,NA,0,NA,0,NA,0
"94",17149,"Magoh",121,"MedConf","Novel","Spliceosome, RNA transport, mRNA surveillance pathway",36,"Hnrnpa3, Pabpn1, Rplp1, Snrpd1, Polr2g, Sf3b2, Sf3b6, Snrpa1, Rbm8a, Sf3b3, Sf3a3, Polr2d, Snrpd2, Nup85, Rpl26, Rnps1, Sf3b5, Nup98, Polr2b, Phf5a, Sf3a1, Cpsf7, Nxf1, Srsf3, Sf3b1, Rps3a1, Snrpb, Nup62, Smc1a, Snrpe, Polr2f, Nup107, Snrnp200, Snrpd3, Seh1l, Polr2k",0,NA,0,NA,4,"Polr2g, Polr2f, Polr2d, Polr2b",4
"95",26415,"Mapk13",130,"MedConf","Toll-like receptor signaling pathway","Osteoclast differentiation, Toll-like receptor signaling pathway, Relaxin signaling pathway, VEGF signaling pathway, FoxO signaling pathway, Fc epsilon RI signaling pathway, AGE-RAGE signaling pathway in diabetic complications, Progesterone-mediated oocyte maturation, TNF signaling pathway, MAPK signaling pathway, Neurotrophin signaling pathway, Platelet activation, Rap1 signaling pathway, Adrenergic signaling in cardiomyocytes",8,"Hspb2, Jund, Mef2c, Foxo4, Gnao1, Ptprr, Cebpb, Foxo3",0,NA,0,NA,0,NA,0
"96",77582,"Mboat7",223,"MedConf","Novel",NA,1,"Pla2g4f",0,NA,0,NA,0,NA,0
"97",94112,"Med15",93,"HighConf","Novel",NA,5,"Cebpb, Cdk11b, Fabp4, Ebf1, Ep300",0,NA,0,NA,0,NA,0
"98",17260,"Mef2c",126,"MedConf","Novel","cGMP-PKG signaling pathway, MAPK signaling pathway, Oxytocin signaling pathway",1,"Mapk13",1,"Mapk13",0,NA,0,NA,1
"99",140781,"Myh7",228,"MedConf","Novel","cGMP-PKG signaling pathway, Adrenergic signaling in cardiomyocytes",1,"Myl2",0,NA,0,NA,0,NA,0
"100",17906,"Myl2",160,"MedConf","Novel","Focal adhesion, Adrenergic signaling in cardiomyocytes",3,"Tpm1, Myh7, Tcap",0,NA,0,NA,0,NA,0
"101",17925,"Myo9b",217,"HighConf","Novel",NA,2,"Arhgdig, Arhgef7",0,NA,0,NA,0,NA,0
"102",18053,"Ngfr",51,"MedConf","Novel","PI3K-Akt signaling pathway, Cytokine-cytokine receptor interaction, Ras signaling pathway, Neurotrophin signaling pathway, Rap1 signaling pathway",9,"Irak2, Pik3ca, Pik3cb, Irak4, Vegfb, Ins1, Arhgdig, Fgf12, Vegfa",3,"Pik3cb, Pik3ca, Irak4",0,NA,0,NA,3
"103",72293,"Nkd2",188,"MedConf","Novel",NA,1,"Dvl2",0,NA,0,NA,0,NA,0
"104",79059,"Nme3",147,"MedConf","Pyrimidine metabolism","Pyrimidine metabolism, Purine metabolism",5,"Ak8, Polr2f, Polr2b, Polr2g, Polr2d",0,NA,1,"Ak8",4,"Polr2g, Polr2f, Polr2d, Polr2b",5
"105",56520,"Nme4",146,"MedConf","Pyrimidine metabolism","Pyrimidine metabolism, Purine metabolism",5,"Ak8, Polr2b, Polr2d, Polr2f, Polr2g",0,NA,1,"Ak8",4,"Polr2g, Polr2f, Polr2d, Polr2b",5
"106",54369,"Nme6",148,"MedConf","Pyrimidine metabolism","Pyrimidine metabolism, Purine metabolism",5,"Ak8, Polr2g, Polr2d, Polr2b, Polr2f",0,NA,1,"Ak8",4,"Polr2g, Polr2f, Polr2d, Polr2b",5
"107",18125,"Nos1",173,"MedConf","Novel","Relaxin signaling pathway",1,"Nos3",0,NA,0,NA,0,NA,0
"108",18127,"Nos3",15,"MedConf","Novel","PI3K-Akt signaling pathway, Insulin resistance, Estrogen signaling pathway, Relaxin signaling pathway, VEGF signaling pathway, cGMP-PKG signaling pathway, AGE-RAGE signaling pathway in diabetic complications, HIF-1 signaling pathway, Oxytocin signaling pathway, Platelet activation",3,"Nos1, Nostrin, Camk1g",0,NA,0,NA,0,NA,0
"109",329416,"Nostrin",174,"MedConf","Novel",NA,1,"Nos3",0,NA,0,NA,0,NA,0
"110",54615,"Npff",207,"MedConf","Novel",NA,9,"Tbxa2r, Cckbr, Pik3ca, Adra1b, Cysltr1, Prok2, Xcl1, Avpr1b, Lpar3",1,"Pik3ca",0,NA,0,NA,1
"111",26423,"Nr5a1",105,"MedConf","Novel",NA,2,"Ppard, Rxrg",0,NA,0,NA,0,NA,0
"112",103468,"Nup107",99,"MedConf","Novel","RNA transport",20,"Rnps1, Nup85, Rbm8a, Nxf1, Magoh, Mad1l1, Plk1, Snrpd3, Xpo1, Snrpe, Snrpd1, Smc1a, Snrpb, Smc3, Snrpd2, Rad21, Nup62, Nup98, Spc24, Seh1l",0,NA,0,NA,0,NA,0
"113",18226,"Nup62",79,"HighConf","Novel","RNA transport",13,"Snrpb, Seh1l, Nup107, Rnps1, Nup85, Rbm8a, Nxf1, Magoh, Snrpd2, Snrpd1, Nup98, Snrpe, Snrpd3",0,NA,0,NA,0,NA,0
"114",445007,"Nup85",104,"MedConf","Novel","RNA transport",20,"Rbm8a, Nxf1, Magoh, Mad1l1, Snrpe, Snrpb, Nup107, Rad21, Smc1a, Nup62, Seh1l, Xpo1, Snrpd1, Spc24, Plk1, Snrpd2, Snrpd3, Rnps1, Nup98, Smc3",0,NA,0,NA,0,NA,0
"115",269966,"Nup98",13,"MedConf","Novel","RNA transport",22,"Snrpe, Smc3, Xpo1, Plk1, Nup62, Smc1a, Spc24, Snrpb, Rad21, Seh1l, Nup107, Rnps1, Nup85, Rbm8a, Nxf1, Magoh, Kpnb1, Mad1l1, Nxf7, Snrpd2, Snrpd1, Snrpd3",0,NA,0,NA,0,NA,0
"116",53319,"Nxf1",119,"HighConf","Novel","RNA transport, Ribosome biogenesis in eukaryotes, mRNA surveillance pathway",9,"Magoh, Seh1l, Srsf3, Nup62, Nup98, Nup85, Rbm8a, Nup107, Rnps1",0,NA,0,NA,0,NA,0
"117",170722,"Nxf7",172,"MedConf","Novel","RNA transport, Ribosome biogenesis in eukaryotes, mRNA surveillance pathway",1,"Nup98",0,NA,0,NA,0,NA,0
"118",54196,"Pabpn1",166,"MedConf","Novel","mRNA surveillance pathway",27,"Rnps1, Polr2f, Polr2b, Sf3b1, Phf5a, Snrpd3, Hnrnpa3, Sf3a1, Polr2d, Snrpd1, Sf3b2, Snrpd2, Snrpe, Polr2g, Snrnp200, Cpsf7, Sf3b6, Sf3b5, Snrpa1, Polr2k, Snrpb, Srsf3, Smc1a, Rbm8a, Sf3b3, Sf3a3, Magoh",0,NA,0,NA,4,"Polr2g, Polr2f, Polr2d, Polr2b",4
"119",225929,"Patl1",30,"MedConf","Novel",NA,2,"Polr2g, Lsm5",0,NA,0,NA,1,"Polr2g",1
"120",18541,"Pcnt",144,"MedConf","Novel",NA,4,"Cep250, Alms1, Prkaca, Plk1",0,NA,0,NA,0,NA,0
"121",18607,"Pdpk1",11,"MedConf","Novel","AMPK signaling pathway, PPAR signaling pathway, PI3K-Akt signaling pathway, Insulin resistance, mTOR signaling pathway, FoxO signaling pathway, Fc epsilon RI signaling pathway, Focal adhesion, Neurotrophin signaling pathway, Aldosterone-regulated sodium reabsorption, Thyroid hormone signaling pathway",5,"Tab1, Ikbkg, Pik3ca, Pik3cb, Fyn",4,"Tab1, Pik3cb, Pik3ca, Ikbkg",0,NA,0,NA,4
"122",18639,"Pfkfb1",180,"MedConf","Novel","AMPK signaling pathway, Glucagon signaling pathway",2,"Prkaca, Prkag1",0,NA,0,NA,0,NA,0
"123",68479,"Phf5a",76,"HighConf","Novel","Spliceosome",27,"Smc1a, Snrpb, Rnps1, Srsf3, Rbm8a, Cpsf7, Magoh, Hnrnpa3, Pabpn1, Sf3b1, Polr2f, Polr2k, Polr2b, Sf3b5, Snrpd3, Snrpa1, Snrnp200, Sf3b2, Snrpd2, Polr2d, Sf3b6, Snrpe, Sf3b3, Sf3a3, Snrpd1, Polr2g, Sf3a1",0,NA,0,NA,4,"Polr2g, Polr2f, Polr2d, Polr2b",4
"124",18706,"Pik3ca",106,"MedConf","Toll-like receptor signaling pathway","Osteoclast differentiation, AMPK signaling pathway, Toll-like receptor signaling pathway, PI3K-Akt signaling pathway, Longevity regulating pathway, Insulin resistance, Estrogen signaling pathway, Relaxin signaling pathway, mTOR signaling pathway, VEGF signaling pathway, Longevity regulating pathway - multiple species, FoxO signaling pathway, Fc epsilon RI signaling pathway, AGE-RAGE signaling pathway in diabetic complications, Focal adhesion, Regulation of lipolysis in adipocytes, Progesterone-mediated oocyte maturation, TNF signaling pathway, Ras signaling pathway, Neurotrophin signaling pathway, HIF-1 signaling pathway, Natural killer cell mediated cytotoxicity, Aldosterone-regulated sodium reabsorption, Cholinergic synapse, Thyroid hormone signaling pathway, Platelet activation, Rap1 signaling pathway",15,"Pik3cb, Cckbr, Lpar3, Adra1b, Cysltr1, Xcl1, Prok2, Npff, Itgb2l, Prex1, Fyn, Avpr1b, Pdpk1, Tbxa2r, Ngfr",1,"Pik3cb",0,NA,0,NA,1
"125",74769,"Pik3cb",107,"MedConf","Toll-like receptor signaling pathway","Osteoclast differentiation, AMPK signaling pathway, Toll-like receptor signaling pathway, PI3K-Akt signaling pathway, Longevity regulating pathway, Insulin resistance, Estrogen signaling pathway, Relaxin signaling pathway, mTOR signaling pathway, VEGF signaling pathway, Longevity regulating pathway - multiple species, FoxO signaling pathway, Fc epsilon RI signaling pathway, AGE-RAGE signaling pathway in diabetic complications, Focal adhesion, Regulation of lipolysis in adipocytes, Progesterone-mediated oocyte maturation, TNF signaling pathway, Ras signaling pathway, Neurotrophin signaling pathway, HIF-1 signaling pathway, Natural killer cell mediated cytotoxicity, Aldosterone-regulated sodium reabsorption, Cholinergic synapse, Thyroid hormone signaling pathway, Platelet activation, Rap1 signaling pathway",6,"Itgb2l, Prex1, Fyn, Pdpk1, Pik3ca, Ngfr",1,"Pik3ca",0,NA,0,NA,1
"126",69836,"Pla2g12b",139,"MedConf","Novel","Vascular smooth muscle contraction, Ras signaling pathway, alpha-Linolenic acid metabolism",3,"Cyp4a12a, Cyp3a13, Ptdss1",0,NA,0,NA,0,NA,0
"127",18778,"Pla2g1b",140,"MedConf","Novel","Vascular smooth muscle contraction, Ras signaling pathway, alpha-Linolenic acid metabolism",3,"Cyp4a12a, Cyp3a13, Ptdss1",0,NA,0,NA,0,NA,0
"128",271844,"Pla2g4f",131,"HighConf","Novel","VEGF signaling pathway, Fc epsilon RI signaling pathway, MAPK signaling pathway, Vascular smooth muscle contraction, Ras signaling pathway, Oxytocin signaling pathway, Platelet activation, alpha-Linolenic acid metabolism",5,"Ptdss1, Cyp4a12a, Cyp3a13, Mboat7, Gnao1",0,NA,0,NA,0,NA,0
"129",18817,"Plk1",37,"MedConf","Novel","FoxO signaling pathway, Progesterone-mediated oocyte maturation",41,"Psma3, Psmd11, Psmc5, Psmd1, Psmd6, Psma7, Psmb2, Psmb3, Psma1, Psmb1, Psmd3, Psmc1, Psmb6, Psmc3, Psma6, Psmd14, Psma4, Psma2, Psmc4, Psmc6, Psmb4, Smc1a, Psmd2, Ube2c, Spc24, Rad21, Seh1l, Nup107, Nup85, Pcnt, Cep250, Mad1l1, Wee1, Alms1, Kif23, Kif20a, Foxm1, Prkaca, Smc3, Nup98, Xpo1",0,NA,0,NA,0,NA,0
"130",53317,"Plrg1",18,"MedConf","Novel","Spliceosome",9,"Isy1, Dhx8, Sf3b3, Sf3a1, Sf3b1, Snrpa1, Snrpd2, Sf3a3, Sf3b2",0,NA,0,NA,0,NA,0
"131",66853,"Pnpla2",127,"MedConf","Novel","Regulation of lipolysis in adipocytes",1,"Acsl6",0,NA,0,NA,0,NA,0
"132",231329,"Polr2b",34,"HighConf","Pyrimidine metabolism","Pyrimidine metabolism, RNA polymerase, Purine metabolism",33,"Polr2g, Polr2d, Cdk9, Polr2k, Phf5a, Smc1a, Snrpb, Rnps1, Srsf3, Rbm8a, Cpsf7, Magoh, Nme4, Nme3, Nme6, Hnrnpa3, Pabpn1, Ints10, Sf3a1, Sf3b5, Supt5, Snrpd1, Polr2f, Sf3b6, Snrpa1, Snrpd3, Snrpd2, Snrpe, Sf3b3, Sf3b2, Snrnp200, Sf3a3, Sf3b1",0,NA,0,NA,6,"Polr2g, Polr2f, Polr2d, Nme6, Nme4, Nme3",6
"133",69241,"Polr2d",36,"HighConf","Pyrimidine metabolism","Pyrimidine metabolism, RNA polymerase, Purine metabolism",33,"Cdk9, Polr2k, Phf5a, Smc1a, Snrpb, Rnps1, Srsf3, Rbm8a, Cpsf7, Magoh, Nme4, Nme3, Nme6, Hnrnpa3, Pabpn1, Ints10, Snrpa1, Sf3b6, Snrpd2, Polr2f, Polr2b, Snrpd1, Snrpe, Sf3b1, Sf3a1, Sf3a3, Sf3b5, Snrnp200, Sf3b2, Snrpd3, Polr2g, Sf3b3, Supt5",0,NA,0,NA,6,"Polr2g, Polr2f, Polr2b, Nme6, Nme4, Nme3",6
"134",69833,"Polr2f",1,"HighConf","Pyrimidine metabolism","Pyrimidine metabolism, RNA polymerase, Purine metabolism, Cytosolic DNA-sensing pathway",32,"Snrpd2, Snrpd3, Snrpd1, Sf3b1, Sf3a3, Sf3a1, Snrpa1, Sf3b2, Snrpe, Sf3b3, Supt5, Snrnp200, Sf3b6, Sf3b5, Polr2b, Polr2g, Polr2d, Cdk9, Polr2k, Phf5a, Smc1a, Snrpb, Rnps1, Srsf3, Rbm8a, Cpsf7, Magoh, Nme4, Nme3, Nme6, Hnrnpa3, Pabpn1",0,NA,0,NA,6,"Polr2g, Polr2d, Polr2b, Nme6, Nme4, Nme3",6
"135",67710,"Polr2g",35,"MedConf","Pyrimidine metabolism","Pyrimidine metabolism, RNA polymerase, Purine metabolism",33,"Polr2d, Cdk9, Polr2k, Phf5a, Smc1a, Snrpb, Rnps1, Srsf3, Rbm8a, Cpsf7, Magoh, Nme4, Nme3, Nme6, Hnrnpa3, Pabpn1, Sf3b6, Sf3b5, Snrnp200, Snrpa1, Snrpe, Polr2b, Sf3a1, Polr2f, Patl1, Sf3b3, Snrpd3, Sf3a3, Snrpd2, Sf3b1, Supt5, Sf3b2, Snrpd1",0,NA,0,NA,6,"Polr2f, Polr2d, Polr2b, Nme6, Nme4, Nme3",6
"136",17749,"Polr2k",47,"MedConf","Novel",NA,29,"Phf5a, Smc1a, Snrpb, Rnps1, Srsf3, Rbm8a, Cpsf7, Magoh, Hnrnpa3, Pabpn1, Cdk9, Snrpa1, Sf3b1, Polr2f, Snrpd1, Sf3b5, Snrpe, Snrpd2, Sf3a3, Snrnp200, Snrpd3, Polr2b, Sf3b6, Sf3b3, Sf3b2, Polr2d, Polr2g, Supt5, Sf3a1",0,NA,0,NA,4,"Polr2g, Polr2f, Polr2d, Polr2b",4
"137",66537,"Pomp",60,"HighConf","Novel","Proteasome",9,"Psmb2, Psmb3, Psma1, Psmb1, Psmb6, Psma6, Psma4, Psmb4, Psma3",0,NA,0,NA,0,NA,0
"138",19015,"Ppard",177,"MedConf","Novel","PPAR signaling pathway",2,"Nr5a1, Rxrg",0,NA,0,NA,0,NA,0
"139",57349,"Ppbp",132,"MedConf","Novel","Cytokine-cytokine receptor interaction",11,"Adra2b, Lpar3, Serpina1d, Gal, Chrm4, Vegfb, Aldoa, Cxcr4, Tas2r113, Vegfa, C3",0,NA,0,NA,0,NA,0
"140",277360,"Prex1",210,"MedConf","Novel",NA,2,"Pik3ca, Pik3cb",2,"Pik3cb, Pik3ca",0,NA,0,NA,2
"141",18747,"Prkaca",28,"MedConf","Novel","Longevity regulating pathway, Estrogen signaling pathway, Relaxin signaling pathway, Longevity regulating pathway - multiple species, Regulation of lipolysis in adipocytes, Progesterone-mediated oocyte maturation, Vasopressin-regulated water reabsorption, MAPK signaling pathway, Vascular smooth muscle contraction, Ras signaling pathway, Glucagon signaling pathway, Oxytocin signaling pathway, Cholinergic synapse, Thyroid hormone signaling pathway, Platelet activation, Adrenergic signaling in cardiomyocytes",12,"Plk1, Gnao1, Prkag1, Arhgdig, Pcnt, Cep250, Creb3l3, Creb3l4, Kcnj5, Pfkfb1, Alms1, Ep300",0,NA,0,NA,0,NA,0
"142",19082,"Prkag1",113,"MedConf","Novel","AMPK signaling pathway, Longevity regulating pathway, Insulin resistance, Longevity regulating pathway - multiple species, FoxO signaling pathway, Adipocytokine signaling pathway, Glucagon signaling pathway, Oxytocin signaling pathway",9,"Pfkfb1, Foxo4, Brd4, Ikbkg, Prkaca, Cdk9, Psmc5, Strada, Foxo3",1,"Ikbkg",0,NA,0,NA,1
"143",50501,"Prok2",155,"MedConf","Novel",NA,9,"Npff, Cysltr1, Lpar3, Pik3ca, Avpr1b, Tbxa2r, Xcl1, Adra1b, Cckbr",1,"Pik3ca",0,NA,0,NA,1
"144",26440,"Psma1",63,"MedConf","Novel","Proteasome",28,"Psmb1, Psmd3, Psmc1, Psmb6, Psmc3, Psma6, Psmd14, Psma4, Psma2, Psmc4, Psmc6, Psmb4, Psmd2, Ube2c, Sec61a1, Sec61a2, Psma3, Plk1, Psmb2, Psma7, Psmd1, Dvl2, Psmc5, Pomp, Psmd11, Hspa8, Psmb3, Psmd6",0,NA,0,NA,0,NA,0
"145",19166,"Psma2",72,"HighConf","Novel","Proteasome",27,"Psmc4, Psmc6, Psmb4, Psmd2, Ube2c, Sec61a1, Sec61a2, Hspa8, Psmb6, Psma7, Psmd6, Psmc1, Psma4, Psmb2, Psmd11, Psmd14, Psmb3, Psma1, Psma3, Psmd1, Psmc3, Dvl2, Plk1, Psmc5, Psma6, Psmb1, Psmd3",0,NA,0,NA,0,NA,0
"146",19167,"Psma3",54,"HighConf","Novel","Proteasome",29,"Psmd11, Psmc5, Psmd1, Psmd6, Psma7, Pomp, Psmb2, Psmb3, Psma1, Psmb1, Psmd3, Psmc1, Psmb6, Psmc3, Psma6, Psmd14, Psma4, Psma2, Psmc4, Psmc6, Psmb4, Psmd2, Ube2c, Sec61a1, Gorasp2, Sec61a2, Plk1, Hspa8, Dvl2",0,NA,0,NA,0,NA,0
"147",26441,"Psma4",71,"MedConf","Novel","Proteasome",28,"Psma2, Psmc4, Psmc6, Psmb4, Psmd2, Ube2c, Sec61a1, Sec61a2, Psmd14, Psmc3, Psmd6, Psmc1, Psmb2, Psmd1, Psmb3, Psma7, Hspa8, Psmb1, Psmb6, Psma3, Psmd11, Psmc5, Plk1, Dvl2, Psmd3, Psma6, Psma1, Pomp",0,NA,0,NA,0,NA,0
"148",26443,"Psma6",69,"HighConf","Novel","Proteasome",29,"Psmd14, Psma4, Psma2, Psmc4, Psmc6, Psmb4, Psmd2, Ube2c, Sec61a1, Gorasp2, Sec61a2, Psmd1, Psmc3, Psmb6, Psmb2, Psmd6, Plk1, Psma7, Psmd3, Psma3, Psmd11, Psmb3, Hspa8, Psmc5, Pomp, Psmc1, Dvl2, Psmb1, Psma1",0,NA,0,NA,0,NA,0
"149",26444,"Psma7",59,"MedConf","Novel","Proteasome",27,"Psmb2, Psmb3, Psma1, Psmb1, Psmd3, Psmc1, Psmb6, Psmc3, Psma6, Psmd14, Psma4, Psma2, Psmc4, Psmc6, Psmb4, Psmd2, Ube2c, Sec61a1, Sec61a2, Psmd1, Plk1, Dvl2, Hspa8, Psmd6, Psmd11, Psma3, Psmc5",0,NA,0,NA,0,NA,0
"150",19170,"Psmb1",64,"HighConf","Novel","Proteasome",28,"Psmd3, Psmc1, Psmb6, Psmc3, Psma6, Psmd14, Psma4, Psma2, Psmc4, Psmc6, Psmb4, Psmd2, Ube2c, Sec61a1, Sec61a2, Psma3, Plk1, Psmd11, Psma1, Psmb2, Psmd1, Dvl2, Psma7, Hspa8, Pomp, Psmb3, Psmc5, Psmd6",0,NA,0,NA,0,NA,0
"151",26445,"Psmb2",61,"HighConf","Novel","Proteasome",28,"Psmb3, Psma1, Psmb1, Psmd3, Psmc1, Psmb6, Psmc3, Psma6, Psmd14, Psma4, Psma2, Psmc4, Psmc6, Psmb4, Psmd2, Ube2c, Sec61a1, Sec61a2, Dvl2, Plk1, Psmd6, Psma7, Psmc5, Hspa8, Psmd1, Psma3, Psmd11, Pomp",0,NA,0,NA,0,NA,0
"152",26446,"Psmb3",62,"HighConf","Novel","Proteasome",28,"Psma1, Psmb1, Psmd3, Psmc1, Psmb6, Psmc3, Psma6, Psmd14, Psma4, Psma2, Psmc4, Psmc6, Psmb4, Psmd2, Ube2c, Sec61a1, Sec61a2, Psmb2, Plk1, Psma3, Psmd6, Dvl2, Pomp, Psmd1, Hspa8, Psmd11, Psma7, Psmc5",0,NA,0,NA,0,NA,0
"153",19172,"Psmb4",80,"MedConf","Novel","Proteasome",28,"Psmd2, Ube2c, Sec61a1, Sec61a2, Psmb2, Psmd11, Psmd3, Psmd14, Psmb6, Psmb3, Pomp, Plk1, Psma2, Psmc1, Psma3, Hspa8, Psmc4, Psma4, Psmb1, Psmd1, Psmc5, Psmd6, Dvl2, Psma6, Psmc6, Psmc3, Psma1, Psma7",0,NA,0,NA,0,NA,0
"154",19175,"Psmb6",67,"MedConf","Novel","Proteasome",28,"Psmc3, Psma6, Psmd14, Psma4, Psma2, Psmc4, Psmc6, Psmb4, Psmd2, Ube2c, Sec61a1, Sec61a2, Psmd1, Psma7, Plk1, Psmc5, Psma3, Hspa8, Psmd11, Psmd3, Dvl2, Psmb3, Psmd6, Pomp, Psmc1, Psmb2, Psmb1, Psma1",0,NA,0,NA,0,NA,0
"155",19179,"Psmc1",66,"HighConf","Novel","Proteasome",27,"Psmb6, Psmc3, Psma6, Psmd14, Psma4, Psma2, Psmc4, Psmc6, Psmb4, Psmd2, Ube2c, Sec61a1, Sec61a2, Psma3, Plk1, Psmd3, Psmb1, Psmd11, Psma7, Psmb2, Psmc5, Psmb3, Psmd1, Hspa8, Psmd6, Dvl2, Psma1",0,NA,0,NA,0,NA,0
"156",19182,"Psmc3",68,"HighConf","Novel","Proteasome",27,"Psma6, Psmd14, Psma4, Psma2, Psmc4, Psmc6, Psmb4, Psmd2, Ube2c, Sec61a1, Sec61a2, Psmb6, Plk1, Psma7, Psmd1, Psmb2, Psmb3, Psmc1, Psmd6, Psma3, Hspa8, Psmd3, Psmc5, Psma1, Dvl2, Psmb1, Psmd11",0,NA,0,NA,0,NA,0
"157",23996,"Psmc4",73,"HighConf","Novel","Proteasome",27,"Psmc6, Psmb4, Psmd2, Ube2c, Sec61a1, Sec61a2, Psmb2, Psmd11, Dvl2, Psmb1, Psmd3, Psma2, Psma4, Psma7, Psmd14, Psmd6, Psmc5, Psmc3, Psmb6, Hspa8, Psmc1, Psma1, Psma6, Psmd1, Plk1, Psmb3, Psma3",0,NA,0,NA,0,NA,0
"158",19184,"Psmc5",56,"HighConf","Novel","Proteasome",31,"Psmd1, Psmd6, Psma7, Psmb2, Psmb3, Psma1, Psmb1, Psmd3, Psmc1, Psmb6, Psmc3, Psma6, Psmd14, Psma4, Psma2, Psmc4, Psmc6, Brd4, Psmb4, Psmd2, Ube2c, Prkag1, Sec61a1, Sec61a2, Psma3, Plk1, Psmd11, Cdk9, Hspa8, Ikbkg, Dvl2",1,"Ikbkg",0,NA,0,NA,1
"159",67089,"Psmc6",74,"HighConf","Novel","Proteasome",27,"Psmb4, Psmd2, Ube2c, Sec61a1, Sec61a2, Psmb2, Dvl2, Psmb1, Psmd14, Hspa8, Psmd11, Psmb3, Psmd6, Psmb6, Psmd3, Psma1, Psmc1, Psma2, Psma7, Psma3, Psmd1, Psmc4, Psma6, Plk1, Psma4, Psmc5, Psmc3",0,NA,0,NA,0,NA,0
"160",70247,"Psmd1",57,"HighConf","Novel","Proteasome",27,"Psmd6, Psma7, Psmb2, Psmb3, Psma1, Psmb1, Psmd3, Psmc1, Psmb6, Psmc3, Psma6, Psmd14, Psma4, Psma2, Psmc4, Psmc6, Psmb4, Psmd2, Ube2c, Sec61a1, Sec61a2, Psma3, Psmd11, Plk1, Psmc5, Hspa8, Dvl2",0,NA,0,NA,0,NA,0
"161",69077,"Psmd11",55,"MedConf","Novel","Proteasome",27,"Psmc5, Psmd1, Psmd6, Psma7, Psmb2, Psmb3, Psma1, Psmb1, Psmd3, Psmc1, Psmb6, Psmc3, Psma6, Psmd14, Psma4, Psma2, Psmc4, Psmc6, Psmb4, Psmd2, Ube2c, Sec61a1, Sec61a2, Dvl2, Plk1, Hspa8, Psma3",0,NA,0,NA,0,NA,0
"162",59029,"Psmd14",70,"MedConf","Novel","Proteasome",27,"Psma4, Psma2, Psmc4, Psmc6, Psmb4, Psmd2, Ube2c, Sec61a1, Sec61a2, Plk1, Psmb6, Psma6, Psmc1, Dvl2, Psma1, Psmd6, Psmc3, Psma7, Psmc5, Psmd1, Psma3, Psmd11, Hspa8, Psmb1, Psmd3, Psmb3, Psmb2",0,NA,0,NA,0,NA,0
"163",21762,"Psmd2",83,"HighConf","Novel","Proteasome",28,"Ube2c, Sec61a1, Sec61a2, Plk1, Psmd14, Psmd11, Psmb3, Psma4, Psmd3, Psma2, Hspa8, Psmc5, Ublcp1, Psmc6, Psmc4, Psmb6, Psmb1, Psma7, Psmd6, Psma1, Psma3, Psmb4, Dvl2, Psmc3, Psmd1, Psma6, Psmc1, Psmb2",0,NA,0,NA,0,NA,0
"164",22123,"Psmd3",65,"MedConf","Novel","Proteasome",27,"Psmc1, Psmb6, Psmc3, Psma6, Psmd14, Psma4, Psma2, Psmc4, Psmc6, Psmb4, Psmd2, Ube2c, Sec61a1, Sec61a2, Psma7, Hspa8, Psmb1, Psmd1, Plk1, Psma3, Psmd6, Psmb3, Psmc5, Psmd11, Psma1, Dvl2, Psmb2",0,NA,0,NA,0,NA,0
"165",66413,"Psmd6",58,"HighConf","Novel","Proteasome",27,"Psma7, Psmb2, Psmb3, Psma1, Psmb1, Psmd3, Psmc1, Psmb6, Psmc3, Psma6, Psmd14, Psma4, Psma2, Psmc4, Psmc6, Psmb4, Psmd2, Ube2c, Sec61a1, Sec61a2, Dvl2, Psmc5, Plk1, Hspa8, Psma3, Psmd11, Psmd1",0,NA,0,NA,0,NA,0
"166",19210,"Ptdss1",138,"MedConf","Novel",NA,3,"Pla2g12b, Pla2g1b, Pla2g4f",0,NA,0,NA,0,NA,0
"167",19279,"Ptprr",102,"MedConf","Novel","MAPK signaling pathway",1,"Mapk13",1,"Mapk13",0,NA,0,NA,1
"168",19357,"Rad21",92,"MedConf","Novel",NA,10,"Seh1l, Nup107, Nup85, Mad1l1, Spc24, Smc3, Plk1, Xpo1, Smc1a, Nup98",0,NA,0,NA,0,NA,0
"169",19384,"Ran",14,"HighConf","Novel","RNA transport, Ribosome biogenesis in eukaryotes",2,"Xpo1, Kpnb1",0,NA,0,NA,0,NA,0
"170",19428,"Rasl2-9",12,"MedConf","Novel","RNA transport, Ribosome biogenesis in eukaryotes",2,"Xpo1, Kpnb1",0,NA,0,NA,0,NA,0
"171",60365,"Rbm8a",109,"HighConf","Novel","Spliceosome, RNA transport, mRNA surveillance pathway",36,"Cpsf7, Nxf1, Magoh, Hnrnpa3, Pabpn1, Rplp1, Polr2f, Snrpa1, Sf3b1, Rpl26, Snrpe, Snrpd2, Nup107, Snrpd3, Sf3b3, Nup85, Phf5a, Seh1l, Polr2d, Polr2b, Sf3a1, Smc1a, Polr2g, Srsf3, Sf3a3, Sf3b6, Nup62, Snrnp200, Snrpd1, Snrpb, Sf3b5, Polr2k, Rps3a1, Sf3b2, Nup98, Rnps1",0,NA,0,NA,4,"Polr2g, Polr2f, Polr2d, Polr2b",4
"172",19826,"Rnps1",100,"HighConf","Novel","RNA transport, mRNA surveillance pathway",36,"Nup85, Srsf3, Rbm8a, Cpsf7, Nxf1, Magoh, Hnrnpa3, Pabpn1, Rplp1, Snrpe, Snrpd1, Snrpd2, Snrpb, Sf3a3, Polr2b, Polr2k, Phf5a, Rpl26, Snrpa1, Nup107, Sf3b5, Sf3b2, Seh1l, Polr2f, Sf3b3, Nup62, Sf3b1, Sf3a1, Smc1a, Sf3b6, Snrpd3, Polr2g, Snrnp200, Nup98, Rps3a1, Polr2d",0,NA,0,NA,4,"Polr2g, Polr2f, Polr2d, Polr2b",4
"173",19941,"Rpl26",43,"MedConf","Novel",NA,8,"Srp68, Rpn2, Rnps1, Rbm8a, Magoh, Sec11a, Rplp1, Rps3a1",0,NA,0,NA,0,NA,0
"174",56040,"Rplp1",189,"MedConf","Novel",NA,8,"Rbm8a, Srp68, Magoh, Rps3a1, Rnps1, Sec11a, Rpl26, Rpn2",0,NA,0,NA,0,NA,0
"175",20014,"Rpn2",91,"MedConf","Novel",NA,5,"Sec11a, Rplp1, Rps3a1, Srp68, Rpl26",0,NA,0,NA,0,NA,0
"176",20091,"Rps3a1",40,"MedConf","Novel",NA,9,"Rpl26, Eif3f, Srp68, Rpn2, Rnps1, Rbm8a, Magoh, Sec11a, Rplp1",0,NA,0,NA,0,NA,0
"177",20183,"Rxrg",25,"MedConf","Novel","PPAR signaling pathway, Adipocytokine signaling pathway, Thyroid hormone signaling pathway",4,"Kat2a, Nr5a1, Ppard, Ep300",0,NA,0,NA,0,NA,0
"178",20971,"Sdc4",151,"MedConf","Novel","ECM-receptor interaction",4,"Col2a1, Tnxb, Hs3st3b1, Lrp8",0,NA,0,NA,0,NA,0
"179",56529,"Sec11a",143,"MedConf","Novel","Protein export",5,"Rplp1, Srp68, Rpl26, Rpn2, Rps3a1",0,NA,0,NA,0,NA,0
"180",53421,"Sec61a1",120,"HighConf","Novel","Protein export",23,"Sec61a2, Psmc5, Psmd11, Psmd14, Psmb1, Psmd1, Psma2, Psmb3, Psmc3, Psmd2, Psmc1, Psmd6, Psmb4, Psma6, Psma7, Psma4, Psmb2, Psmd3, Psmb6, Psmc6, Psmc4, Psma3, Psma1",0,NA,0,NA,0,NA,0
"181",57743,"Sec61a2",198,"MedConf","Novel","Protein export",23,"Psmb1, Psmc4, Psmb4, Psmc3, Psmd6, Psmc5, Psmd11, Sec61a1, Psmb6, Psma2, Psmd14, Psmc6, Psma1, Psmd2, Psmc1, Psma6, Psmb2, Psma7, Psmd3, Psmb3, Psma3, Psmd1, Psma4",0,NA,0,NA,0,NA,0
"182",72124,"Seh1l",98,"HighConf","Novel","RNA transport, mTOR signaling pathway",20,"Nup107, Rnps1, Nup85, Rbm8a, Nxf1, Magoh, Mad1l1, Snrpb, Snrpe, Smc3, Snrpd1, Plk1, Smc1a, Snrpd2, Spc24, Nup62, Nup98, Rad21, Xpo1, Snrpd3",0,NA,0,NA,0,NA,0
"183",20703,"Serpina1d",194,"MedConf","Novel",NA,4,"Aldoa, Vegfa, Vegfb, Ppbp",0,NA,0,NA,0,NA,0
"184",67465,"Sf3a1",8,"HighConf","Novel","Spliceosome",28,"Snrpa1, Sf3b2, Plrg1, Snrpe, Sf3b3, Snrnp200, Sf3b6, Sf3b5, Polr2b, Polr2g, Polr2d, Polr2k, Phf5a, Smc1a, Snrpb, Rnps1, Srsf3, Rbm8a, Cpsf7, Magoh, Hnrnpa3, Pabpn1, Sf3a3, Snrpd3, Polr2f, Snrpd2, Sf3b1, Snrpd1",0,NA,0,NA,4,"Polr2g, Polr2f, Polr2d, Polr2b",4
"185",75062,"Sf3a3",7,"MedConf","Novel","Spliceosome",28,"Sf3a1, Snrpa1, Sf3b2, Plrg1, Snrpe, Sf3b3, Snrnp200, Sf3b6, Sf3b5, Polr2b, Polr2g, Polr2d, Polr2k, Phf5a, Smc1a, Snrpb, Rnps1, Srsf3, Rbm8a, Cpsf7, Magoh, Hnrnpa3, Pabpn1, Polr2f, Sf3b1, Snrpd3, Snrpd2, Snrpd1",0,NA,0,NA,4,"Polr2g, Polr2f, Polr2d, Polr2b",4
"186",81898,"Sf3b1",6,"HighConf","Novel","Spliceosome",28,"Sf3a3, Sf3a1, Snrpa1, Sf3b2, Plrg1, Snrpe, Sf3b3, Snrnp200, Sf3b6, Sf3b5, Polr2b, Polr2g, Polr2d, Polr2k, Phf5a, Smc1a, Snrpb, Rnps1, Srsf3, Rbm8a, Cpsf7, Magoh, Hnrnpa3, Pabpn1, Snrpd3, Polr2f, Snrpd2, Snrpd1",0,NA,0,NA,4,"Polr2g, Polr2f, Polr2d, Polr2b",4
"187",319322,"Sf3b2",10,"MedConf","Novel","Spliceosome",28,"Plrg1, Snrpe, Sf3b3, Snrnp200, Sf3b6, Sf3b5, Polr2b, Polr2g, Polr2d, Polr2k, Phf5a, Smc1a, Snrpb, Rnps1, Srsf3, Rbm8a, Cpsf7, Magoh, Hnrnpa3, Pabpn1, Snrpd3, Sf3a1, Snrpd1, Polr2f, Sf3b1, Snrpa1, Snrpd2, Sf3a3",0,NA,0,NA,4,"Polr2g, Polr2f, Polr2d, Polr2b",4
"188",101943,"Sf3b3",22,"MedConf","Novel","Spliceosome",28,"Snrnp200, Sf3b6, Sf3b5, Polr2b, Polr2g, Polr2d, Polr2k, Phf5a, Smc1a, Snrpb, Rnps1, Srsf3, Rbm8a, Cpsf7, Magoh, Hnrnpa3, Pabpn1, Snrpa1, Snrpe, Snrpd2, Sf3b2, Polr2f, Snrpd1, Sf3a3, Sf3b1, Snrpd3, Plrg1, Sf3a1",0,NA,0,NA,4,"Polr2g, Polr2f, Polr2d, Polr2b",4
"189",66125,"Sf3b5",33,"HighConf","Novel","Spliceosome",27,"Polr2b, Polr2g, Polr2d, Polr2k, Phf5a, Smc1a, Snrpb, Rnps1, Srsf3, Rbm8a, Cpsf7, Magoh, Hnrnpa3, Pabpn1, Snrpd2, Sf3a3, Snrpe, Sf3a1, Sf3b6, Snrnp200, Sf3b3, Snrpd3, Snrpd1, Polr2f, Sf3b1, Sf3b2, Snrpa1",0,NA,0,NA,4,"Polr2g, Polr2f, Polr2d, Polr2b",4
"190",66055,"Sf3b6",32,"HighConf","Novel","Spliceosome",27,"Sf3b5, Polr2b, Polr2g, Polr2d, Polr2k, Phf5a, Smc1a, Snrpb, Rnps1, Srsf3, Rbm8a, Cpsf7, Magoh, Hnrnpa3, Pabpn1, Sf3a3, Snrpa1, Sf3b1, Snrpd2, Sf3b3, Sf3a1, Snrpe, Snrpd3, Snrnp200, Polr2f, Sf3b2, Snrpd1",0,NA,0,NA,4,"Polr2g, Polr2f, Polr2d, Polr2b",4
"191",24061,"Smc1a",81,"MedConf","Novel",NA,37,"Spc24, Snrpb, Rad21, Seh1l, Nup107, Rnps1, Nup85, Srsf3, Rbm8a, Cpsf7, Magoh, Hnrnpa3, Pabpn1, Mad1l1, Snrpd1, Plk1, Polr2f, Polr2b, Snrpe, Snrnp200, Snrpd2, Nup98, Smc3, Polr2k, Snrpa1, Sf3b5, Polr2g, Xpo1, Sf3a3, Sf3b6, Polr2d, Sf3b3, Sf3b2, Snrpd3, Sf3b1, Sf3a1, Phf5a",0,NA,0,NA,4,"Polr2g, Polr2f, Polr2d, Polr2b",4
"192",13006,"Smc3",26,"HighConf","Novel",NA,10,"Xpo1, Plk1, Smc1a, Spc24, Rad21, Seh1l, Nup107, Nup85, Mad1l1, Nup98",0,NA,0,NA,0,NA,0
"193",320632,"Snrnp200",29,"MedConf","Novel","Spliceosome",27,"Sf3b6, Sf3b5, Polr2b, Polr2g, Polr2d, Polr2k, Phf5a, Smc1a, Snrpb, Rnps1, Srsf3, Rbm8a, Cpsf7, Magoh, Hnrnpa3, Pabpn1, Snrpa1, Snrpd2, Sf3b3, Sf3b1, Snrpd3, Sf3a3, Snrpd1, Polr2f, Sf3a1, Snrpe, Sf3b2",0,NA,0,NA,4,"Polr2g, Polr2f, Polr2d, Polr2b",4
"194",68981,"Snrpa1",9,"HighConf","Novel","Spliceosome",32,"Sf3b2, Plrg1, Isy1, Snrpe, Dhx8, Sf3b3, Snrnp200, Snrpg, Sf3b6, Sf3b5, Polr2b, Polr2g, Polr2d, Polr2k, Phf5a, Smc1a, Snrpb, Rnps1, Srsf3, Rbm8a, Cpsf7, Magoh, Hnrnpa3, Pabpn1, Snrpc, Snrpd3, Sf3a3, Snrpd1, Polr2f, Sf3a1, Sf3b1, Snrpd2",0,NA,0,NA,4,"Polr2g, Polr2f, Polr2d, Polr2b",4
"195",20638,"Snrpb",90,"HighConf","Novel","Spliceosome",34,"Seh1l, Nup107, Rnps1, Nup85, Srsf3, Rbm8a, Cpsf7, Magoh, Hnrnpa3, Pabpn1, Lsm10, Nup98, Snrpa1, Snrpg, Snrpd2, Polr2b, Sf3b3, Polr2g, Snrpd1, Sf3b5, Sf3b1, Smc1a, Polr2f, Sf3b2, Snrnp200, Phf5a, Polr2k, Sf3b6, Sf3a1, Polr2d, Snrpd3, Nup62, Sf3a3, Snrpe",0,NA,0,NA,4,"Polr2g, Polr2f, Polr2d, Polr2b",4
"196",20630,"Snrpc",168,"MedConf","Novel","Spliceosome",6,"Snrpd2, Snrpd3, Snrpg, Snrpa1, Snrpe, Snrpd1",0,NA,0,NA,0,NA,0
"197",20641,"Snrpd1",5,"HighConf","Novel","Spliceosome",34,"Sf3b1, Sf3a3, Sf3a1, Snrpa1, Sf3b2, Nup98, Snrpe, Sf3b3, Snrnp200, Snrpg, Sf3b6, Sf3b5, Polr2b, Polr2g, Polr2d, Polr2k, Phf5a, Nup62, Smc1a, Snrpb, Seh1l, Nup107, Rnps1, Nup85, Srsf3, Rbm8a, Cpsf7, Magoh, Hnrnpa3, Pabpn1, Snrpc, Snrpd2, Snrpd3, Polr2f",0,NA,0,NA,4,"Polr2g, Polr2f, Polr2d, Polr2b",4
"198",107686,"Snrpd2",3,"HighConf","Novel","Spliceosome",35,"Snrpd3, Snrpd1, Sf3b1, Sf3a3, Sf3a1, Snrpa1, Sf3b2, Nup98, Plrg1, Snrpe, Sf3b3, Snrnp200, Snrpg, Sf3b6, Sf3b5, Polr2b, Polr2g, Polr2d, Polr2k, Phf5a, Nup62, Smc1a, Snrpb, Seh1l, Nup107, Rnps1, Nup85, Srsf3, Rbm8a, Cpsf7, Magoh, Hnrnpa3, Pabpn1, Snrpc, Polr2f",0,NA,0,NA,4,"Polr2g, Polr2f, Polr2d, Polr2b",4
"199",67332,"Snrpd3",4,"HighConf","Novel","Spliceosome",36,"Snrpd1, Sf3b1, Sf3a3, Sf3a1, Snrpa1, Sf3b2, Nup98, Lsm5, Snrpe, Sf3b3, Snrnp200, Snrpg, Sf3b6, Sf3b5, Polr2b, Polr2g, Polr2d, Polr2k, Phf5a, Nup62, Smc1a, Snrpb, Seh1l, Nup107, Rnps1, Nup85, Srsf3, Rbm8a, Cpsf7, Magoh, Hnrnpa3, Pabpn1, Snrpc, Lsm10, Polr2f, Snrpd2",0,NA,0,NA,4,"Polr2g, Polr2f, Polr2d, Polr2b",4
"200",20643,"Snrpe",20,"HighConf","Novel","Spliceosome",35,"Sf3b3, Snrnp200, Snrpg, Sf3b6, Sf3b5, Polr2b, Polr2g, Polr2d, Polr2k, Phf5a, Nup62, Smc1a, Snrpb, Seh1l, Nup107, Rnps1, Nup85, Srsf3, Rbm8a, Cpsf7, Magoh, Hnrnpa3, Pabpn1, Snrpc, Lsm10, Sf3b1, Sf3a3, Snrpd2, Snrpa1, Polr2f, Nup98, Sf3b2, Sf3a1, Snrpd1, Snrpd3",0,NA,0,NA,4,"Polr2g, Polr2f, Polr2d, Polr2b",4
"201",68011,"Snrpg",31,"MedConf","Novel","Spliceosome",7,"Snrpb, Snrpc, Snrpd3, Snrpd1, Snrpe, Snrpa1, Snrpd2",0,NA,0,NA,0,NA,0
"202",67629,"Spc24",89,"MedConf","Novel",NA,10,"Rad21, Seh1l, Nup107, Nup85, Mad1l1, Smc3, Plk1, Nup98, Smc1a, Xpo1",0,NA,0,NA,0,NA,0
"203",20375,"Spi1",161,"HighConf","Novel","Osteoclast differentiation",1,"Ep300",0,NA,0,NA,0,NA,0
"204",217337,"Srp68",77,"HighConf","Novel","Protein export",5,"Rpn2, Sec11a, Rplp1, Rpl26, Rps3a1",0,NA,0,NA,0,NA,0
"205",20383,"Srsf3",108,"MedConf","Novel","Spliceosome",28,"Rbm8a, Cpsf7, Nxf1, Magoh, Hnrnpa3, Pabpn1, Phf5a, Snrpd2, Snrpb, Sf3a1, Sf3b3, Snrpa1, Snrpe, Polr2k, Sf3b1, Polr2f, Smc1a, Polr2b, Snrnp200, Sf3b2, Sf3b5, Polr2g, Snrpd1, Sf3a3, Rnps1, Polr2d, Sf3b6, Snrpd3",0,NA,0,NA,4,"Polr2g, Polr2f, Polr2d, Polr2b",4
"206",236920,"Stard8",216,"MedConf","Novel",NA,2,"Arhgdig, Arhgef7",0,NA,0,NA,0,NA,0
"207",72149,"Strada",38,"MedConf","Novel","AMPK signaling pathway, mTOR signaling pathway",1,"Prkag1",0,NA,0,NA,0,NA,0
"208",20924,"Supt5",24,"MedConf","Novel",NA,7,"Polr2b, Polr2g, Polr2d, Cdk9, Polr2k, Brd4, Polr2f",0,NA,0,NA,4,"Polr2g, Polr2f, Polr2d, Polr2b",4
"209",66513,"Tab1",49,"MedConf","Toll-like receptor signaling pathway","Osteoclast differentiation, Toll-like receptor signaling pathway, TNF signaling pathway, MAPK signaling pathway",4,"Irak2, Ikbkg, Irak4, Pdpk1",2,"Irak4, Ikbkg",0,NA,0,NA,2
"210",102162,"Taf5l",203,"MedConf","Novel",NA,2,"Kat2a, Trrap",0,NA,0,NA,0,NA,0
"211",225895,"Taf6l",202,"MedConf","Novel",NA,2,"Kat2a, Trrap",0,NA,0,NA,0,NA,0
"212",387345,"Tas2r113",128,"MedConf","Novel",NA,7,"Chrm4, Ppbp, Adra2b, Lpar3, Gal, Cxcr4, C3",0,NA,0,NA,0,NA,0
"213",21390,"Tbxa2r",94,"HighConf","Novel","Platelet activation",9,"Avpr1b, Pik3ca, Cckbr, Lpar3, Adra1b, Cysltr1, Xcl1, Prok2, Npff",1,"Pik3ca",0,NA,0,NA,1
"214",21393,"Tcap",125,"MedConf","Novel",NA,2,"Myl2, Tpm1",0,NA,0,NA,0,NA,0
"215",71718,"Telo2",204,"MedConf","Novel","mTOR signaling pathway",1,"Trrap",0,NA,0,NA,0,NA,0
"216",117149,"Tirap",50,"HighConf","Toll-like receptor signaling pathway","Toll-like receptor signaling pathway",1,"Irak4",1,"Irak4",0,NA,0,NA,1
"217",81877,"Tnxb",208,"MedConf","Novel","PI3K-Akt signaling pathway, Focal adhesion, ECM-receptor interaction",4,"Itgav, Itga7, Sdc4, Itga5",0,NA,0,NA,0,NA,0
"218",22003,"Tpm1",219,"MedConf","Novel","Adrenergic signaling in cardiomyocytes",2,"Myl2, Tcap",0,NA,0,NA,0,NA,0
"219",100683,"Trrap",85,"MedConf","Novel",NA,4,"Taf6l, Taf5l, Telo2, Kat2a",0,NA,0,NA,0,NA,0
"220",68612,"Ube2c",87,"MedConf","Novel",NA,24,"Cebpb, Psmb1, Psmd14, Psmd11, Psmb4, Psmc5, Psmb3, Psma2, Psmd2, Psmc6, Psmc4, Psma4, Psmd1, Plk1, Psmb6, Psmb2, Psmc1, Psma1, Psma3, Psmc3, Psmd3, Psma7, Psmd6, Psma6",0,NA,0,NA,0,NA,0
"221",79560,"Ublcp1",75,"MedConf","Novel",NA,1,"Psmd2",0,NA,0,NA,0,NA,0
"222",394434,"Ugt1a9",142,"MedConf","Novel",NA,2,"Cyp3a13, Cyp4a12a",0,NA,0,NA,0,NA,0
"223",105372,"Utp15",46,"MedConf","Novel","Ribosome biogenesis in eukaryotes",1,"Imp3",0,NA,0,NA,0,NA,0
"224",22339,"Vegfa",48,"MedConf","Novel","PI3K-Akt signaling pathway, Relaxin signaling pathway, VEGF signaling pathway, Cytokine-cytokine receptor interaction, AGE-RAGE signaling pathway in diabetic complications, Focal adhesion, Ras signaling pathway, HIF-1 signaling pathway, Rap1 signaling pathway",7,"Ngfr, Aldoa, Vegfb, Ppbp, Serpina1d, Ep300, Arnt",0,NA,0,NA,0,NA,0
"225",22340,"Vegfb",114,"MedConf","Novel","PI3K-Akt signaling pathway, Relaxin signaling pathway, Cytokine-cytokine receptor interaction, AGE-RAGE signaling pathway in diabetic complications, Focal adhesion, Ras signaling pathway, Rap1 signaling pathway",5,"Ppbp, Serpina1d, Aldoa, Ngfr, Vegfa",0,NA,0,NA,0,NA,0
"226",140858,"Wdr5",201,"HighConf","Novel",NA,1,"Kat2a",0,NA,0,NA,0,NA,0
"227",22390,"Wee1",178,"MedConf","Novel",NA,2,"Xpo1, Plk1",0,NA,0,NA,0,NA,0
"228",16963,"Xcl1",154,"MedConf","Novel","Cytokine-cytokine receptor interaction",10,"Prok2, Npff, Lpar3, Cckbr, Cysltr1, Tbxa2r, Cxcr4, Avpr1b, Adra1b, Pik3ca",1,"Pik3ca",0,NA,0,NA,1
"229",103573,"Xpo1",27,"MedConf","Novel","RNA transport, Ribosome biogenesis in eukaryotes",13,"Plk1, Smc1a, Spc24, Rad21, Seh1l, Nup107, Nup85, Mad1l1, Wee1, Smc3, Rasl2-9, Nup98, Ran",0,NA,0,NA,0,NA,0
