"","EntrezID","GeneSymbol","GeneMappingID","ConfidenceCategory","Group","Pathway","Allnet.count","Ntwrk.all","NtwrkCount.Purine metabolism","Ntwrk.Purine metabolism","NtwrkCount.Pyrimidine metabolism","Ntwrk.Pyrimidine metabolism","NtwrkCount.NA","Ntwrk.NA","Total_Path_Hits.net.count"
"1",23305,"ACSL6",229,"MedConf","Novel","PPAR signaling pathway",2,"PNPLA2, CPT1A",0,NA,0,NA,0,"",0
"2",10096,"ACTR3",35,"HighConf","Novel",NA,2,"ARPC1A, PSMA7",0,NA,0,NA,0,"",0
"3",147,"ADRA1B",134,"HighConf","Novel","cGMP-PKG signaling pathway",9,"XCL1, NPFF, CCKBR, PROK2, PIK3CA, TBXA2R, CXCR4, LPAR3, CYSLTR1",0,NA,0,NA,0,"",0
"4",158067,"AK8",159,"MedConf","Purine metabolism","Purine metabolism",3,"NME4, NME3, NME6",0,NA,3,"NME6, NME4, NME3",0,"",3
"5",226,"ALDOA",96,"HighConf","Novel","HIF-1 signaling pathway",5,"ARNT, VEGFB, PPBP, G6PD, SERPINA1",0,NA,0,NA,0,"",0
"6",64411,"ARAP3",227,"MedConf","Novel",NA,2,"ARHGDIG, ARHGEF7",0,NA,0,NA,0,"",0
"7",398,"ARHGDIG",120,"MedConf","Novel","Vasopressin-regulated water reabsorption, Neurotrophin signaling pathway",6,"HMHA1, STARD8, ARAP3, FAM13B, NGFR, PRKACA",0,NA,0,NA,0,"",0
"8",8874,"ARHGEF7",106,"MedConf","Novel",NA,5,"HMHA1, STARD8, ARAP3, FAM13B, FYN",0,NA,0,NA,0,"",0
"9",405,"ARNT",103,"MedConf","Novel","HIF-1 signaling pathway",5,"CXCR4, ITGB2, NOS3, ALDOA, EP300",0,NA,0,NA,0,"",0
"10",10552,"ARPC1A",184,"MedConf","Novel",NA,2,"PSMA7, ACTR3",0,NA,0,NA,0,"",0
"11",79058,"ASPSCR1",170,"MedConf","Novel",NA,1,"VCP",0,NA,0,NA,0,"",0
"12",127124,"ATP6V1G3",233,"MedConf","Novel","mTOR signaling pathway",1,"INS",0,NA,0,NA,0,"",0
"13",29086,"BABAM1",26,"MedConf","Novel",NA,3,"PSMA4, PRKAG1, GNAL",0,NA,0,NA,0,"",0
"14",25805,"BAMBI",231,"MedConf","Novel",NA,1,"DVL2",0,NA,0,NA,0,"",0
"15",718,"C3",105,"MedConf","Novel",NA,6,"CXCR4, ITGB2, PPBP, GAL, CHRM4, LPAR3",0,NA,0,NA,0,"",0
"16",59283,"CACNG8",175,"MedConf","Novel",NA,1,"PRKACA",0,NA,0,NA,0,"",0
"17",57172,"CAMK1G",234,"MedConf","Novel",NA,1,"NOS3",0,NA,0,NA,0,"",0
"18",124583,"CANT1",237,"HighConf","Pyrimidine metabolism","Pyrimidine metabolism, Purine metabolism",4,"UCK2, NME4, NME3, NME6",0,NA,4,"UCK2, NME6, NME4, NME3",0,"",4
"19",829,"CAPZA1",191,"HighConf","Novel",NA,1,"MAGOH",0,NA,0,NA,0,"",0
"20",22794,"CASC3",194,"MedConf","Novel","RNA transport, mRNA surveillance pathway",5,"RPS3A, MAGOH, RPS28, RPSA, RPL26",0,NA,0,NA,0,"",0
"21",837,"CASP4",230,"MedConf","Novel",NA,1,"EIF4G2",0,NA,0,NA,0,"",0
"22",839,"CASP6",180,"MedConf","Novel",NA,2,"NGFR, EIF4G2",0,NA,0,NA,0,"",0
"23",859,"CAV3",178,"MedConf","Novel",NA,1,"FYN",0,NA,0,NA,0,"",0
"24",887,"CCKBR",137,"MedConf","Novel",NA,8,"PROK2, ADRA1B, TBXA2R, PIK3CA, XCL1, LPAR3, CYSLTR1, NPFF",0,NA,0,NA,0,"",0
"25",9738,"CCP110",112,"HighConf","Novel",NA,4,"PCNT, CEP250, PLK1, PRKACA",0,NA,0,NA,0,"",0
"26",728642,"CDK11A",207,"MedConf","Novel",NA,1,"EIF3F",0,NA,0,NA,0,"",0
"27",1025,"CDK9",89,"MedConf","Novel",NA,7,"PRKAG1, POLR2D, PRKACA, POLR2B, POLR2K, POLR2G, SUPT5H",0,NA,4,"POLR2K, POLR2G, POLR2D, POLR2B",0,"",4
"28",1051,"CEBPB",45,"HighConf","Novel",NA,11,"EP300, MED15, FABP4, FOXO4, MAPK13, CIITA, HSP90B1, EBF1, FOXO3, SERPINA1, UBE2C",0,NA,0,NA,0,"",0
"29",11190,"CEP250",174,"HighConf","Novel",NA,4,"PRKACA, PLK1, CCP110, PCNT",0,NA,0,NA,0,"",0
"30",1132,"CHRM4",130,"MedConf","Novel","Cholinergic synapse",6,"LPAR3, CXCR4, C3, GNAO1, PPBP, GAL",0,NA,0,NA,0,"",0
"31",4261,"CIITA",185,"MedConf","Novel",NA,3,"XPO1, CEBPB, PSMC5",0,NA,0,NA,0,"",0
"32",63967,"CLSPN",210,"MedConf","Novel",NA,2,"RPA3, PLK1",0,NA,0,NA,0,"",0
"33",1280,"COL2A1",115,"MedConf","Novel",NA,3,"ITGA5, SDC4, ITGAV",0,NA,0,NA,0,"",0
"34",79869,"CPSF7",126,"MedConf","Novel","mRNA surveillance pathway",24,"PABPN1, NFX1, SRSF3, SNRNP200, SNRPD3, SF3B2, SF3B6, PHF5A, SNRPG, MAGOH, SNRPE, SF3B1, SF3A3, SNRPD1, SF3B3, SF3B5, SNRPB, HNRNPA3, POLR2B, POLR2D, POLR2K, SNRPA1, SF3A1, POLR2G",0,NA,4,"POLR2K, POLR2G, POLR2D, POLR2B",0,"",4
"35",1374,"CPT1A",127,"MedConf","Novel","AMPK signaling pathway, Insulin resistance, PPAR signaling pathway",2,"ACSL6, EP300",0,NA,0,NA,0,"",0
"36",84699,"CREB3L3",176,"MedConf","Novel","AMPK signaling pathway, Longevity regulating pathway, Insulin resistance, Relaxin signaling pathway, Estrogen signaling pathway, cGMP-PKG signaling pathway, Vasopressin-regulated water reabsorption, Cholinergic synapse",2,"PRKACA, EP300",0,NA,0,NA,0,"",0
"37",148327,"CREB3L4",173,"MedConf","Novel","AMPK signaling pathway, Longevity regulating pathway, Insulin resistance, Relaxin signaling pathway, Estrogen signaling pathway, cGMP-PKG signaling pathway, Vasopressin-regulated water reabsorption, Cholinergic synapse",2,"PRKACA, EP300",0,NA,0,NA,0,"",0
"38",7852,"CXCR4",110,"MedConf","Novel",NA,10,"PPBP, GAL, CHRM4, LPAR3, ADRA1B, XCL1, SDC4, ARNT, GNAO1, C3",0,NA,0,NA,0,"",0
"39",10800,"CYSLTR1",121,"MedConf","Novel",NA,8,"LPAR3, ADRA1B, XCL1, NPFF, CCKBR, PROK2, PIK3CA, TBXA2R",0,NA,0,NA,0,"",0
"40",51339,"DACT1",4,"MedConf","Novel",NA,1,"DVL2",0,NA,0,NA,0,"",0
"41",1659,"DHX8",41,"MedConf","Novel","Spliceosome",3,"PHF5A, ISY1-RAB43, PLRG1",0,NA,0,NA,0,"",0
"42",3337,"DNAJB1",97,"MedConf","Novel","Protein processing in endoplasmic reticulum",4,"HSPB2, HSPA8, RPA3, EP300",0,NA,0,NA,0,"",0
"43",1856,"DVL2",113,"MedConf","Novel","mTOR signaling pathway",21,"BAMBI, NKD2, PSMB2, PSMA4, GNAO1, PSMC4, PSMC5, DACT1, PSMA7, PSMD6, PSMD14, PSMB6, PSMD3, PSMA3, PSMD11, PSMC1, PSMB4, PSMD2, PSMA1, PSMA6, PSMB1",0,NA,0,NA,0,"",0
"44",1879,"EBF1",202,"MedConf","Novel",NA,4,"EP300, FABP4, CEBPB, MED15",0,NA,0,NA,0,"",0
"45",8665,"EIF3F",64,"MedConf","Novel","RNA transport",6,"EIF4G2, CDK11A, RPSA, RPL26, RPS28, RPS3A",0,NA,0,NA,0,"",0
"46",1982,"EIF4G2",111,"MedConf","Novel","RNA transport",3,"CASP6, CASP4, EIF3F",0,NA,0,NA,0,"",0
"47",1984,"EIF5A",47,"MedConf","Novel",NA,1,"XPO1",0,NA,0,NA,0,"",0
"48",2033,"EP300",46,"MedConf","Novel","FoxO signaling pathway, HIF-1 signaling pathway",21,"JUND, PLK1, DNAJB1, MED15, ARNT, RXRG, FABP4, FOXO4, FOXM1, NOS3, CPT1A, HSPB2, CREB3L4, CREB3L3, EBF1, PPARD, FOXO3, CEBPB, HSPA8, MEF2C, PRKACA",0,NA,0,NA,0,"",0
"49",2167,"FABP4",109,"MedConf","Novel","PPAR signaling pathway, Regulation of lipolysis in adipocytes",4,"EBF1, CEBPB, MED15, EP300",0,NA,0,NA,0,"",0
"50",51306,"FAM13B",228,"MedConf","Novel",NA,2,"ARHGDIG, ARHGEF7",0,NA,0,NA,0,"",0
"51",2257,"FGF12",179,"MedConf","Novel",NA,1,"NGFR",0,NA,0,NA,0,"",0
"52",2305,"FOXM1",116,"MedConf","Novel",NA,3,"LIN37, PLK1, EP300",0,NA,0,NA,0,"",0
"53",2309,"FOXO3",0,"MedConf","Novel","AMPK signaling pathway, Longevity regulating pathway, Longevity regulating pathway - multiple species, FoxO signaling pathway, Neurotrophin signaling pathway",7,"CEBPB, EP300, PLK1, XPO1, PRKAG1, FOXO4, MAPK13",0,NA,0,NA,0,"",0
"54",4303,"FOXO4",114,"HighConf","Novel","FoxO signaling pathway",6,"MAPK13, XPO1, PRKAG1, FOXO3, EP300, CEBPB",0,NA,0,NA,0,"",0
"55",2512,"FTL",167,"HighConf","Novel",NA,1,"HSPA8",0,NA,0,NA,0,"",0
"56",2534,"FYN",6,"MedConf","Novel","Fc epsilon RI signaling pathway, Cholinergic synapse",7,"PIK3CA, ITGAV, PIK3CB, PDPK1, ARHGEF7, TRPV6, CAV3",0,NA,0,NA,0,"",0
"57",2539,"G6PD",224,"MedConf","Novel",NA,1,"ALDOA",0,NA,0,NA,0,"",0
"58",51083,"GAL",125,"MedConf","Novel",NA,5,"CHRM4, LPAR3, CXCR4, PPBP, C3",0,NA,0,NA,0,"",0
"59",2774,"GNAL",123,"MedConf","Novel","Olfactory transduction",24,"OR2AT4, OR51I1, OR6A2, OR10A3, OR2D3, OR9I1, OR4C15, OR8D4, OR52J3, OR1E2, OR5P2, OR6C1, OR2T1, OR5H2, OR4D2, OR51E2, OR5P3, OR5A2, OR2AG1, OR5AN1, OR52N4, OR1K1, OR11H12, BABAM1",0,NA,0,NA,0,"",0
"60",2775,"GNAO1",101,"MedConf","Novel","Relaxin signaling pathway, Estrogen signaling pathway, Cholinergic synapse",6,"CXCR4, DVL2, NOS3, CHRM4, MAPK13, PRKACA",0,NA,0,NA,0,"",0
"61",26003,"GORASP2",183,"MedConf","Novel",NA,2,"PSMA6, PSMA3",0,NA,0,NA,0,"",0
"62",9421,"HAND1",189,"MedConf","Novel",NA,1,"MEF2C",0,NA,0,NA,0,"",0
"63",23526,"HMHA1",225,"MedConf","Novel",NA,2,"ARHGEF7, ARHGDIG",0,NA,0,NA,0,"",0
"64",220988,"HNRNPA3",86,"MedConf","Novel","Spliceosome",24,"PHF5A, SRSF3, CPSF7, PABPN1, NFX1, SNRPB, SNRPD1, SF3A3, SNRPG, POLR2B, POLR2K, SF3B2, SNRPD3, SF3B5, MAGOH, SF3B1, SNRPE, POLR2D, SF3B6, POLR2G, SNRPA1, SNRNP200, SF3A1, SF3B3",0,NA,4,"POLR2K, POLR2G, POLR2D, POLR2B",0,"",4
"65",7184,"HSP90B1",201,"MedConf","Novel","Estrogen signaling pathway, Protein processing in endoplasmic reticulum",1,"CEBPB",0,NA,0,NA,0,"",0
"66",3312,"HSPA8",1,"HighConf","Novel","Spliceosome, Estrogen signaling pathway, Longevity regulating pathway - multiple species, Protein processing in endoplasmic reticulum",26,"VCP, PSMD6, PSMC1, PSMA6, PSMA7, PSMB6, PSMD14, PSMA3, PSMD11, PSMD2, PSMA1, PSMC4, PSMC5, PSMD3, PSMB4, PSMB1, PSMB2, MAGOH, PSMA4, EP300, DNAJB1, SGTA, UCHL1, ST13, FTL, HSPB2",0,NA,0,NA,0,"",0
"67",3316,"HSPB2",168,"MedConf","Novel",NA,4,"EP300, HSPA8, DNAJB1, RPA3",0,NA,0,NA,0,"",0
"68",150084,"IGSF5",206,"MedConf","Novel",NA,1,"PRKCE",0,NA,0,NA,0,"",0
"69",3552,"IL1A",223,"MedConf","Novel","AGE-RAGE signaling pathway in diabetic complications",1,"IRAK2",0,NA,0,NA,0,"",0
"70",3630,"INS",118,"MedConf","Novel","AMPK signaling pathway, Longevity regulating pathway, Insulin resistance, mTOR signaling pathway, Longevity regulating pathway - multiple species, FoxO signaling pathway, cGMP-PKG signaling pathway, Regulation of lipolysis in adipocytes, HIF-1 signaling pathway, Aldosterone-regulated sodium reabsorption",4,"ATP6V1G3, PIK3CA, NGFR, PDPK1",0,NA,0,NA,0,"",0
"71",55174,"INTS10",217,"MedConf","Novel",NA,2,"POLR2B, POLR2D",0,NA,2,"POLR2D, POLR2B",0,"",2
"72",3656,"IRAK2",95,"HighConf","Novel","Neurotrophin signaling pathway",5,"TAB1, TARDBP, TIRAP, IL1A, NGFR",0,NA,0,NA,0,"",0
"73",100534599,"ISY1-RAB43",198,"HighConf","Novel","Spliceosome",3,"DHX8, PLRG1, SNRPA1",0,NA,0,NA,0,"",0
"74",3678,"ITGA5",215,"MedConf","Novel",NA,3,"ITGB2, COL2A1, ITGAV",0,NA,0,NA,0,"",0
"75",3685,"ITGAV",77,"MedConf","Novel",NA,6,"COL2A1, ITGB2, ITGA5, SDC4, PIK3CA, FYN",0,NA,0,NA,0,"",0
"76",3689,"ITGB2",117,"MedConf","Novel",NA,6,"ITGA5, PIK3CA, C3, ITGAV, ARNT, PIK3CB",0,NA,0,NA,0,"",0
"77",3727,"JUND",62,"MedConf","Novel",NA,2,"MAPK13, EP300",0,NA,0,NA,0,"",0
"78",2648,"KAT2A",186,"MedConf","Novel",NA,1,"WDR5",0,NA,0,NA,0,"",0
"79",3778,"KCNMA1",172,"MedConf","Novel","cGMP-PKG signaling pathway",2,"TBXA2R, PRKACA",0,NA,0,NA,0,"",0
"80",10112,"KIF20A",211,"MedConf","Novel",NA,1,"PLK1",0,NA,0,NA,0,"",0
"81",9493,"KIF23",208,"MedConf","Novel",NA,1,"PLK1",0,NA,0,NA,0,"",0
"82",354,"KLK3",196,"MedConf","Novel",NA,2,"SERPINA1, RXRG",0,NA,0,NA,0,"",0
"83",3837,"KPNB1",80,"MedConf","Novel","RNA transport",5,"NUP107, NUP98, NUP62, TPX2, NXF1",0,NA,0,NA,0,"",0
"84",3858,"KRT10",193,"MedConf","Novel",NA,1,"MAGOH",0,NA,0,NA,0,"",0
"85",55957,"LIN37",212,"MedConf","Novel",NA,2,"FOXM1, PLK1",0,NA,0,NA,0,"",0
"86",23566,"LPAR3",133,"MedConf","Novel",NA,14,"ADRA1B, XCL1, NPFF, CCKBR, PROK2, CYSLTR1, PIK3CA, GAL, CHRM4, PPBP, PIK3CB, TBXA2R, C3, CXCR4",0,NA,0,NA,0,"",0
"87",84967,"LSM10",48,"HighConf","Novel",NA,10,"SNRPB, SNRPD3, SF3A3, SF3B2, SNRPG, PATL1, SNRPE, SF3A1, SNRPC, SNRPA1",0,NA,0,NA,0,"",0
"88",23658,"LSM5",204,"MedConf","Novel","Spliceosome",3,"PATL1, SNRPD1, SNRPD3",0,NA,0,NA,0,"",0
"89",4116,"MAGOH",31,"MedConf","Novel","Spliceosome, RNA transport, mRNA surveillance pathway",38,"RPSA, RPS3A, RPS28, PLRG1, SNRPA1, RPL26, SNRPB, SF3B3, SNRPD3, SF3A3, SNRPD1, SF3B2, SNRPG, SF3B1, SNRNP200, SNRPE, SF3A1, SF3B6, SF3B5, NXF1, NUP62, POLR2G, POLR2D, POLR2K, POLR2B, HNRNPA3, PHF5A, SRSF3, NUP107, CPSF7, PABPN1, TSN, CAPZA1, SON, KRT10, CASC3, NFX1, HSPA8",0,NA,4,"POLR2K, POLR2G, POLR2D, POLR2B",0,"",4
"90",5603,"MAPK13",163,"MedConf","Novel","Relaxin signaling pathway, FoxO signaling pathway, AGE-RAGE signaling pathway in diabetic complications, VEGF signaling pathway, Neurotrophin signaling pathway, Fc epsilon RI signaling pathway",7,"PTPRR, MEF2C, FOXO3, FOXO4, JUND, CEBPB, GNAO1",0,NA,0,NA,0,"",0
"91",51586,"MED15",102,"HighConf","Novel",NA,4,"FABP4, EBF1, CEBPB, EP300",0,NA,0,NA,0,"",0
"92",4208,"MEF2C",29,"MedConf","Novel","cGMP-PKG signaling pathway",4,"EP300, MAPK13, MYL2, HAND1",0,NA,0,NA,0,"",0
"93",4625,"MYH7",129,"MedConf","Novel","cGMP-PKG signaling pathway",1,"MYL2",0,NA,0,NA,0,"",0
"94",4633,"MYL2",188,"MedConf","Novel",NA,2,"MEF2C, MYH7",0,NA,0,NA,0,"",0
"95",4799,"NFX1",195,"MedConf","Novel",NA,27,"PHF5A, SF3A3, SNRPG, SF3A1, SF3B6, SNRPB, POLR2B, SRSF3, NUP107, POLR2G, SNRPE, POLR2D, NXF1, NUP62, SF3B2, SNRPA1, SNRPD1, SF3B5, SNRNP200, PABPN1, SNRPD3, SF3B1, CPSF7, SF3B3, HNRNPA3, MAGOH, POLR2K",0,NA,4,"POLR2K, POLR2G, POLR2D, POLR2B",0,"",4
"96",4804,"NGFR",7,"MedConf","Novel","Neurotrophin signaling pathway",8,"PIK3CA, PIK3CB, IRAK2, INS, ARHGDIG, VEGFB, FGF12, CASP6",0,NA,0,NA,0,"",0
"97",85409,"NKD2",232,"MedConf","Novel",NA,1,"DVL2",0,NA,0,NA,0,"",0
"98",4832,"NME3",161,"MedConf","Pyrimidine metabolism","Pyrimidine metabolism, Purine metabolism",6,"CANT1, POLR2G, POLR2B, POLR2D, POLR2K, AK8",1,"AK8",5,"POLR2K, POLR2G, POLR2D, POLR2B, CANT1",0,"",6
"99",4833,"NME4",160,"MedConf","Pyrimidine metabolism","Pyrimidine metabolism, Purine metabolism",6,"CANT1, AK8, POLR2B, POLR2D, POLR2G, POLR2K",1,"AK8",5,"POLR2K, POLR2G, POLR2D, POLR2B, CANT1",0,"",6
"100",10201,"NME6",162,"MedConf","Pyrimidine metabolism","Pyrimidine metabolism, Purine metabolism",6,"CANT1, POLR2B, POLR2D, POLR2G, AK8, POLR2K",1,"AK8",5,"POLR2K, POLR2G, POLR2D, POLR2B, CANT1",0,"",6
"101",4842,"NOS1",73,"MedConf","Novel","Relaxin signaling pathway",1,"NOS3",0,NA,0,NA,0,"",0
"102",4846,"NOS3",119,"MedConf","Novel","Insulin resistance, Relaxin signaling pathway, Estrogen signaling pathway, AGE-RAGE signaling pathway in diabetic complications, cGMP-PKG signaling pathway, VEGF signaling pathway, HIF-1 signaling pathway",6,"CAMK1G, EP300, NOS1, GNAO1, PRKACA, ARNT",0,NA,0,NA,0,"",0
"103",8620,"NPFF",136,"MedConf","Novel",NA,8,"CCKBR, PROK2, CYSLTR1, TBXA2R, PIK3CA, XCL1, LPAR3, ADRA1B",0,NA,0,NA,0,"",0
"104",55666,"NPLOC4",71,"MedConf","Novel","Protein processing in endoplasmic reticulum",3,"USP13, UFD1L, VCP",0,NA,0,NA,0,"",0
"105",2516,"NR5A1",104,"MedConf","Novel",NA,2,"RXRG, PPARD",0,NA,0,NA,0,"",0
"106",57122,"NUP107",94,"MedConf","Novel","RNA transport",18,"XPO1, NUP98, NFX1, SPC24, SEH1L, SMC3, SNRPG, RAD21, SNRPB, KPNB1, PLK1, MAGOH, NXF1, SNRPE, SRSF3, SNRPD3, SNRPD1, NUP62",0,NA,0,NA,0,"",0
"107",23636,"NUP62",79,"HighConf","Novel","RNA transport",13,"KPNB1, SRSF3, NUP107, XPO1, NUP98, NFX1, NXF1, SNRPG, SNRPD3, SNRPD1, MAGOH, SNRPE, SNRPB",0,NA,0,NA,0,"",0
"108",4928,"NUP98",99,"MedConf","Novel","RNA transport",5,"SEH1L, NUP62, NUP107, KPNB1, NXF1",0,NA,0,NA,0,"",0
"109",10482,"NXF1",74,"HighConf","Novel","RNA transport, mRNA surveillance pathway, Ribosome biogenesis in eukaryotes",8,"NUP62, KPNB1, SRSF3, NUP107, XPO1, NUP98, NFX1, MAGOH",0,NA,0,NA,0,"",0
"110",26496,"OR10A3",141,"HighConf","Novel","Olfactory transduction",22,"OR2D3, OR9I1, OR4C15, OR8D4, OR52J3, OR1E2, OR5P2, OR6C1, OR2T1, OR5H2, OR4D2, OR51E2, OR5P3, OR5A2, OR2AG1, OR5AN1, OR52N4, OR1K1, GNAL, OR6A2, OR51I1, OR2AT4",0,NA,0,NA,0,"",0
"111",440153,"OR11H12",236,"HighConf","Novel","Olfactory transduction",1,"GNAL",0,NA,0,NA,0,"",0
"112",8388,"OR1E2",147,"MedConf","Novel","Olfactory transduction",22,"OR5P2, OR6C1, OR2T1, OR5H2, OR4D2, OR51E2, OR5P3, OR5A2, OR2AG1, OR5AN1, OR52N4, OR1K1, OR9I1, OR8D4, GNAL, OR10A3, OR51I1, OR4C15, OR2AT4, OR6A2, OR52J3, OR2D3",0,NA,0,NA,0,"",0
"113",392392,"OR1K1",235,"MedConf","Novel","Olfactory transduction",22,"OR51I1, OR6A2, OR5P2, OR1E2, OR2D3, OR10A3, GNAL, OR2AT4, OR4C15, OR5H2, OR2T1, OR6C1, OR4D2, OR8D4, OR5A2, OR5AN1, OR52N4, OR2AG1, OR51E2, OR5P3, OR9I1, OR52J3",0,NA,0,NA,0,"",0
"114",144125,"OR2AG1",156,"MedConf","Novel","Olfactory transduction",22,"OR5AN1, OR52N4, OR1K1, OR2T1, OR1E2, OR5H2, OR5P2, OR51I1, OR6A2, OR2AT4, OR52J3, OR2D3, OR5P3, OR4C15, OR51E2, OR6C1, OR10A3, OR8D4, OR9I1, GNAL, OR5A2, OR4D2",0,NA,0,NA,0,"",0
"115",341152,"OR2AT4",138,"MedConf","Novel","Olfactory transduction",22,"OR51I1, OR6A2, OR10A3, OR2D3, OR9I1, OR4C15, OR8D4, OR52J3, OR1E2, OR5P2, OR6C1, OR2T1, OR5H2, OR4D2, OR51E2, OR5P3, OR5A2, OR2AG1, OR5AN1, OR52N4, OR1K1, GNAL",0,NA,0,NA,0,"",0
"116",120775,"OR2D3",142,"MedConf","Novel","Olfactory transduction",22,"OR9I1, OR4C15, OR8D4, OR52J3, OR1E2, OR5P2, OR6C1, OR2T1, OR5H2, OR4D2, OR51E2, OR5P3, OR5A2, OR2AG1, OR5AN1, OR52N4, OR1K1, OR10A3, OR6A2, OR51I1, OR2AT4, GNAL",0,NA,0,NA,0,"",0
"117",26696,"OR2T1",150,"MedConf","Novel","Olfactory transduction",22,"OR5H2, OR4D2, OR51E2, OR5P3, OR5A2, OR2AG1, OR5AN1, OR52N4, OR1K1, OR2AT4, OR6A2, OR52J3, GNAL, OR2D3, OR8D4, OR9I1, OR6C1, OR10A3, OR51I1, OR5P2, OR1E2, OR4C15",0,NA,0,NA,0,"",0
"118",81309,"OR4C15",144,"HighConf","Novel","Olfactory transduction",22,"OR8D4, OR52J3, OR1E2, OR5P2, OR6C1, OR2T1, OR5H2, OR4D2, OR51E2, OR5P3, OR5A2, OR2AG1, OR5AN1, OR52N4, OR1K1, GNAL, OR2AT4, OR2D3, OR51I1, OR6A2, OR10A3, OR9I1",0,NA,0,NA,0,"",0
"119",124538,"OR4D2",152,"MedConf","Novel","Olfactory transduction",22,"OR51E2, OR5P3, OR5A2, OR2AG1, OR5AN1, OR52N4, OR1K1, GNAL, OR2AT4, OR52J3, OR6C1, OR10A3, OR8D4, OR4C15, OR9I1, OR6A2, OR2T1, OR5H2, OR1E2, OR51I1, OR5P2, OR2D3",0,NA,0,NA,0,"",0
"120",81285,"OR51E2",153,"MedConf","Novel","Olfactory transduction",22,"OR5P3, OR5A2, OR2AG1, OR5AN1, OR52N4, OR1K1, OR8D4, OR6A2, OR2AT4, OR9I1, OR6C1, OR2T1, GNAL, OR4C15, OR1E2, OR51I1, OR10A3, OR52J3, OR5H2, OR4D2, OR5P2, OR2D3",0,NA,0,NA,0,"",0
"121",390063,"OR51I1",139,"MedConf","Novel","Olfactory transduction",22,"OR6A2, OR10A3, OR2D3, OR9I1, OR4C15, OR8D4, OR52J3, OR1E2, OR5P2, OR6C1, OR2T1, OR5H2, OR4D2, OR51E2, OR5P3, OR5A2, OR2AG1, OR5AN1, OR52N4, OR1K1, GNAL, OR2AT4",0,NA,0,NA,0,"",0
"122",119679,"OR52J3",146,"MedConf","Novel","Olfactory transduction",22,"OR1E2, OR5P2, OR6C1, OR2T1, OR5H2, OR4D2, OR51E2, OR5P3, OR5A2, OR2AG1, OR5AN1, OR52N4, OR1K1, OR2AT4, OR4C15, OR2D3, OR51I1, OR6A2, OR10A3, GNAL, OR9I1, OR8D4",0,NA,0,NA,0,"",0
"123",390072,"OR52N4",158,"HighConf","Novel","Olfactory transduction",22,"OR1K1, OR2AT4, OR5H2, OR51E2, OR5P3, OR2AG1, OR5P2, OR6A2, OR51I1, OR9I1, GNAL, OR2D3, OR52J3, OR6C1, OR5AN1, OR4C15, OR4D2, OR8D4, OR10A3, OR2T1, OR1E2, OR5A2",0,NA,0,NA,0,"",0
"124",219981,"OR5A2",155,"MedConf","Novel","Olfactory transduction",22,"OR2AG1, OR5AN1, OR52N4, OR1K1, OR8D4, OR2T1, OR5P2, OR1E2, OR51I1, OR2AT4, OR4C15, OR6A2, OR4D2, OR5P3, OR6C1, OR52J3, OR51E2, OR2D3, OR5H2, OR10A3, OR9I1, GNAL",0,NA,0,NA,0,"",0
"125",390195,"OR5AN1",157,"MedConf","Novel","Olfactory transduction",22,"OR52N4, OR1K1, OR2AG1, OR5P2, OR1E2, OR2AT4, OR5H2, OR2T1, OR2D3, OR51E2, OR5P3, OR8D4, OR9I1, OR4C15, OR51I1, OR52J3, OR6C1, GNAL, OR6A2, OR4D2, OR10A3, OR5A2",0,NA,0,NA,0,"",0
"126",79310,"OR5H2",151,"MedConf","Novel","Olfactory transduction",22,"OR4D2, OR51E2, OR5P3, OR5A2, OR2AG1, OR5AN1, OR52N4, OR1K1, OR6C1, OR2AT4, OR8D4, OR52J3, GNAL, OR6A2, OR4C15, OR2D3, OR10A3, OR2T1, OR1E2, OR51I1, OR9I1, OR5P2",0,NA,0,NA,0,"",0
"127",120065,"OR5P2",148,"MedConf","Novel","Olfactory transduction",22,"OR6C1, OR2T1, OR5H2, OR4D2, OR51E2, OR5P3, OR5A2, OR2AG1, OR5AN1, OR52N4, OR1K1, OR8D4, GNAL, OR10A3, OR51I1, OR2AT4, OR6A2, OR4C15, OR52J3, OR2D3, OR9I1, OR1E2",0,NA,0,NA,0,"",0
"128",120066,"OR5P3",154,"MedConf","Novel","Olfactory transduction",22,"OR5A2, OR2AG1, OR5AN1, OR52N4, OR1K1, OR6A2, OR51I1, OR52J3, OR4C15, OR4D2, OR2T1, OR6C1, OR1E2, OR9I1, OR2AT4, OR5P2, OR5H2, OR10A3, OR8D4, OR2D3, OR51E2, GNAL",0,NA,0,NA,0,"",0
"129",8590,"OR6A2",140,"MedConf","Novel","Olfactory transduction",22,"OR10A3, OR2D3, OR9I1, OR4C15, OR8D4, OR52J3, OR1E2, OR5P2, OR6C1, OR2T1, OR5H2, OR4D2, OR51E2, OR5P3, OR5A2, OR2AG1, OR5AN1, OR52N4, OR1K1, GNAL, OR2AT4, OR51I1",0,NA,0,NA,0,"",0
"130",390321,"OR6C1",149,"MedConf","Novel","Olfactory transduction",22,"OR2T1, OR5H2, OR4D2, OR51E2, OR5P3, OR5A2, OR2AG1, OR5AN1, OR52N4, OR1K1, OR8D4, OR52J3, OR2AT4, OR51I1, OR5P2, OR10A3, OR2D3, OR6A2, OR4C15, OR9I1, GNAL, OR1E2",0,NA,0,NA,0,"",0
"131",338662,"OR8D4",145,"MedConf","Novel","Olfactory transduction",22,"OR52J3, OR1E2, OR5P2, OR6C1, OR2T1, OR5H2, OR4D2, OR51E2, OR5P3, OR5A2, OR2AG1, OR5AN1, OR52N4, OR1K1, OR51I1, OR2D3, OR2AT4, OR6A2, OR4C15, OR9I1, GNAL, OR10A3",0,NA,0,NA,0,"",0
"132",219954,"OR9I1",143,"MedConf","Novel","Olfactory transduction",22,"OR4C15, OR8D4, OR52J3, OR1E2, OR5P2, OR6C1, OR2T1, OR5H2, OR4D2, OR51E2, OR5P3, OR5A2, OR2AG1, OR5AN1, OR52N4, OR1K1, OR51I1, OR2AT4, OR6A2, OR10A3, GNAL, OR2D3",0,NA,0,NA,0,"",0
"133",8106,"PABPN1",128,"MedConf","Novel","mRNA surveillance pathway",24,"NFX1, SNRNP200, SF3B2, CPSF7, SNRPE, SF3A1, POLR2D, SNRPD1, SNRPG, SF3A3, POLR2K, SF3B1, SRSF3, POLR2B, SNRPA1, HNRNPA3, PHF5A, SNRPD3, SNRPB, SF3B5, POLR2G, SF3B6, SF3B3, MAGOH",0,NA,4,"POLR2K, POLR2G, POLR2D, POLR2B",0,"",4
"134",219988,"PATL1",58,"MedConf","Novel",NA,6,"POLR2G, POLR2D, LSM5, SNRPD3, SNRPD1, LSM10",0,NA,2,"POLR2G, POLR2D",0,"",2
"135",5116,"PCNT",131,"MedConf","Novel",NA,4,"CEP250, PLK1, CCP110, PRKACA",0,NA,0,NA,0,"",0
"136",5170,"PDPK1",93,"MedConf","Novel","AMPK signaling pathway, Insulin resistance, mTOR signaling pathway, PPAR signaling pathway, FoxO signaling pathway, Neurotrophin signaling pathway, Fc epsilon RI signaling pathway, Aldosterone-regulated sodium reabsorption",6,"INS, TAB1, FYN, PIK3CA, PIK3CB, PRKCE",0,NA,0,NA,0,"",0
"137",84844,"PHF5A",87,"HighConf","Novel","Spliceosome",25,"SRSF3, CPSF7, PABPN1, NFX1, DHX8, SNRPD3, SNRPG, SF3B5, SF3B3, SNRNP200, SF3B2, SNRPD1, POLR2D, SNRPB, POLR2K, SF3B6, POLR2G, SF3B1, MAGOH, SNRPA1, SNRPE, SF3A3, POLR2B, HNRNPA3, SF3A1",0,NA,4,"POLR2K, POLR2G, POLR2D, POLR2B",0,"",4
"138",5290,"PIK3CA",44,"MedConf","Novel","AMPK signaling pathway, Longevity regulating pathway, Insulin resistance, Relaxin signaling pathway, Estrogen signaling pathway, mTOR signaling pathway, Longevity regulating pathway - multiple species, FoxO signaling pathway, AGE-RAGE signaling pathway in diabetic complications, Regulation of lipolysis in adipocytes, VEGF signaling pathway, HIF-1 signaling pathway, Neurotrophin signaling pathway, Fc epsilon RI signaling pathway, Aldosterone-regulated sodium reabsorption, Cholinergic synapse",16,"ITGAV, PIK3CB, PDPK1, ITGB2, INS, CYSLTR1, LPAR3, ADRA1B, XCL1, NPFF, CCKBR, PROK2, PREX1, FYN, TBXA2R, NGFR",0,NA,0,NA,0,"",0
"139",5291,"PIK3CB",90,"MedConf","Novel","AMPK signaling pathway, Longevity regulating pathway, Insulin resistance, Relaxin signaling pathway, Estrogen signaling pathway, mTOR signaling pathway, Longevity regulating pathway - multiple species, FoxO signaling pathway, AGE-RAGE signaling pathway in diabetic complications, Regulation of lipolysis in adipocytes, VEGF signaling pathway, HIF-1 signaling pathway, Neurotrophin signaling pathway, Fc epsilon RI signaling pathway, Aldosterone-regulated sodium reabsorption, Cholinergic synapse",7,"PDPK1, ITGB2, LPAR3, PREX1, FYN, NGFR, PIK3CA",0,NA,0,NA,0,"",0
"140",5347,"PLK1",68,"MedConf","Novel","FoxO signaling pathway",36,"TPX2, WEE1, SMC3, RAD21, NUP107, XPO1, CCP110, FOXM1, PCNT, CEP250, KIF23, SPC24, CLSPN, KIF20A, LIN37, PSMD11, PSMA6, PSMB1, PSMC4, EP300, PSMD6, PSMC5, PRKACA, PSMA3, PSMC1, PSMB4, PSMD2, UBE2C, PSMD14, PSMD3, PSMB2, PSMA4, FOXO3, PSMB6, PSMA7, PSMA1",0,NA,0,NA,0,"",0
"141",1263,"PLK3",214,"MedConf","Novel","FoxO signaling pathway",1,"RAD21",0,NA,0,NA,0,"",0
"142",5356,"PLRG1",39,"MedConf","Novel","Spliceosome",11,"SNRPA1, DHX8, SNRPB, SF3B3, SNRPD3, SF3A3, SF3B2, SF3B1, SF3A1, ISY1-RAB43, MAGOH",0,NA,0,NA,0,"",0
"143",57104,"PNPLA2",108,"MedConf","Novel","Regulation of lipolysis in adipocytes",1,"ACSL6",0,NA,0,NA,0,"",0
"144",5431,"POLR2B",84,"HighConf","Pyrimidine metabolism","Pyrimidine metabolism, RNA polymerase, Purine metabolism",30,"HNRNPA3, PHF5A, SRSF3, CDK9, CPSF7, PABPN1, NME4, NME3, NME6, NFX1, INTS10, SNRPD1, SF3A3, SF3B2, SF3B3, SF3A1, SNRPG, SNRPB, SNRPD3, POLR2D, MAGOH, POLR2G, SNRNP200, SNRPE, SUPT5H, SF3B1, POLR2K, SF3B5, SF3B6, SNRPA1",0,NA,6,"POLR2K, POLR2G, POLR2D, NME6, NME4, NME3",0,"",6
"145",5433,"POLR2D",82,"HighConf","Pyrimidine metabolism","Pyrimidine metabolism, RNA polymerase, Purine metabolism",31,"POLR2K, POLR2B, HNRNPA3, PHF5A, SRSF3, CDK9, CPSF7, PABPN1, NME4, NME3, NME6, NFX1, INTS10, SF3B6, SNRPD1, SNRPD3, SF3B2, SUPT5H, SF3B3, SNRPG, MAGOH, SNRPB, SF3B1, PATL1, SF3A1, SF3B5, SNRNP200, SNRPA1, SNRPE, SF3A3, POLR2G",0,NA,6,"POLR2K, POLR2G, POLR2B, NME6, NME4, NME3",0,"",6
"146",5436,"POLR2G",81,"MedConf","Pyrimidine metabolism","Pyrimidine metabolism, RNA polymerase, Purine metabolism",30,"POLR2D, POLR2K, POLR2B, HNRNPA3, PHF5A, SRSF3, CDK9, CPSF7, PABPN1, NME4, NME3, NME6, NFX1, SNRPG, SNRPD1, PATL1, SUPT5H, SNRPD3, MAGOH, SNRPE, SF3B5, SF3A1, SF3B3, SF3B2, SF3B1, SF3A3, SF3B6, SNRPB, SNRNP200, SNRPA1",0,NA,6,"POLR2K, POLR2D, POLR2B, NME6, NME4, NME3",0,"",6
"147",5440,"POLR2K",83,"MedConf","Pyrimidine metabolism","Pyrimidine metabolism, RNA polymerase, Purine metabolism",29,"POLR2B, HNRNPA3, PHF5A, SRSF3, CDK9, CPSF7, PABPN1, NME4, NME3, NME6, NFX1, SF3B6, SUPT5H, SNRPB, SNRPD3, SNRPA1, SNRPD1, SF3A3, SF3A1, SNRPE, POLR2D, SNRPG, SF3B5, MAGOH, SF3B1, SNRNP200, POLR2G, SF3B2, SF3B3",0,NA,6,"POLR2G, POLR2D, POLR2B, NME6, NME4, NME3",0,"",6
"148",51371,"POMP",21,"HighConf","Novel","Proteasome",10,"PSMB4, PSMB1, PSMB2, PSMA4, PSMA1, PSMA2, PSMB6, PSMA7, PSMA6, PSMA3",0,NA,0,NA,0,"",0
"149",5467,"PPARD",203,"MedConf","Novel","PPAR signaling pathway",3,"EP300, NR5A1, RXRG",0,NA,0,NA,0,"",0
"150",5473,"PPBP",124,"MedConf","Novel",NA,8,"GAL, CHRM4, LPAR3, VEGFB, C3, ALDOA, SERPINA1, CXCR4",0,NA,0,NA,0,"",0
"151",57580,"PREX1",200,"MedConf","Novel",NA,2,"PIK3CB, PIK3CA",0,NA,0,NA,0,"",0
"152",5566,"PRKACA",3,"MedConf","Novel","Longevity regulating pathway, Olfactory transduction, Relaxin signaling pathway, Estrogen signaling pathway, Longevity regulating pathway - multiple species, Regulation of lipolysis in adipocytes, Vasopressin-regulated water reabsorption, Cholinergic synapse",16,"EP300, PRKCE, PLK1, CDK9, PRKAG1, GNAO1, CCP110, NOS3, ARHGDIG, PCNT, STRADA, KCNMA1, CREB3L4, CEP250, CACNG8, CREB3L3",0,NA,0,NA,0,"",0
"153",5571,"PRKAG1",100,"MedConf","Novel","AMPK signaling pathway, Longevity regulating pathway, Insulin resistance, Longevity regulating pathway - multiple species, FoxO signaling pathway",7,"FOXO4, STRADA, BABAM1, PRKCE, PRKACA, FOXO3, CDK9",0,NA,0,NA,0,"",0
"154",5581,"PRKCE",63,"MedConf","Novel","Insulin resistance, AGE-RAGE signaling pathway in diabetic complications, cGMP-PKG signaling pathway",5,"PDPK1, PRKAG1, IGSF5, TBXA2R, PRKACA",0,NA,0,NA,0,"",0
"155",60675,"PROK2",187,"MedConf","Novel",NA,8,"CCKBR, CYSLTR1, XCL1, LPAR3, NPFF, PIK3CA, ADRA1B, TBXA2R",0,NA,0,NA,0,"",0
"156",55615,"PRR5",218,"MedConf","Novel","mTOR signaling pathway",1,"TELO2",0,NA,0,NA,0,"",0
"157",5682,"PSMA1",18,"MedConf","Novel","Proteasome",25,"PSMC4, PSMC5, POMP, PSMD3, PSMB4, PSMB1, PSMB2, PSMA4, UBE2C, PLK1, RPN2, SEC61A1, DVL2, SEC61A2, HSPA8, PSMD14, PSMA6, PSMD11, PSMA7, PSMD2, PSMA3, PSMA2, PSMC1, PSMB6, PSMD6",0,NA,0,NA,0,"",0
"158",5683,"PSMA2",13,"HighConf","Novel","Proteasome",20,"PSMD14, PSMA3, PSMD11, PSMD2, PSMA1, PSMC4, PSMC5, POMP, PSMD3, PSMB4, PSMB1, PSMB2, PSMA4, RPN2, PSMC1, PSMA6, PSMB6, PSMA7, VCP, PSMD6",0,NA,0,NA,0,"",0
"159",5684,"PSMA3",15,"HighConf","Novel","Proteasome",26,"PSMD11, PSMD2, PSMA1, PSMC4, PSMC5, POMP, PSMD3, PSMB4, PSMB1, PSMB2, PSMA4, UBE2C, PLK1, RPN2, SEC61A1, DVL2, SEC61A2, GORASP2, PSMA6, PSMA2, PSMD14, HSPA8, PSMD6, PSMB6, PSMC1, PSMA7",0,NA,0,NA,0,"",0
"160",5685,"PSMA4",32,"MedConf","Novel","Proteasome",27,"UBE2C, PLK1, RPN2, SEC61A1, DVL2, SEC61A2, PSMD2, PSMA1, PSMB6, PSMC1, PSMB1, PSMD11, PSMD6, PSMA6, PSMC4, PSMC5, PSMB2, BABAM1, POMP, PSMA7, PSMD3, PSMA2, WDR5, PSMB4, PSMA3, HSPA8, PSMD14",0,NA,0,NA,0,"",0
"161",5687,"PSMA6",10,"HighConf","Novel","Proteasome",27,"PSMA7, PSMB6, PSMA2, PSMD14, PSMA3, PSMD11, PSMD2, PSMA1, PSMC4, PSMC5, POMP, PSMD3, PSMB4, PSMB1, PSMB2, PSMA4, UBE2C, PLK1, RPN2, SEC61A1, DVL2, UBLCP1, SEC61A2, GORASP2, PSMD6, PSMC1, HSPA8",0,NA,0,NA,0,"",0
"162",5688,"PSMA7",11,"MedConf","Novel","Proteasome",28,"PSMB6, PSMA2, PSMD14, PSMA3, PSMD11, PSMD2, PSMA1, PSMC4, PSMC5, POMP, PSMD3, PSMB4, PSMB1, PSMB2, TBXA2R, PSMA4, ACTR3, UBE2C, PLK1, RPN2, SEC61A1, DVL2, SEC61A2, ARPC1A, PSMD6, PSMC1, HSPA8, PSMA6",0,NA,0,NA,0,"",0
"163",5689,"PSMB1",24,"HighConf","Novel","Proteasome",25,"PSMB2, PSMA4, UBE2C, PLK1, RPN2, SEC61A1, DVL2, SEC61A2, PSMA6, PSMB6, PSMD3, PSMD14, PSMD6, HSPA8, PSMC5, PSMA2, PSMA7, PSMD2, PSMA1, PSMA3, PSMC4, PSMC1, PSMB4, POMP, PSMD11",0,NA,0,NA,0,"",0
"164",5690,"PSMB2",25,"HighConf","Novel","Proteasome",27,"PSMA4, UBE2C, PLK1, RPN2, SEC61A1, DVL2, UBLCP1, SEC61A2, PSMD11, VCP, PSMA6, PSMD14, PSMD2, PSMB6, PSMD3, HSPA8, POMP, PSMA1, PSMB1, PSMC4, PSMA2, PSMD6, PSMC1, PSMC5, PSMB4, PSMA3, PSMA7",0,NA,0,NA,0,"",0
"165",5692,"PSMB4",23,"MedConf","Novel","Proteasome",25,"PSMB1, PSMB2, PSMA4, UBE2C, PLK1, RPN2, SEC61A1, DVL2, SEC61A2, PSMB6, PSMD11, PSMA7, PSMD6, PSMC1, PSMD3, HSPA8, PSMA1, PSMC5, PSMA6, POMP, PSMD14, PSMC4, PSMA3, PSMD2, PSMA2",0,NA,0,NA,0,"",0
"166",5694,"PSMB6",12,"MedConf","Novel","Proteasome",25,"PSMA2, PSMD14, PSMA3, PSMD11, PSMD2, PSMA1, PSMC4, PSMC5, POMP, PSMD3, PSMB4, PSMB1, PSMB2, PSMA4, UBE2C, PLK1, RPN2, SEC61A1, DVL2, SEC61A2, PSMA6, HSPA8, PSMA7, PSMC1, PSMD6",0,NA,0,NA,0,"",0
"167",5700,"PSMC1",9,"HighConf","Novel","Proteasome",24,"PSMA6, PSMA7, PSMB6, PSMA2, PSMD14, PSMA3, PSMD11, PSMD2, PSMA1, PSMC4, PSMC5, PSMD3, PSMB4, PSMB1, PSMB2, PSMA4, UBE2C, PLK1, SEC61A1, DVL2, UBLCP1, SEC61A2, HSPA8, PSMD6",0,NA,0,NA,0,"",0
"168",5704,"PSMC4",19,"HighConf","Novel","Proteasome",24,"PSMC5, PSMD3, PSMB4, PSMB1, PSMB2, PSMA4, UBE2C, PLK1, SEC61A1, DVL2, UBLCP1, SEC61A2, PSMC1, PSMD2, HSPA8, PSMD14, PSMA3, PSMA6, PSMD11, PSMA7, PSMB6, PSMA2, PSMD6, PSMA1",0,NA,0,NA,0,"",0
"169",5705,"PSMC5",20,"HighConf","Novel","Proteasome",25,"PSMD3, PSMB4, PSMB1, PSMB2, PSMA4, UBE2C, PLK1, SEC61A1, DVL2, UBLCP1, SEC61A2, CIITA, PSMC1, PSMB6, PSMA3, HSPA8, PSMA1, PSMA2, PSMA6, PSMD2, PSMC4, PSMD11, PSMD14, PSMA7, PSMD6",0,NA,0,NA,0,"",0
"170",5717,"PSMD11",16,"MedConf","Novel","Proteasome",25,"PSMD2, PSMA1, PSMC4, PSMC5, PSMD3, PSMB4, PSMB1, PSMB2, PSMA4, UBE2C, PLK1, RPN2, SEC61A1, DVL2, UBLCP1, SEC61A2, PSMA6, PSMB6, PSMA3, PSMD6, PSMD14, PSMA7, HSPA8, PSMA2, PSMC1",0,NA,0,NA,0,"",0
"171",10213,"PSMD14",14,"MedConf","Novel","Proteasome",24,"PSMA3, PSMD11, PSMD2, PSMA1, PSMC4, PSMC5, PSMD3, PSMB4, PSMB1, PSMB2, PSMA4, UBE2C, PLK1, RPN2, SEC61A1, DVL2, SEC61A2, PSMA6, HSPA8, PSMA7, PSMB6, PSMA2, PSMC1, PSMD6",0,NA,0,NA,0,"",0
"172",5708,"PSMD2",17,"HighConf","Novel","Proteasome",24,"PSMA1, PSMC4, PSMC5, PSMD3, PSMB4, PSMB1, PSMB2, PSMA4, UBE2C, PLK1, SEC61A1, DVL2, UBLCP1, SEC61A2, PSMA2, HSPA8, PSMA6, PSMC1, PSMA7, PSMD11, PSMD14, PSMA3, PSMB6, PSMD6",0,NA,0,NA,0,"",0
"173",5709,"PSMD3",22,"MedConf","Novel","Proteasome",25,"PSMB4, PSMB1, PSMB2, PSMA4, UBE2C, PLK1, RPN2, SEC61A1, DVL2, UBLCP1, SEC61A2, PSMD6, PSMB6, PSMC5, PSMA7, PSMA1, PSMD11, HSPA8, PSMA2, PSMD14, PSMD2, PSMC4, PSMA6, PSMA3, PSMC1",0,NA,0,NA,0,"",0
"174",9861,"PSMD6",8,"HighConf","Novel","Proteasome",24,"PSMC1, PSMA6, PSMA7, PSMB6, PSMA2, PSMD14, PSMA3, PSMD11, PSMD2, PSMA1, PSMC4, PSMC5, PSMD3, PSMB4, PSMB1, PSMB2, PSMA4, UBE2C, PLK1, SEC61A1, DVL2, UBLCP1, SEC61A2, HSPA8",0,NA,0,NA,0,"",0
"175",5801,"PTPRR",61,"MedConf","Novel",NA,1,"MAPK13",0,NA,0,NA,0,"",0
"176",5885,"RAD21",76,"MedConf","Novel",NA,6,"NUP107, XPO1, SPC24, PLK3, SMC3, PLK1",0,NA,0,NA,0,"",0
"177",6119,"RPA3",78,"MedConf","Novel",NA,3,"DNAJB1, HSPB2, CLSPN",0,NA,0,NA,0,"",0
"178",6154,"RPL26",43,"MedConf","Novel",NA,9,"EIF3F, SRP68, RPN2, CASC3, SEC11A, RPS3A, MAGOH, RPSA, RPS28",0,NA,0,NA,0,"",0
"179",6185,"RPN2",91,"MedConf","Novel","Protein processing in endoplasmic reticulum",21,"SEC61A1, SEC61A2, SEC11A, RPSA, PSMD14, PSMA3, RPS3A, PSMD3, PSMA4, PSMD11, PSMA1, SRP68, PSMB2, PSMB4, PSMA2, PSMB1, RPL26, PSMA6, PSMA7, RPS28, PSMB6",0,NA,0,NA,0,"",0
"180",6234,"RPS28",38,"MedConf","Novel",NA,9,"RPL26, EIF3F, SRP68, RPN2, CASC3, SEC11A, RPS3A, MAGOH, RPSA",0,NA,0,NA,0,"",0
"181",6189,"RPS3A",37,"MedConf","Novel",NA,9,"RPS28, RPL26, EIF3F, SRP68, RPN2, CASC3, SEC11A, MAGOH, RPSA",0,NA,0,NA,0,"",0
"182",3921,"RPSA",36,"MedConf","Novel",NA,9,"RPS3A, RPS28, RPL26, EIF3F, SRP68, RPN2, CASC3, SEC11A, MAGOH",0,NA,0,NA,0,"",0
"183",10856,"RUVBL2",5,"MedConf","Novel",NA,2,"WDR5, TELO2",0,NA,0,NA,0,"",0
"184",6258,"RXRG",107,"MedConf","Novel","PPAR signaling pathway",4,"KLK3, PPARD, NR5A1, EP300",0,NA,0,NA,0,"",0
"185",6385,"SDC4",216,"MedConf","Novel",NA,3,"CXCR4, ITGAV, COL2A1",0,NA,0,NA,0,"",0
"186",23478,"SEC11A",197,"MedConf","Novel","Protein export",6,"RPN2, RPS3A, RPL26, RPSA, SRP68, RPS28",0,NA,0,NA,0,"",0
"187",29927,"SEC61A1",92,"HighConf","Novel","Protein export, Protein processing in endoplasmic reticulum",19,"SEC61A2, PSMD11, PSMC5, PSMA6, PSMB2, PSMA1, PSMA3, PSMB1, PSMB4, PSMC1, PSMC4, PSMA7, PSMA4, PSMD6, PSMD14, PSMB6, RPN2, PSMD2, PSMD3",0,NA,0,NA,0,"",0
"188",55176,"SEC61A2",182,"MedConf","Novel","Protein export, Protein processing in endoplasmic reticulum",19,"PSMA3, SEC61A1, PSMB4, PSMD11, PSMB2, PSMD2, PSMD3, RPN2, PSMC1, PSMC5, PSMD14, PSMB1, PSMA6, PSMA1, PSMA7, PSMA4, PSMC4, PSMB6, PSMD6",0,NA,0,NA,0,"",0
"189",81929,"SEH1L",220,"HighConf","Novel","RNA transport, mTOR signaling pathway",2,"NUP107, NUP98",0,NA,0,NA,0,"",0
"190",5265,"SERPINA1",33,"MedConf","Novel",NA,5,"CEBPB, ALDOA, VEGFB, PPBP, KLK3",0,NA,0,NA,0,"",0
"191",10291,"SF3A1",60,"HighConf","Novel","Spliceosome",26,"SF3B6, SF3B5, POLR2G, POLR2D, POLR2K, POLR2B, HNRNPA3, PHF5A, SRSF3, CPSF7, PABPN1, NFX1, SNRPD3, SNRPE, SF3A3, SF3B2, SNRPB, SNRNP200, SNRPD1, LSM10, MAGOH, SF3B1, SNRPA1, PLRG1, SNRPG, SF3B3",0,NA,4,"POLR2K, POLR2G, POLR2D, POLR2B",0,"",4
"192",10946,"SF3A3",52,"MedConf","Novel","Spliceosome",26,"SNRPD1, SF3B2, SNRPG, SF3B1, SNRNP200, SNRPE, SF3A1, SF3B6, SF3B5, POLR2G, POLR2D, POLR2K, POLR2B, HNRNPA3, PHF5A, SRSF3, CPSF7, PABPN1, NFX1, SNRPB, SNRPD3, SF3B3, PLRG1, MAGOH, SNRPA1, LSM10",0,NA,4,"POLR2K, POLR2G, POLR2D, POLR2B",0,"",4
"193",23451,"SF3B1",56,"HighConf","Novel","Spliceosome",25,"SNRNP200, SNRPE, SF3A1, SF3B6, SF3B5, POLR2G, POLR2D, POLR2K, POLR2B, HNRNPA3, PHF5A, SRSF3, CPSF7, PABPN1, NFX1, SF3B2, SNRPA1, SNRPD1, MAGOH, SF3A3, SNRPG, PLRG1, SNRPD3, SF3B3, SNRPB",0,NA,4,"POLR2K, POLR2G, POLR2D, POLR2B",0,"",4
"194",10992,"SF3B2",54,"MedConf","Novel","Spliceosome",27,"SNRPG, SF3B1, SNRNP200, SNRPE, SF3A1, SF3B6, SF3B5, POLR2G, POLR2D, POLR2K, POLR2B, HNRNPA3, PHF5A, SRSF3, CPSF7, PABPN1, NFX1, SF3B3, MAGOH, SNRPD1, SNRPA1, LSM10, ZNF830, SNRPD3, PLRG1, SNRPB, SF3A3",0,NA,4,"POLR2K, POLR2G, POLR2D, POLR2B",0,"",4
"195",23450,"SF3B3",50,"MedConf","Novel","Spliceosome",25,"SNRPD3, SF3A3, SNRPD1, SF3B2, SNRPG, SF3B1, SNRNP200, SNRPE, SF3A1, SF3B6, SF3B5, POLR2G, POLR2D, POLR2K, POLR2B, HNRNPA3, PHF5A, SRSF3, CPSF7, PABPN1, NFX1, SNRPB, PLRG1, SNRPA1, MAGOH",0,NA,4,"POLR2K, POLR2G, POLR2D, POLR2B",0,"",4
"196",83443,"SF3B5",66,"HighConf","Novel","Spliceosome",24,"POLR2G, POLR2D, POLR2K, POLR2B, HNRNPA3, PHF5A, SRSF3, CPSF7, PABPN1, NFX1, SF3A1, MAGOH, SNRPD3, SF3B2, SNRPD1, SNRPE, SF3A3, SNRPG, SF3B1, SNRPA1, SNRPB, SNRNP200, SF3B3, SF3B6",0,NA,4,"POLR2K, POLR2G, POLR2D, POLR2B",0,"",4
"197",51639,"SF3B6",65,"HighConf","Novel","Spliceosome",24,"SF3B5, POLR2G, POLR2D, POLR2K, POLR2B, HNRNPA3, PHF5A, SRSF3, CPSF7, PABPN1, NFX1, SF3A3, SNRPD3, SF3B2, MAGOH, SF3A1, SNRNP200, SNRPE, SF3B1, SNRPD1, SNRPG, SNRPB, SNRPA1, SF3B3",0,NA,4,"POLR2K, POLR2G, POLR2D, POLR2B",0,"",4
"198",6449,"SGTA",164,"MedConf","Novel",NA,1,"HSPA8",0,NA,0,NA,0,"",0
"199",9126,"SMC3",75,"HighConf","Novel",NA,6,"RAD21, NUP107, XPO1, SPC24, USP13, PLK1",0,NA,0,NA,0,"",0
"200",23020,"SNRNP200",57,"MedConf","Novel","Spliceosome",24,"SNRPE, SF3A1, SF3B6, SF3B5, POLR2G, POLR2D, POLR2K, POLR2B, HNRNPA3, PHF5A, SRSF3, CPSF7, PABPN1, NFX1, SF3A3, SF3B1, MAGOH, SNRPG, SF3B2, SNRPD3, SNRPD1, SF3B3, SNRPB, SNRPA1",0,NA,4,"POLR2K, POLR2G, POLR2D, POLR2B",0,"",4
"201",6627,"SNRPA1",40,"HighConf","Novel","Spliceosome",28,"LSM10, SNRPB, SF3B3, SNRPD3, SF3A3, SNRPD1, SF3B2, SNRPG, SF3B1, SNRNP200, SNRPE, SF3A1, SF3B6, SF3B5, POLR2G, POLR2D, POLR2K, POLR2B, HNRNPA3, PHF5A, SRSF3, CPSF7, PABPN1, NFX1, ISY1-RAB43, SNRPC, PLRG1, MAGOH",0,NA,4,"POLR2K, POLR2G, POLR2D, POLR2B",0,"",4
"202",6628,"SNRPB",49,"HighConf","Novel","Spliceosome",29,"SF3B3, SNRPD3, SF3A3, SNRPD1, SF3B2, SNRPG, SF3B1, SNRNP200, SNRPE, SF3A1, SF3B6, SF3B5, NUP62, POLR2G, POLR2D, POLR2K, POLR2B, HNRNPA3, PHF5A, SRSF3, NUP107, CPSF7, PABPN1, NFX1, SNRPC, PLRG1, MAGOH, SNRPA1, LSM10",0,NA,4,"POLR2K, POLR2G, POLR2D, POLR2B",0,"",4
"203",6631,"SNRPC",199,"MedConf","Novel","Spliceosome",7,"SNRPD1, SNRPD3, LSM10, SNRPA1, SNRPE, SNRPB, SNRPG",0,NA,0,NA,0,"",0
"204",6632,"SNRPD1",53,"HighConf","Novel","Spliceosome",29,"SF3B2, SNRPG, SF3B1, SNRNP200, PATL1, SNRPE, SF3A1, SF3B6, SF3B5, NUP62, POLR2G, POLR2D, POLR2K, POLR2B, HNRNPA3, PHF5A, SRSF3, NUP107, CPSF7, PABPN1, NFX1, SNRPC, LSM5, SNRPA1, SNRPB, SNRPD3, MAGOH, SF3B3, SF3A3",0,NA,4,"POLR2K, POLR2G, POLR2D, POLR2B",0,"",4
"205",6634,"SNRPD3",51,"HighConf","Novel","Spliceosome",31,"SF3A3, SNRPD1, SF3B2, SNRPG, SF3B1, SNRNP200, PATL1, SNRPE, SF3A1, SF3B6, SF3B5, NUP62, POLR2G, POLR2D, POLR2K, POLR2B, HNRNPA3, PHF5A, SRSF3, NUP107, CPSF7, PABPN1, NFX1, SNRPC, LSM5, SNRPB, SNRPA1, SF3B3, LSM10, MAGOH, PLRG1",0,NA,4,"POLR2K, POLR2G, POLR2D, POLR2B",0,"",4
"206",6635,"SNRPE",59,"HighConf","Novel","Spliceosome",28,"SF3A1, SF3B6, SF3B5, NUP62, POLR2G, POLR2D, POLR2K, POLR2B, HNRNPA3, PHF5A, SRSF3, NUP107, CPSF7, PABPN1, NFX1, SNRPC, SF3B2, LSM10, SF3B1, SNRPB, MAGOH, SNRPG, SF3A3, SNRNP200, SNRPD3, SNRPA1, SNRPD1, SF3B3",0,NA,4,"POLR2K, POLR2G, POLR2D, POLR2B",0,"",4
"207",6637,"SNRPG",55,"MedConf","Novel","Spliceosome",29,"SF3B1, SNRNP200, SNRPE, SF3A1, SF3B6, SF3B5, NUP62, POLR2G, POLR2D, POLR2K, POLR2B, HNRNPA3, PHF5A, SRSF3, NUP107, CPSF7, PABPN1, NFX1, SNRPC, TACC1, SNRPD1, SNRPD3, SF3B3, MAGOH, SF3A3, SF3B2, SNRPB, LSM10, SNRPA1",0,NA,4,"POLR2K, POLR2G, POLR2D, POLR2B",0,"",4
"208",6651,"SON",192,"HighConf","Novel",NA,1,"MAGOH",0,NA,0,NA,0,"",0
"209",147841,"SPC24",209,"MedConf","Novel",NA,5,"SMC3, RAD21, PLK1, XPO1, NUP107",0,NA,0,NA,0,"",0
"210",6730,"SRP68",67,"HighConf","Novel","Protein export",6,"RPN2, SEC11A, RPSA, RPS3A, RPL26, RPS28",0,NA,0,NA,0,"",0
"211",6428,"SRSF3",88,"MedConf","Novel","Spliceosome",27,"NUP107, CPSF7, PABPN1, NFX1, SF3B6, SNRPG, SNRPD1, SF3B5, SNRNP200, SF3B3, SF3B2, NUP62, MAGOH, POLR2D, POLR2G, SNRPB, SNRPD3, SF3B1, HNRNPA3, POLR2K, POLR2B, SNRPA1, SF3A3, SNRPE, PHF5A, NXF1, SF3A1",0,NA,4,"POLR2K, POLR2G, POLR2D, POLR2B",0,"",4
"212",6767,"ST13",166,"MedConf","Novel",NA,1,"HSPA8",0,NA,0,NA,0,"",0
"213",9754,"STARD8",226,"MedConf","Novel",NA,2,"ARHGDIG, ARHGEF7",0,NA,0,NA,0,"",0
"214",92335,"STRADA",171,"MedConf","Novel","AMPK signaling pathway, mTOR signaling pathway",2,"PRKAG1, PRKACA",0,NA,0,NA,0,"",0
"215",6829,"SUPT5H",34,"MedConf","Novel",NA,5,"POLR2G, POLR2D, POLR2K, POLR2B, CDK9",0,NA,4,"POLR2K, POLR2G, POLR2D, POLR2B",0,"",4
"216",10454,"TAB1",219,"MedConf","Novel",NA,2,"IRAK2, PDPK1",0,NA,0,NA,0,"",0
"217",6867,"TACC1",205,"HighConf","Novel",NA,1,"SNRPG",0,NA,0,NA,0,"",0
"218",23435,"TARDBP",221,"MedConf","Novel",NA,1,"IRAK2",0,NA,0,NA,0,"",0
"219",6915,"TBXA2R",28,"HighConf","Novel",NA,11,"PIK3CA, PRKCE, CYSLTR1, LPAR3, ADRA1B, XCL1, NPFF, CCKBR, KCNMA1, PROK2, PSMA7",0,NA,0,NA,0,"",0
"220",9894,"TELO2",85,"MedConf","Novel","mTOR signaling pathway",2,"PRR5, RUVBL2",0,NA,0,NA,0,"",0
"221",114609,"TIRAP",222,"HighConf","Novel",NA,1,"IRAK2",0,NA,0,NA,0,"",0
"222",22974,"TPX2",69,"MedConf","Novel",NA,2,"KPNB1, PLK1",0,NA,0,NA,0,"",0
"223",55503,"TRPV6",177,"MedConf","Novel",NA,1,"FYN",0,NA,0,NA,0,"",0
"224",7247,"TSN",190,"MedConf","Novel",NA,1,"MAGOH",0,NA,0,NA,0,"",0
"225",11065,"UBE2C",42,"MedConf","Novel",NA,19,"CEBPB, PLK1, PSMC5, PSMD3, PSMD11, PSMC4, PSMD6, PSMB2, PSMD2, PSMC1, PSMB1, PSMA6, PSMA3, PSMB6, PSMB4, PSMA7, PSMD14, PSMA1, PSMA4",0,NA,0,NA,0,"",0
"226",134510,"UBLCP1",181,"MedConf","Novel",NA,9,"PSMD2, PSMD3, PSMD11, PSMC1, PSMD6, PSMC4, PSMC5, PSMB2, PSMA6",0,NA,0,NA,0,"",0
"227",137886,"UBXN2B",169,"MedConf","Novel",NA,1,"VCP",0,NA,0,NA,0,"",0
"228",7345,"UCHL1",165,"MedConf","Novel",NA,1,"HSPA8",0,NA,0,NA,0,"",0
"229",7371,"UCK2",132,"MedConf","Pyrimidine metabolism","Pyrimidine metabolism",1,"CANT1",0,NA,1,"CANT1",0,"",1
"230",7353,"UFD1L",70,"HighConf","Novel","Protein processing in endoplasmic reticulum",3,"NPLOC4, USP13, VCP",0,NA,0,NA,0,"",0
"231",8975,"USP13",213,"MedConf","Novel",NA,3,"SMC3, NPLOC4, UFD1L",0,NA,0,NA,0,"",0
"232",7415,"VCP",2,"HighConf","Novel","Protein processing in endoplasmic reticulum",7,"PSMA2, PSMB2, UFD1L, NPLOC4, UBXN2B, ASPSCR1, HSPA8",0,NA,0,NA,0,"",0
"233",7423,"VEGFB",122,"MedConf","Novel","Relaxin signaling pathway, AGE-RAGE signaling pathway in diabetic complications",4,"PPBP, SERPINA1, ALDOA, NGFR",0,NA,0,NA,0,"",0
"234",11091,"WDR5",27,"HighConf","Novel",NA,3,"PSMA4, KAT2A, RUVBL2",0,NA,0,NA,0,"",0
"235",7465,"WEE1",72,"MedConf","Novel",NA,2,"XPO1, PLK1",0,NA,0,NA,0,"",0
"236",6375,"XCL1",135,"MedConf","Novel",NA,9,"NPFF, CCKBR, PROK2, TBXA2R, PIK3CA, LPAR3, CYSLTR1, CXCR4, ADRA1B",0,NA,0,NA,0,"",0
"237",7514,"XPO1",98,"MedConf","Novel","RNA transport, Ribosome biogenesis in eukaryotes",12,"FOXO4, CIITA, SPC24, NXF1, EIF5A, WEE1, NUP107, NUP62, FOXO3, SMC3, RAD21, PLK1",0,NA,0,NA,0,"",0
"238",91603,"ZNF830",30,"MedConf","Novel",NA,1,"SF3B2",0,NA,0,NA,0,"",0
