EntrezID,GeneSymbol,InputCategory,Group,TRIAGEpathways,Total.Network.Hits,All.Network.Hits,Total.Network.RNA transport,Network.RNA transport.Hits,Total.Network.Ribosome,Network.Ribosome.Hits,Total.Network.Selected.Pathways
1244,ABCC2,MedConf,Additional TRIAGE hits,,1,EEF1A1,1,EEF1A1,0,,2
84448,ABLIM2,MedConf,Additional TRIAGE hits,,1,CDC42,0,,0,,1
80325,ABTB1,MedConf,Additional TRIAGE hits,,1,EEF1A1,1,EEF1A1,0,,2
39,ACAT2,MedConf,Additional TRIAGE hits,"Lysine degradation, Pyruvate metabolism, Propanoate metabolism",4,"TRAPPC8, HADHA, SPR, UBXN1",0,,0,,4
55331,ACER3,MedConf,Additional TRIAGE hits,,1,SPHK1,0,,0,,1
58,ACTA1,MedConf,Additional TRIAGE hits,,5,"PAK2, FLT1, FLT4, MEF2C, CDC42",0,,0,,5
59,ACTA2,MedConf,Additional TRIAGE hits,Relaxin signaling pathway,10,"MYL10, MYOCD, RPS15A, RPS23, RPL7A, RPS4X, RPL10A, RPL18, RPL17, SPTAN1",0,,7,"RPS4X, RPS23, RPS15A, RPL7A, RPL18, RPL17, RPL10A",17
102,ADAM10,HighConf,Additional TRIAGE hits,,1,EGF,0,,0,,1
192669,AGO3,HighConf,Additional TRIAGE hits,,1,PTEN,0,,0,,1
186,AGTR2,MedConf,Additional TRIAGE hits,,4,"GNG2, LPAR1, CHRM2, RXFP3",0,,0,,4
25909,AHCTF1,MedConf,Additional TRIAGE hits,,10,"NUP160, TAOK1, RANBP2, RANGAP1, RPS27, NUP107, NUP133, XPO1, CDC42, NUP85",7,"XPO1, RANGAP1, RANBP2, NUP85, NUP160, NUP133, NUP107",1,RPS27,18
84962,AJUBA,MedConf,Additional TRIAGE hits,,2,"POLR2J, EP300",0,,0,,2
122481,AK7,MedConf,Additional TRIAGE hits,,1,ENTPD3,0,,0,,1
207,AKT1,HighConf,Additional TRIAGE hits,"EGFR tyrosine kinase inhibitor resistance, PI3K-Akt signaling pathway, Focal adhesion, Ras signaling pathway, mTOR signaling pathway, MAPK signaling pathway, HIF-1 signaling pathway, T cell receptor signaling pathway, FoxO signaling pathway, Relaxin signaling pathway, Rap1 signaling pathway, ErbB signaling pathway, Autophagy - animal, Phospholipase D signaling pathway",20,"JAK1, PTEN, CREB5, NCOR2, EP300, RPS6KB1, GNG2, RRAGB, CSF2, CRTC2, MEF2C, PCK2, PHF20, EDNRA, BRPF1, GRB2, PPP2R2A, UBE2D1, MTOR, OGT",0,,0,,20
219,ALDH1B1,MedConf,Additional TRIAGE hits,"Lysine degradation, Pyruvate metabolism",3,"DBT, OAT, RPL6",0,,1,RPL6,4
51529,ANAPC11,MedConf,Additional TRIAGE hits,,3,"ATG7, EHMT1, RELA",0,,0,,3
1173,AP2M1,HighConf,Additional TRIAGE hits,,7,"EGF, DVL2, CHRM2, ARPC1A, ARPC5, EGFR, CD4",0,,0,,7
116985,ARAP1,MedConf,Additional TRIAGE hits,,3,"ARF1, CDC42, RAP1B",0,,0,,3
375,ARF1,HighConf,Additional TRIAGE hits,Phospholipase D signaling pathway,19,"LDHAL6B, CCT3, SPTAN1, RAB1B, SPTBN1, HIP1R, EIF2B1, RAB6A, TMED10, RAB2A, TMED2, GOSR2, RAB6B, GBF1, CTSZ, KIF3C, KIFC2, ARAP1, TRIP11",1,EIF2B1,0,,20
55082,ARGLU1,HighConf,Additional TRIAGE hits,,2,"CHERP, SF3A2",0,,0,,2
9743,ARHGAP32,HighConf,Additional TRIAGE hits,,1,CDC42,0,,0,,1
158763,ARHGAP36,MedConf,Additional TRIAGE hits,,1,CDC42,0,,0,,1
64333,ARHGAP9,MedConf,Additional TRIAGE hits,,1,CDC42,0,,0,,1
23365,ARHGEF12,HighConf,Additional TRIAGE hits,Regulation of actin cytoskeleton,3,"CDC42, CD4, GNG2",0,,0,,3
128272,ARHGEF19,HighConf,Additional TRIAGE hits,,1,CDC42,0,,0,,1
9181,ARHGEF2,MedConf,Additional TRIAGE hits,,1,CDC42,0,,0,,1
10552,ARPC1A,HighConf,Additional TRIAGE hits,Regulation of actin cytoskeleton,13,"ARPC5, EGFR, CD4, GAPVD1, AP2M1, SH3GL3, EGF, DVL2, CHRM2, PSMA7, CTTN, CDC42, HIP1R",0,,0,,13
10092,ARPC5,MedConf,Additional TRIAGE hits,Regulation of actin cytoskeleton,13,"EGFR, CD4, GAPVD1, AP2M1, SH3GL3, EGF, DVL2, CHRM2, EIF3H, CTTN, CDC42, HIP1R, ARPC1A",1,EIF3H,0,,14
466,ATF1,MedConf,Additional TRIAGE hits,,2,"CRTC2, CREB5",0,,0,,2
9140,ATG12,HighConf,Additional TRIAGE hits,"FoxO signaling pathway, Autophagy - animal",3,"GABARAPL2, MAP1LC3A, ATG7",0,,0,,3
10533,ATG7,HighConf,Additional TRIAGE hits,Autophagy - animal,20,"ATG12, GABARAPL2, UBE2G2, DCAF1, RNF25, FBXL12, HERC6, FBXO21, UBE2J2, FBXW11, BTRC, UBE2D1, MAP1LC3A, ANAPC11, HUWE1, UBE2V2, CUL5, KBTBD7, UBA6, RNF126",0,,0,,20
535,ATP6V0A1,HighConf,Additional TRIAGE hits,,3,"ATP6V1E2, RPS18, ATP6V1H",0,,1,RPS18,4
90423,ATP6V1E2,MedConf,Additional TRIAGE hits,mTOR signaling pathway,3,"LHPP, ATP6V1H, ATP6V0A1",0,,0,,3
51606,ATP6V1H,MedConf,Additional TRIAGE hits,mTOR signaling pathway,5,"MRPL1, CDC42, ATP6V0A1, ATP6V1E2, LHPP",0,,1,MRPL1,6
22893,BAHD1,HighConf,Additional TRIAGE hits,,2,"HDAC1, SUV39H1",0,,0,,2
607,BCL9,HighConf,Additional TRIAGE hits,,1,HDAC1,0,,0,,1
7862,BRPF1,MedConf,Additional TRIAGE hits,,3,"HDAC1, AKT1, EP300",0,,0,,3
8945,BTRC,MedConf,Additional TRIAGE hits,,4,"RELA, ATG7, HNRNPU, HDAC1",0,,0,,4
718,C3,MedConf,Additional TRIAGE hits,,4,"GNG2, LPAR1, CHRM2, RXFP3",0,,0,,4
728,C5AR1,MedConf,Additional TRIAGE hits,,4,"LPAR1, CHRM2, RXFP3, GNG2",0,,0,,4
786,CACNG1,HighConf,Additional TRIAGE hits,MAPK signaling pathway,3,"PKD1L1, CATSPERD, PPP2R2A",0,,0,,3
8536,CAMK1,MedConf,Additional TRIAGE hits,,1,CREB5,0,,0,,1
257062,CATSPERD,MedConf,Additional TRIAGE hits,,1,CACNG1,0,,0,,1
858,CAV2,HighConf,Additional TRIAGE hits,Focal adhesion,1,EGFR,0,,0,,1
904,CCNT1,HighConf,Additional TRIAGE hits,,3,"POLR2J, NCBP2, TGFBR2",1,NCBP2,0,,4
7203,CCT3,MedConf,Additional TRIAGE hits,,6,"NOP56, PPP2R2A, PC, GNG2, SPHK1, ARF1",0,,0,,6
947,CD34,MedConf,Additional TRIAGE hits,,1,NUP62,1,NUP62,0,,2
920,CD4,HighConf,Additional TRIAGE hits,T cell receptor signaling pathway,14,"GAPVD1, AP2M1, SH3GL3, EGF, LCP2, DVL2, CHRM2, ARHGEF12, CTTN, HIP1R, ARPC1A, ARPC5, EGFR, CD8B",0,,0,,14
961,CD47,MedConf,Additional TRIAGE hits,,1,COL4A4,0,,0,,1
926,CD8B,MedConf,Additional TRIAGE hits,T cell receptor signaling pathway,3,"CD4, LCP2, RSKR",0,,0,,3
978,CDA,MedConf,Additional TRIAGE hits,Pyrimidine metabolism,2,"XPO1, TIMM8A",1,XPO1,0,,3
998,CDC42,MedConf,Additional TRIAGE hits,"Focal adhesion, Ras signaling pathway, Regulation of actin cytoskeleton, MAPK signaling pathway, T cell receptor signaling pathway, Rap1 signaling pathway",43,"ARPC1A, ZWILCH, NUP85, AHCTF1, NUP160, ARPC5, ACTA1, EGFR, ITGB3BP, RAP1B, PAK2, EPS8, RPS6KB1, EGF, GNG2, LCP2, CXCR4, TIAM1, MEF2C, ARHGEF2, TAOK1, ABLIM2, ARAP1, TIAM2, ARHGEF19, ARHGAP36, ARHGAP32, STARD13, ARHGAP9, RANBP2, RANGAP1, RPS27, ATP6V1H, CLASP1, NUP107, NUP133, XPO1, MTOR, ARHGEF12, CTTN, RAB1B, CENPQ, PARD6B",7,"XPO1, RANGAP1, RANBP2, NUP85, NUP160, NUP133, NUP107",1,RPS27,51
1003,CDH5,MedConf,Additional TRIAGE hits,,1,PAK2,0,,0,,1
8621,CDK13,MedConf,Additional TRIAGE hits,,2,"PRPF3, TGFBR2",0,,0,,2
55166,CENPQ,MedConf,Additional TRIAGE hits,,10,"CDC42, NUP85, NUP160, TAOK1, RANBP2, RANGAP1, RPS27, NUP107, NUP133, XPO1",7,"XPO1, RANGAP1, RANBP2, NUP85, NUP160, NUP133, NUP107",1,RPS27,18
91012,CERS5,MedConf,Additional TRIAGE hits,,1,SPHK1,0,,0,,1
1675,CFD,MedConf,Additional TRIAGE hits,,2,"EGF, VEGFD",0,,0,,2
10523,CHERP,MedConf,Additional TRIAGE hits,Spliceosome,21,"HNRNPF, PABPN1, SLU7, ZNF827, PPWD1, PRPF3, RBM22, SF3A2, HNRNPU, SNRPA1, SF3B3, PRPF40A, LSM3, LSM2, SNRPB, SF3A1, SUGP1, ELAVL1, POLR2J, NCBP2, ARGLU1",1,NCBP2,0,,22
1129,CHRM2,MedConf,Additional TRIAGE hits,"PI3K-Akt signaling pathway, Regulation of actin cytoskeleton",23,"CXCR4, MTNR1A, HTR1F, RXFP3, NPBWR1, AGTR2, GABBR1, OPRM1, CTTN, HIP1R, ARPC1A, C3, ARPC5, EGFR, CD4, GAPVD1, AP2M1, SH3GL3, EGF, GNG2, C5AR1, LPAR1, DVL2",0,,0,,23
4435,CITED1,MedConf,Additional TRIAGE hits,,1,EP300,0,,0,,1
23332,CLASP1,MedConf,Additional TRIAGE hits,,10,"NUP107, NUP133, XPO1, CDC42, NUP85, NUP160, TAOK1, RANBP2, RANGAP1, RPS27",7,"XPO1, RANGAP1, RANBP2, NUP85, NUP160, NUP133, NUP107",1,RPS27,18
1207,CLNS1A,HighConf,RNA transport,RNA transport,8,"LSM3, LSM2, SNRPB, MDH2, UBXN1, GEMIN2, PDIA6, S100A6",1,GEMIN2,0,,9
51727,CMPK1,MedConf,Additional TRIAGE hits,Pyrimidine metabolism,1,ENTPD3,0,,0,,1
9382,COG1,MedConf,Additional TRIAGE hits,,1,MAN2A1,0,,0,,1
22796,COG2,HighConf,Additional TRIAGE hits,,1,MAN2A1,0,,0,,1
83548,COG3,HighConf,Additional TRIAGE hits,,1,MAN2A1,0,,0,,1
25839,COG4,HighConf,Additional TRIAGE hits,,2,"MAN2A1, RPS20",0,,1,RPS20,3
91949,COG7,MedConf,Additional TRIAGE hits,,1,MAN2A1,0,,0,,1
7373,COL14A1,MedConf,Additional TRIAGE hits,,3,"COL4A4, PLOD1, PLOD3",0,,0,,3
1307,COL16A1,MedConf,Additional TRIAGE hits,,3,"COL4A4, PLOD1, PLOD3",0,,0,,3
169044,COL22A1,MedConf,Additional TRIAGE hits,,3,"COL4A4, PLOD1, PLOD3",0,,0,,3
1286,COL4A4,MedConf,Additional TRIAGE hits,"PI3K-Akt signaling pathway, Focal adhesion, Relaxin signaling pathway",9,"ENPP1, PLOD1, PLOD3, ITGA4, PPIB, COL14A1, CD47, COL22A1, COL16A1",0,,0,,9
51138,COPS4,MedConf,Additional TRIAGE hits,,2,"GRB2, POLR2J",0,,0,,2
10980,COPS6,MedConf,Additional TRIAGE hits,,2,"POLR2J, GRB2",0,,0,,2
64708,COPS7B,MedConf,Additional TRIAGE hits,,2,"GRB2, POLR2J",0,,0,,2
10920,COPS8,MedConf,Additional TRIAGE hits,,2,"GRB2, POLR2J",0,,0,,2
9586,CREB5,MedConf,Additional TRIAGE hits,"PI3K-Akt signaling pathway, Relaxin signaling pathway",5,"EP300, ATF1, CRTC2, CAMK1, AKT1",0,,0,,5
1392,CRH,MedConf,Additional TRIAGE hits,,1,GNG2,0,,0,,1
200186,CRTC2,HighConf,Additional TRIAGE hits,PI3K-Akt signaling pathway,6,"CRTC3, OGT, AKT1, CREB5, EP300, ATF1",0,,0,,6
64784,CRTC3,HighConf,Additional TRIAGE hits,,1,CRTC2,0,,0,,1
1437,CSF2,MedConf,Additional TRIAGE hits,T cell receptor signaling pathway,8,"NFATC3, IL15RA, GRB2, RELA, AKT1, JAK1, EP300, GHR",0,,0,,8
1455,CSNK1G2,MedConf,Additional TRIAGE hits,,2,"DVL2, WNT1",0,,0,,2
1459,CSNK2A2,MedConf,Additional TRIAGE hits,Ribosome biogenesis in eukaryotes,3,"DVL2, MAP1LC3A, EIF3H",1,EIF3H,0,,4
9150,CTDP1,HighConf,Additional TRIAGE hits,,2,"POLR2J, NCBP2",1,NCBP2,0,,3
1522,CTSZ,MedConf,Additional TRIAGE hits,,1,ARF1,0,,0,,1
2017,CTTN,MedConf,Additional TRIAGE hits,,9,"CDC42, ARPC1A, ARPC5, EGFR, CD4, PAK2, EGF, DVL2, CHRM2",0,,0,,9
8065,CUL5,MedConf,Additional TRIAGE hits,,1,ATG7,0,,0,,1
7852,CXCR4,HighConf,Additional TRIAGE hits,,6,"RXFP3, SSH1, CDC42, GNG2, LPAR1, CHRM2",0,,0,,6
54205,CYCS,MedConf,Additional TRIAGE hits,,2,"PPP2R2A, MTOR",0,,0,,2
1593,CYP27A1,MedConf,Additional TRIAGE hits,,1,PC,0,,0,,1
1629,DBT,MedConf,Additional TRIAGE hits,Propanoate metabolism,1,ALDH1B1,0,,0,,1
9730,DCAF1,HighConf,Additional TRIAGE hits,,2,"RPS8, ATG7",0,,1,RPS8,3
1654,DDX3X,HighConf,Additional TRIAGE hits,,2,"NUP133, RPS15A",1,NUP133,1,RPS15A,4
54555,DDX49,MedConf,Additional TRIAGE hits,,15,"RPS15A, RPS18, RPS8, FBL, RPS23, RPS10, RPS27, RPS4X, RPS6, NOP56, RPS20, NOP58, UTP14A, HEATR1, IMP4",0,,9,"RPS8, RPS6, RPS4X, RPS27, RPS23, RPS20, RPS18, RPS15A, RPS10",24
9681,DEPDC5,HighConf,Additional TRIAGE hits,mTOR signaling pathway,2,"ZNF414, RRAGB",0,,0,,2
27292,DIMT1,HighConf,Additional TRIAGE hits,,1,RPS15A,0,,1,RPS15A,2
3337,DNAJB1,HighConf,Additional TRIAGE hits,,1,EP300,0,,0,,1
1856,DVL2,MedConf,Additional TRIAGE hits,"mTOR signaling pathway, Notch signaling pathway",21,"WNT1, WNT11, CHRM2, FZD6, PSMA7, PSME2, PSMB7, PSMB2, CTTN, HIP1R, ARPC1A, ARPC5, EGFR, CD4, GAPVD1, AP2M1, SH3GL3, EGF, CSNK2A2, SENP2, CSNK1G2",1,SENP2,0,,22
1909,EDNRA,HighConf,Additional TRIAGE hits,,6,"AKT1, EGFR, MMP1, EGF, GNG2, LPAR1",0,,0,,6
1915,EEF1A1,MedConf,RNA transport,RNA transport,32,"RPS15A, RPL9, RPS18, RPS8, FBL, RPL18A, RPS23, RPL4, RPLP0, RPL7, RPL10, RPL27A, RPS10, RPS27, RPL7A, RPS4X, RPL10A, RPS6, NOP56, RPS20, RPL18, RPL17, RPL32, SSB, RPL37, ABCC2, GORASP2, ABTB1, RAB2A, RPL39L, RPL6, RANBP2",1,RANBP2,23,"RPS8, RPS6, RPS4X, RPS27, RPS23, RPS20, RPS18, RPS15A, RPS10, RPLP0, RPL9, RPL7A, RPL7, RPL6, RPL4, RPL37, RPL32, RPL27A, RPL18A, RPL18, RPL17, RPL10A, RPL10",56
1950,EGF,HighConf,Additional TRIAGE hits,"EGFR tyrosine kinase inhibitor resistance, PI3K-Akt signaling pathway, Focal adhesion, Ras signaling pathway, Regulation of actin cytoskeleton, MAPK signaling pathway, HIF-1 signaling pathway, FoxO signaling pathway, Rap1 signaling pathway, ErbB signaling pathway, Phospholipase D signaling pathway",29,"DVL2, CHRM2, VEGFD, FLT4, ADAM10, EDNRA, SERPINF2, NRG2, ZFYVE28, GRB2, PPP2R2A, UBE2D1, MTOR, CTTN, CDC42, JAK1, HIP1R, ARPC1A, HGS, ARPC5, EGFR, CD4, FLT1, PDGFRA, CFD, GAPVD1, AP2M1, EPS8, SH3GL3",0,,0,,29
1956,EGFR,HighConf,Additional TRIAGE hits,"EGFR tyrosine kinase inhibitor resistance, PI3K-Akt signaling pathway, Focal adhesion, Ras signaling pathway, Regulation of actin cytoskeleton, MAPK signaling pathway, HIF-1 signaling pathway, FoxO signaling pathway, Relaxin signaling pathway, Rap1 signaling pathway, ErbB signaling pathway, Phospholipase D signaling pathway",31,"CD4, PDGFRA, GAPVD1, AP2M1, EPS8, SH3GL3, FGF2, EGF, LPAR1, DVL2, CHRM2, VEGFD, FGF9, EDNRA, FGF19, SHC4, FGF14, CAV2, NRG2, ZFYVE28, GRB2, PPP2R2A, UBE2D1, MTOR, CTTN, CDC42, JAK1, HIP1R, ARPC1A, HGS, ARPC5",0,,0,,31
1959,EGR2,MedConf,Additional TRIAGE hits,,3,"EP300, NFATC3, POLR2J",0,,0,,3
79813,EHMT1,MedConf,Additional TRIAGE hits,Lysine degradation,5,"UBE2D1, RELA, PLOD1, PLOD3, ANAPC11",0,,0,,5
1964,EIF1AX,MedConf,RNA transport,RNA transport,30,"RPS6, RPS20, RPL18, RPL17, RPL32, EIF3G, EIF3H, EIF4E, RPL37, FLII, ERC2, RPL39L, RPL6, RPS15A, RPL9, RPS18, EIF3I, RPS8, RPL18A, RPS23, RPL4, RPLP0, RPL7, RPL10, RPL27A, RPS10, RPS27, RPL7A, RPS4X, RPL10A",4,"EIF4E, EIF3I, EIF3H, EIF3G",23,"RPS8, RPS6, RPS4X, RPS27, RPS23, RPS20, RPS18, RPS15A, RPS10, RPLP0, RPL9, RPL7A, RPL7, RPL6, RPL4, RPL37, RPL32, RPL27A, RPL18A, RPL18, RPL17, RPL10A, RPL10",57
1967,EIF2B1,MedConf,RNA transport,RNA transport,2,"LYPLA2, ARF1",0,,0,,2
8666,EIF3G,MedConf,RNA transport,RNA transport,29,"EIF3H, EIF4E, RPL37, RPL39L, RPL6, RPS15A, RPL9, RPS18, EIF3I, RPS8, RPL18A, RPS23, RPL4, RPLP0, RPL7, RPL10, RPL27A, RPS10, RPS27, RPL7A, RPS4X, RPL10A, EIF1AX, RPS6, RPS20, RPL18, RPL17, RPL32, PAIP1",5,"PAIP1, EIF4E, EIF3I, EIF3H, EIF1AX",23,"RPS8, RPS6, RPS4X, RPS27, RPS23, RPS20, RPS18, RPS15A, RPS10, RPLP0, RPL9, RPL7A, RPL7, RPL6, RPL4, RPL37, RPL32, RPL27A, RPL18A, RPL18, RPL17, RPL10A, RPL10",57
8667,EIF3H,HighConf,RNA transport,RNA transport,31,"EIF4E, ARPC5, CSNK2A2, RPL37, NUMA1, RPL39L, RPL6, RPS15A, RPL9, RPS18, EIF3I, RPS8, RPL18A, RPS23, RPL4, RPLP0, RPL7, RPL10, RPL27A, RPS10, RPS27, RPL7A, RPS4X, RPL10A, EIF1AX, RPS6, RPS20, RPL18, RPL17, RPL32, EIF3G",4,"EIF4E, EIF3I, EIF3G, EIF1AX",23,"RPS8, RPS6, RPS4X, RPS27, RPS23, RPS20, RPS18, RPS15A, RPS10, RPLP0, RPL9, RPL7A, RPL7, RPL6, RPL4, RPL37, RPL32, RPL27A, RPL18A, RPL18, RPL17, RPL10A, RPL10",58
8668,EIF3I,MedConf,RNA transport,RNA transport,30,"RPS8, RPL18A, RPS23, RPL4, RPLP0, RPL7, RPL10, RPL27A, RPS10, RPS27, RPL7A, RPS4X, RPL10A, EIF1AX, RPS6, RPS20, RPL18, RPL17, RPL32, EIF3G, EIF3H, EIF4E, RPL37, NUMA1, TMED2, RPL39L, RPL6, RPS15A, RPL9, RPS18",4,"EIF4E, EIF3H, EIF3G, EIF1AX",23,"RPS8, RPS6, RPS4X, RPS27, RPS23, RPS20, RPS18, RPS15A, RPS10, RPLP0, RPL9, RPL7A, RPL7, RPL6, RPL4, RPL37, RPL32, RPL27A, RPL18A, RPL18, RPL17, RPL10A, RPL10",57
1977,EIF4E,MedConf,RNA transport,"RNA transport, EGFR tyrosine kinase inhibitor resistance, PI3K-Akt signaling pathway, mTOR signaling pathway, HIF-1 signaling pathway",44,"NCBP2, NUP155, NUP85, NUP160, NUP88, NUP62, NUP54, RPS6KB1, RRAGB, RPL37, EIF4EBP2, RPL39L, RPL6, RANBP2, RPS15A, RPL9, RPS18, EIF3I, RPS8, RPL18A, RPS23, RPL4, RPLP0, RPL7, RPL10, RPL27A, RPS10, RPS27, RPL7A, RPS4X, RPL10A, EIF1AX, RPS6, RPS20, RPL18, RPL17, RPL32, NUP107, NUP133, NUP153, PAIP1, EIF3G, MTOR, EIF3H",17,"RANBP2, PAIP1, NUP88, NUP85, NUP62, NUP54, NUP160, NUP155, NUP153, NUP133, NUP107, NCBP2, EIF4EBP2, EIF3I, EIF3H, EIF3G, EIF1AX",23,"RPS8, RPS6, RPS4X, RPS27, RPS23, RPS20, RPS18, RPS15A, RPS10, RPLP0, RPL9, RPL7A, RPL7, RPL6, RPL4, RPL37, RPL32, RPL27A, RPL18A, RPL18, RPL17, RPL10A, RPL10",84
1979,EIF4EBP2,MedConf,RNA transport,RNA transport,2,"MTOR, EIF4E",1,EIF4E,0,,3
1994,ELAVL1,MedConf,Additional TRIAGE hits,,16,"POLR2J, NCBP2, CHERP, SLU7, PRPF3, RBM22, SF3A2, HNRNPU, SNRPA1, SF3B3, PRPF40A, LSM3, LSM2, XPO1, SNRPB, SF3A1",2,"XPO1, NCBP2",0,,18
64100,ELSPBP1,MedConf,Additional TRIAGE hits,,1,MEF2C,0,,0,,1
5167,ENPP1,MedConf,Additional TRIAGE hits,Pyrimidine metabolism,2,"GYS1, COL4A4",0,,0,,2
956,ENTPD3,MedConf,Additional TRIAGE hits,Pyrimidine metabolism,10,"POLR3A, TWISTNB, POLR2J, POLR3F, ZNRD1, POLR3D, CMPK1, PDE2A, GMPR, AK7",0,,0,,10
2033,EP300,MedConf,Additional TRIAGE hits,"HIF-1 signaling pathway, FoxO signaling pathway, Notch signaling pathway",37,"HDAC7, CSF2, MAML1, CRTC2, MEF2C, CITED1, HDAC10, BRPF1, LPL, AJUBA, HOXB1, GATA3, HDAC1, GCK, USP7, UBE2D1, TWISTNB, KAT2A, RPA2, RELA, POLR2J, AKT1, ZNRD1, SPEN, MED14, MED6, MED4, MED27, MED28, MED7, CREB5, MMP1, DNAJB1, EGR2, ERCC3, TFDP2, NCOR2",0,,0,,37
7957,EPM2A,MedConf,Additional TRIAGE hits,,1,GYS1,0,,0,,1
2059,EPS8,HighConf,Additional TRIAGE hits,,3,"EGF, CDC42, EGFR",0,,0,,3
26059,ERC2,MedConf,Additional TRIAGE hits,,1,EIF1AX,1,EIF1AX,0,,2
2071,ERCC3,HighConf,Additional TRIAGE hits,,7,"EP300, USP7, TWISTNB, POLR2J, NCBP2, TGFBR2, ZNRD1",1,NCBP2,0,,8
2107,ETF1,HighConf,Additional TRIAGE hits,,25,"RPL18A, RPS23, RPL4, RPLP0, RPL7, RPL10, RPL27A, RPS10, RPS27, RPL7A, RPS4X, RPL10A, RPS6, RPS20, RPL18, RPL17, RPL32, PPP2R2A, NCBP2, RPL37, RPL6, RPS15A, RPL9, RPS18, RPS8",1,NCBP2,23,"RPS8, RPS6, RPS4X, RPS27, RPS23, RPS20, RPS18, RPS15A, RPS10, RPLP0, RPL9, RPL7A, RPL7, RPL6, RPL4, RPL37, RPL32, RPL27A, RPL18A, RPL18, RPL17, RPL10A, RPL10",49
23474,ETHE1,HighConf,Additional TRIAGE hits,,1,IDH1,0,,0,,1
51010,EXOSC3,HighConf,Additional TRIAGE hits,,21,"HEATR1, IMP4, RPL37, RPL6, RPL9, FBL, RPL18A, RPL4, RPLP0, RPL7, RPL10, RPL27A, RPL7A, RPL10A, RPS6, NOP56, RPL18, RPL17, NOP58, RPL32, UTP14A",0,,15,"RPS6, RPLP0, RPL9, RPL7A, RPL7, RPL6, RPL4, RPL37, RPL32, RPL27A, RPL18A, RPL18, RPL17, RPL10A, RPL10",36
56915,EXOSC5,HighConf,Additional TRIAGE hits,,21,"RPL9, FBL, RPL18A, RPL4, RPLP0, RPL7, RPL10, RPL27A, RPL7A, RPL10A, RPS6, NOP56, RPL18, RPL17, NOP58, RPL32, UTP14A, HEATR1, IMP4, RPL37, RPL6",0,,15,"RPS6, RPLP0, RPL9, RPL7A, RPL7, RPL6, RPL4, RPL37, RPL32, RPL27A, RPL18A, RPL18, RPL17, RPL10A, RPL10",36
5393,EXOSC9,MedConf,Additional TRIAGE hits,,21,"RPL9, FBL, RPL18A, RPL4, RPLP0, RPL7, RPL10, RPL27A, RPL7A, RPL10A, RPS6, NOP56, RPL18, RPL17, NOP58, RPL32, UTP14A, HEATR1, IMP4, RPL37, RPL6",0,,15,"RPS6, RPLP0, RPL9, RPL7A, RPL7, RPL6, RPL4, RPL37, RPL32, RPL27A, RPL18A, RPL18, RPL17, RPL10A, RPL10",36
2091,FBL,MedConf,Additional TRIAGE hits,Ribosome biogenesis in eukaryotes,30,"RPL18A, RPS23, RPL4, RPL7, RPS10, RPS27, RPS4X, RPS6, NOP56, RPS20, RPL18, RPL17, NOP58, UTP14A, RSL1D1, EXOSC3, MPHOSPH6, HEATR1, IMP4, RSL24D1, DDX49, RPL6, EEF1A1, RPS15A, EXOSC9, EXOSC5, RPL9, PRPF3, RPS18, RPS8",1,EEF1A1,17,"RSL24D1, RPS8, RPS6, RPS4X, RPS27, RPS23, RPS20, RPS18, RPS15A, RPS10, RPL9, RPL7, RPL6, RPL4, RPL18A, RPL18, RPL17",48
54850,FBXL12,MedConf,Additional TRIAGE hits,,1,ATG7,0,,0,,1
23014,FBXO21,HighConf,Additional TRIAGE hits,,1,ATG7,0,,0,,1
23291,FBXW11,HighConf,Additional TRIAGE hits,,2,"RELA, ATG7",0,,0,,2
2205,FCER1A,MedConf,Additional TRIAGE hits,Phospholipase D signaling pathway,3,"GRB2, LCP2, SPHK1",0,,0,,3
2259,FGF14,MedConf,Additional TRIAGE hits,"PI3K-Akt signaling pathway, Ras signaling pathway, Regulation of actin cytoskeleton, MAPK signaling pathway, Rap1 signaling pathway",4,"EGFR, FLT1, PDGFRA, FLT4",0,,0,,4
9965,FGF19,MedConf,Additional TRIAGE hits,"PI3K-Akt signaling pathway, Ras signaling pathway, Regulation of actin cytoskeleton, MAPK signaling pathway, Rap1 signaling pathway",6,"EGFR, FLT1, PDGFRA, FGF2, FGF9, FLT4",0,,0,,6
2247,FGF2,MedConf,Additional TRIAGE hits,"EGFR tyrosine kinase inhibitor resistance, PI3K-Akt signaling pathway, Ras signaling pathway, Regulation of actin cytoskeleton, MAPK signaling pathway, Rap1 signaling pathway",9,"FGF9, FLT4, FGF19, POLR2J, NCBP2, EGFR, FLT1, PDGFRA, MYO18A",1,NCBP2,0,,10
2254,FGF9,MedConf,Additional TRIAGE hits,"PI3K-Akt signaling pathway, Ras signaling pathway, Regulation of actin cytoskeleton, MAPK signaling pathway, Rap1 signaling pathway",7,"FLT4, FGF19, EGFR, FLT1, PDGFRA, MYO18A, FGF2",0,,0,,7
2314,FLII,HighConf,Additional TRIAGE hits,,1,EIF1AX,1,EIF1AX,0,,2
2318,FLNC,MedConf,Additional TRIAGE hits,"Focal adhesion, MAPK signaling pathway",2,"ITGA4, NUP133",1,NUP133,0,,3
2321,FLT1,MedConf,Additional TRIAGE hits,"PI3K-Akt signaling pathway, Focal adhesion, Ras signaling pathway, HIF-1 signaling pathway, Rap1 signaling pathway",11,"SH3GL3, FGF2, EGF, VEGFD, FGF9, FLT4, FGF19, SHC4, FGF14, GRB2, ACTA1",0,,0,,11
2324,FLT4,MedConf,Additional TRIAGE hits,"PI3K-Akt signaling pathway, Focal adhesion, Ras signaling pathway, Rap1 signaling pathway",11,"FGF19, SHC4, FGF14, GRB2, ACTA1, FLT1, FGF2, EGF, ITGA4, VEGFD, FGF9",0,,0,,11
8323,FZD6,MedConf,Additional TRIAGE hits,mTOR signaling pathway,5,"WNT10A, GNG2, DVL2, WNT1, WNT11",0,,0,,5
11345,GABARAPL2,HighConf,Additional TRIAGE hits,"FoxO signaling pathway, Autophagy - animal",5,"GABRP, GABRA2, MAP1LC3A, ATG7, ATG12",0,,0,,5
2550,GABBR1,MedConf,Additional TRIAGE hits,,4,"GNG2, LPAR1, CHRM2, RXFP3",0,,0,,4
2555,GABRA2,MedConf,Additional TRIAGE hits,,1,GABARAPL2,0,,0,,1
2568,GABRP,MedConf,Additional TRIAGE hits,,1,GABARAPL2,0,,0,,1
26130,GAPVD1,HighConf,Additional TRIAGE hits,,7,"EGF, DVL2, CHRM2, ARPC1A, ARPC5, EGFR, CD4",0,,0,,7
2625,GATA3,MedConf,Additional TRIAGE hits,,2,"EP300, MAML1",0,,0,,2
8729,GBF1,MedConf,Additional TRIAGE hits,,1,ARF1,0,,0,,1
2645,GCK,HighConf,Additional TRIAGE hits,,11,"NUP107, NUP133, NUP153, NUP155, NUP85, NUP160, NUP88, NUP62, EP300, NUP54, RANBP2",10,"RANBP2, NUP88, NUP85, NUP62, NUP54, NUP160, NUP155, NUP153, NUP133, NUP107",0,,21
8487,GEMIN2,HighConf,RNA transport,RNA transport,13,"RANBP2, NUP107, NUP133, NUP153, CLNS1A, SNRPB, NCBP2, NUP155, NUP85, NUP160, NUP88, NUP62, NUP54",12,"RANBP2, NUP88, NUP85, NUP62, NUP54, NUP160, NUP155, NUP153, NUP133, NUP107, NCBP2, CLNS1A",0,,25
2690,GHR,MedConf,Additional TRIAGE hits,PI3K-Akt signaling pathway,4,"CSF2, IFNL1, IL17D, JAK1",0,,0,,4
2733,GLE1,MedConf,Additional TRIAGE hits,,3,"RANBP2, NUP107, NUP153",3,"RANBP2, NUP153, NUP107",0,,6
2766,GMPR,MedConf,Additional TRIAGE hits,,1,ENTPD3,0,,0,,1
54331,GNG2,MedConf,Additional TRIAGE hits,"PI3K-Akt signaling pathway, Ras signaling pathway, Relaxin signaling pathway",31,"C5AR1, LPAR1, WNT11, CHRM2, CXCR4, MTNR1A, HTR1F, RXFP3, FZD6, EDNRA, TSHR, NPBWR1, AGTR2, GABBR1, OPRM1, IAPP, TSHB, TAAR8, CRH, TRH, TAC1, XCL1, KCNJ4, OPN1SW, CCT3, ARHGEF12, CDC42, AKT1, KCNJ3, HRH2, C3",0,,0,,31
26003,GORASP2,MedConf,Additional TRIAGE hits,,1,EEF1A1,1,EEF1A1,0,,2
9527,GOSR1,MedConf,Additional TRIAGE hits,,1,MAN2A1,0,,0,,1
9570,GOSR2,HighConf,Additional TRIAGE hits,,1,ARF1,0,,0,,1
8733,GPAA1,MedConf,Additional TRIAGE hits,Glycosylphosphatidylinositol (GPI)-anchor biosynthesis,1,PIGK,0,,0,,1
51184,GPN3,MedConf,Additional TRIAGE hits,,2,"POLR3D, POLR3A",0,,0,,2
2874,GPS2,MedConf,Additional TRIAGE hits,,1,NCOR2,0,,0,,1
2885,GRB2,MedConf,Additional TRIAGE hits,"EGFR tyrosine kinase inhibitor resistance, PI3K-Akt signaling pathway, Focal adhesion, Ras signaling pathway, mTOR signaling pathway, MAPK signaling pathway, T cell receptor signaling pathway, FoxO signaling pathway, Relaxin signaling pathway, ErbB signaling pathway, Phospholipase D signaling pathway",24,"MTOR, MAP1LC3A, COPS6, AKT1, JAK1, HGS, EGFR, PTEN, FLT1, PDGFRA, RPS6KB1, EGF, LCP2, CSF2, VEGFD, FLT4, COPS4, COPS8, COPS7B, FCER1A, SHC4, SH2B3, SSH1, ZFYVE28",0,,0,,24
2997,GYS1,MedConf,Additional TRIAGE hits,PI3K-Akt signaling pathway,5,"OGT, ENPP1, PPP1R3F, NHLRC1, EPM2A",0,,0,,5
3030,HADHA,MedConf,Additional TRIAGE hits,"Lysine degradation, Propanoate metabolism",4,"PLOD3, ACAT2, MECR, HIBCH",0,,0,,4
3065,HDAC1,MedConf,Additional TRIAGE hits,Notch signaling pathway,22,"POLR3A, NUP153, XPO1, BTRC, KAT2A, RELA, SUV39H1, NUP62, TAF6L, PHF12, TFDP2, NCOR2, EP300, HDAC7, MAML1, BCL9, HDAC10, BRPF1, BAHD1, TGIF2, RANBP2, RANGAP1",5,"XPO1, RANGAP1, RANBP2, NUP62, NUP153",0,,27
83933,HDAC10,MedConf,Additional TRIAGE hits,,5,"HDAC1, KAT2A, NCOR2, EP300, MAML1",0,,0,,5
51564,HDAC7,MedConf,Additional TRIAGE hits,,5,"MAML1, HDAC1, KAT2A, NCOR2, EP300",0,,0,,5
55127,HEATR1,HighConf,Additional TRIAGE hits,Ribosome biogenesis in eukaryotes,19,"IMP4, DDX49, RPS15A, EXOSC9, EXOSC5, RPS18, RPS8, FBL, RPS23, RPS10, RPS27, RPS4X, RPS6, NOP56, RPS20, NOP58, UTP14A, EXOSC3, MPHOSPH6",0,,9,"RPS8, RPS6, RPS4X, RPS27, RPS23, RPS20, RPS18, RPS15A, RPS10",28
25938,HEATR5A,MedConf,Additional TRIAGE hits,,1,NUP62,1,NUP62,0,,2
55008,HERC6,MedConf,Additional TRIAGE hits,,1,ATG7,0,,0,,1
9146,HGS,HighConf,Additional TRIAGE hits,,3,"EGFR, EGF, GRB2",0,,0,,3
26275,HIBCH,HighConf,Additional TRIAGE hits,Propanoate metabolism,1,HADHA,0,,0,,1
9026,HIP1R,HighConf,Additional TRIAGE hits,,8,"ARPC1A, ARPC5, EGFR, CD4, EGF, DVL2, CHRM2, ARF1",0,,0,,8
3185,HNRNPF,HighConf,Additional TRIAGE hits,,17,"SLU7, RANBP2, PRPF3, RBM22, SF3A2, HNRNPU, SNRPA1, SF3B3, PRPF40A, LSM3, LSM2, SNRPB, USP7, SF3A1, POLR2J, NCBP2, CHERP",2,"RANBP2, NCBP2",0,,19
3192,HNRNPU,MedConf,Additional TRIAGE hits,Spliceosome,34,"RPL18A, RPLP0, RPL18, SNRPA1, NOP58, UTP14A, TRA2A, SF3B3, PRPF40A, LSM3, LSM2, TRIM55, SNRPB, BTRC, SF3A1, SUGP1, ELAVL1, POLR2J, NCBP2, RSL1D1, CHERP, HNRNPF, PABPN1, SLU7, S100A9, PGRMC1, RAB2A, LAPTM4A, IGF2BP1, PDHA2, PPWD1, PRPF3, RBM22, SF3A2",1,NCBP2,3,"RPLP0, RPL18A, RPL18",38
3211,HOXB1,MedConf,Additional TRIAGE hits,,2,"POLR2J, EP300",0,,0,,2
3274,HRH2,MedConf,Additional TRIAGE hits,,3,"GNG2, SF3A2, TRA2A",0,,0,,3
3308,HSPA4,MedConf,Additional TRIAGE hits,,10,"NUP107, NUP133, NUP153, NUP155, NUP85, NUP160, NUP88, NUP62, NUP54, RANBP2",10,"RANBP2, NUP88, NUP85, NUP62, NUP54, NUP160, NUP155, NUP153, NUP133, NUP107",0,,20
27336,HTATSF1,HighConf,Additional TRIAGE hits,,1,SF3A2,0,,0,,1
3355,HTR1F,MedConf,Additional TRIAGE hits,,4,"RXFP3, GNG2, LPAR1, CHRM2",0,,0,,4
10075,HUWE1,HighConf,Additional TRIAGE hits,,2,"ATG7, RANGAP1",1,RANGAP1,0,,3
3375,IAPP,MedConf,Additional TRIAGE hits,,1,GNG2,0,,0,,1
79664,ICE2,MedConf,Additional TRIAGE hits,,2,"POLR2J, NCBP2",1,NCBP2,0,,3
3417,IDH1,HighConf,Additional TRIAGE hits,Citrate cycle (TCA cycle),3,"MDH2, ETHE1, PHB2",0,,0,,3
3434,IFIT1,MedConf,Additional TRIAGE hits,,1,JAK1,0,,0,,1
282618,IFNL1,MedConf,Additional TRIAGE hits,,1,GHR,0,,0,,1
10642,IGF2BP1,MedConf,Additional TRIAGE hits,,1,HNRNPU,0,,0,,1
3601,IL15RA,MedConf,Additional TRIAGE hits,,2,"JAK1, CSF2",0,,0,,2
53342,IL17D,MedConf,Additional TRIAGE hits,,1,GHR,0,,0,,1
246778,IL27,MedConf,Additional TRIAGE hits,,1,JAK1,0,,0,,1
3609,ILF3,MedConf,Additional TRIAGE hits,,6,"SF3A2, MRPL1, RPL32, LSM3, LSM2, PC",0,,2,"RPL32, MRPL1",8
92856,IMP4,MedConf,Additional TRIAGE hits,Ribosome biogenesis in eukaryotes,19,"DDX49, RPS15A, EXOSC9, EXOSC5, RPS18, RPS8, FBL, RPS23, RPS10, RPS27, RPS4X, RPS6, NOP56, RPS20, NOP58, UTP14A, EXOSC3, MPHOSPH6, HEATR1",0,,9,"RPS8, RPS6, RPS4X, RPS27, RPS23, RPS20, RPS18, RPS15A, RPS10",28
3631,INPP4A,MedConf,Additional TRIAGE hits,,1,PTEN,0,,0,,1
56623,INPP5E,MedConf,Additional TRIAGE hits,,2,"PTEN, PIP5K1C",0,,0,,2
54973,INTS11,MedConf,Additional TRIAGE hits,,2,"POLR2J, NCBP2",1,NCBP2,0,,3
25896,INTS7,HighConf,Additional TRIAGE hits,,2,"POLR2J, NCBP2",1,NCBP2,0,,3
3660,IRF2,MedConf,Additional TRIAGE hits,,1,RELA,0,,0,,1
3676,ITGA4,MedConf,Additional TRIAGE hits,"PI3K-Akt signaling pathway, Focal adhesion, Regulation of actin cytoskeleton",5,"VEGFD, FLT4, COL4A4, RAP1B, FLNC",0,,0,,5
23421,ITGB3BP,MedConf,Additional TRIAGE hits,,10,"TAOK1, RANBP2, RANGAP1, RPS27, NUP107, NUP133, XPO1, CDC42, NUP85, NUP160",7,"XPO1, RANGAP1, RANBP2, NUP85, NUP160, NUP133, NUP107",1,RPS27,18
3706,ITPKA,HighConf,Additional TRIAGE hits,,1,PTEN,0,,0,,1
3716,JAK1,HighConf,Additional TRIAGE hits,"EGFR tyrosine kinase inhibitor resistance, PI3K-Akt signaling pathway",11,"EGFR, PDGFRA, EGF, GHR, CSF2, IFIT1, PTPN2, IL15RA, IL27, GRB2, AKT1",0,,0,,11
2648,KAT2A,HighConf,Additional TRIAGE hits,Notch signaling pathway,9,"ZNRD1, TAF6L, NCOR2, EP300, HDAC7, MAML1, HDAC10, HDAC1, TWISTNB",0,,0,,9
84078,KBTBD7,HighConf,Additional TRIAGE hits,,2,"ATG7, NUP155",1,NUP155,0,,3
3760,KCNJ3,MedConf,Additional TRIAGE hits,,1,GNG2,0,,0,,1
3761,KCNJ4,MedConf,Additional TRIAGE hits,,1,GNG2,0,,0,,1
3797,KIF3C,HighConf,Additional TRIAGE hits,,1,ARF1,0,,0,,1
90990,KIFC2,MedConf,Additional TRIAGE hits,,1,ARF1,0,,0,,1
23008,KLHDC10,MedConf,Additional TRIAGE hits,,1,USP7,0,,0,,1
3822,KLRC2,MedConf,Additional TRIAGE hits,,1,LCP2,0,,0,,1
51111,KMT5B,HighConf,Additional TRIAGE hits,Lysine degradation,2,"PLOD1, PLOD3",0,,0,,2
9741,LAPTM4A,MedConf,Additional TRIAGE hits,,1,HNRNPU,0,,0,,1
3937,LCP2,HighConf,Additional TRIAGE hits,"T cell receptor signaling pathway, Rap1 signaling pathway",8,"FCER1A, KLRC2, GRB2, CDC42, CD8B, CD4, RAP1B, PAK2",0,,0,,8
92483,LDHAL6B,MedConf,Additional TRIAGE hits,"Pyruvate metabolism, Propanoate metabolism",4,"MDH1, PC, PDHA2, ARF1",0,,0,,4
64077,LHPP,MedConf,Additional TRIAGE hits,,2,"ATP6V1H, ATP6V1E2",0,,0,,2
1902,LPAR1,MedConf,Additional TRIAGE hits,"PI3K-Akt signaling pathway, Rap1 signaling pathway, Phospholipase D signaling pathway",18,"CHRM2, CXCR4, MTNR1A, HTR1F, RXFP3, EDNRA, NPBWR1, AGTR2, GABBR1, OPRM1, TRH, TAC1, XCL1, RELA, C3, EGFR, GNG2, C5AR1",0,,0,,18
4023,LPL,HighConf,Additional TRIAGE hits,,3,"RELA, NCOR2, EP300",0,,0,,3
57819,LSM2,MedConf,Additional TRIAGE hits,Spliceosome,22,"SNRPB, SF3A1, SUGP1, ELAVL1, POLR2J, NCBP2, CHERP, HNRNPF, PABPN1, SLU7, PPWD1, TRIM56, PRPF3, ILF3, RBM22, SF3A2, HNRNPU, SNRPA1, SF3B3, CLNS1A, PRPF40A, LSM3",2,"NCBP2, CLNS1A",0,,24
27258,LSM3,HighConf,Additional TRIAGE hits,Spliceosome,20,"LSM2, SNRPB, SF3A1, SUGP1, ELAVL1, POLR2J, NCBP2, CHERP, HNRNPF, PABPN1, MAP4, PRPF3, ILF3, RBM22, SF3A2, HNRNPU, SNRPA1, SF3B3, CLNS1A, PRPF40A",2,"NCBP2, CLNS1A",0,,22
51213,LUZP4,MedConf,Additional TRIAGE hits,,13,"RANBP2, NUP107, NUP133, NUP153, NCBP2, THOC2, NUP155, NUP85, NUP160, NUP88, NUP62, SLU7, NUP54",12,"THOC2, RANBP2, NUP88, NUP85, NUP62, NUP54, NUP160, NUP155, NUP153, NUP133, NUP107, NCBP2",0,,25
11313,LYPLA2,MedConf,Additional TRIAGE hits,,1,EIF2B1,1,EIF2B1,0,,2
10892,MALT1,MedConf,Additional TRIAGE hits,T cell receptor signaling pathway,1,RELA,0,,0,,1
9794,MAML1,MedConf,Additional TRIAGE hits,Notch signaling pathway,8,"HDAC10, GATA3, HDAC1, KAT2A, SPEN, NCOR2, EP300, HDAC7",0,,0,,8
4124,MAN2A1,MedConf,Additional TRIAGE hits,N-Glycan biosynthesis,8,"MGAT1, STX5, GOSR1, COG1, COG7, COG4, COG2, COG3",0,,0,,8
84557,MAP1LC3A,MedConf,Additional TRIAGE hits,,6,"ATG7, CSNK2A2, ATG12, GABARAPL2, RBM22, GRB2",0,,0,,6
4134,MAP4,HighConf,Additional TRIAGE hits,,2,"RPS20, LSM3",0,,1,RPS20,3
4190,MDH1,MedConf,Additional TRIAGE hits,"Pyruvate metabolism, Citrate cycle (TCA cycle)",4,"MDH2, SPR, PC, LDHAL6B",0,,0,,4
4191,MDH2,MedConf,Additional TRIAGE hits,"Pyruvate metabolism, Citrate cycle (TCA cycle)",4,"PC, MDH1, CLNS1A, IDH1",1,CLNS1A,0,,5
51102,MECR,MedConf,Additional TRIAGE hits,,1,HADHA,0,,0,,1
9282,MED14,HighConf,Additional TRIAGE hits,,2,"NCOR2, EP300",0,,0,,2
9442,MED27,MedConf,Additional TRIAGE hits,,2,"NCOR2, EP300",0,,0,,2
80306,MED28,HighConf,Additional TRIAGE hits,,2,"NCOR2, EP300",0,,0,,2
29079,MED4,HighConf,Additional TRIAGE hits,,2,"NCOR2, EP300",0,,0,,2
10001,MED6,HighConf,Additional TRIAGE hits,,2,"NCOR2, EP300",0,,0,,2
9443,MED7,HighConf,Additional TRIAGE hits,,2,"NCOR2, EP300",0,,0,,2
4208,MEF2C,MedConf,Additional TRIAGE hits,MAPK signaling pathway,7,"ELSPBP1, CDC42, AKT1, ACTA1, NCOR2, EP300, NFATC3",0,,0,,7
4245,MGAT1,HighConf,Additional TRIAGE hits,N-Glycan biosynthesis,1,MAN2A1,0,,0,,1
23609,MKRN2,HighConf,Additional TRIAGE hits,,1,PAIP1,1,PAIP1,0,,2
4312,MMP1,MedConf,Additional TRIAGE hits,Relaxin signaling pathway,2,"EP300, EDNRA",0,,0,,2
4342,MOS,HighConf,Additional TRIAGE hits,"Regulation of actin cytoskeleton, MAPK signaling pathway",1,RRAS2,0,,0,,1
10200,MPHOSPH6,HighConf,Additional TRIAGE hits,,22,"HEATR1, IMP4, RPL37, RPL6, RPL9, PRPF3, FBL, RPL18A, RPL4, RPLP0, RPL7, RPL10, RPL27A, RPL7A, RPL10A, RPS6, NOP56, RPL18, RPL17, NOP58, RPL32, UTP14A",0,,15,"RPS6, RPLP0, RPL9, RPL7A, RPL7, RPL6, RPL4, RPL37, RPL32, RPL27A, RPL18A, RPL18, RPL17, RPL10A, RPL10",37
65008,MRPL1,MedConf,Ribosome,Ribosome,6,"MRPL50, MRPL19, MRRF, ILF3, RPS20, ATP6V1H",0,,2,"RPS20, MRPL19",8
9801,MRPL19,MedConf,Ribosome,Ribosome,3,"MRRF, MRPL1, MRPL50",0,,1,MRPL1,4
54534,MRPL50,MedConf,Additional TRIAGE hits,,2,"MRPL19, MRPL1",0,,2,"MRPL19, MRPL1",4
92399,MRRF,MedConf,Additional TRIAGE hits,,2,"MRPL1, MRPL19",0,,2,"MRPL19, MRPL1",4
4543,MTNR1A,MedConf,Additional TRIAGE hits,,4,"RXFP3, GNG2, LPAR1, CHRM2",0,,0,,4
2475,MTOR,MedConf,Additional TRIAGE hits,"EGFR tyrosine kinase inhibitor resistance, PI3K-Akt signaling pathway, mTOR signaling pathway, HIF-1 signaling pathway, ErbB signaling pathway, Autophagy - animal, Phospholipase D signaling pathway",11,"RELA, EIF4E, CDC42, AKT1, EGFR, RPS6KB1, EGF, RRAGB, EIF4EBP2, GRB2, CYCS",2,"EIF4EBP2, EIF4E",0,,13
4632,MYL1,MedConf,Additional TRIAGE hits,,1,NUP107,1,NUP107,0,,2
93408,MYL10,MedConf,Additional TRIAGE hits,"Focal adhesion, Regulation of actin cytoskeleton",2,"MYLK4, ACTA2",0,,0,,2
340156,MYLK4,MedConf,Additional TRIAGE hits,"Focal adhesion, Regulation of actin cytoskeleton",2,"PAK2, MYL10",0,,0,,2
399687,MYO18A,MedConf,Additional TRIAGE hits,,2,"FGF2, FGF9",0,,0,,2
93649,MYOCD,MedConf,Additional TRIAGE hits,,1,ACTA2,0,,0,,1
22916,NCBP2,MedConf,RNA transport,"RNA transport, Spliceosome",67,"CHERP, THOC2, NUP155, NUP85, NUP160, NUP88, HNRNPF, PABPN1, NUP62, SLU7, ERCC3, NUP54, FGF2, RPL37, CCNT1, INTS7, INTS11, CTDP1, GEMIN2, PPWD1, POLDIP3, ICE2, RPL39L, LUZP4, RPL6, RANBP2, RPS15A, RPL9, PRPF3, RBM22, RPS18, SF3A2, RPS8, HNRNPU, ETF1, RPL18A, RPS23, RPL4, RPLP0, RPL7, RPL10, RPL27A, RPS10, RPS27, RPL7A, RPS4X, RPL10A, RPS6, RPS20, RPL18, RPL17, SNRPA1, RPL32, NUP107, NUP133, NUP153, SF3B3, PRPF40A, LSM3, LSM2, SNRPB, PPP2R2A, SF3A1, SUGP1, ELAVL1, POLR2J, EIF4E",13,"THOC2, RANBP2, NUP88, NUP85, NUP62, NUP54, NUP160, NUP155, NUP153, NUP133, NUP107, GEMIN2, EIF4E",23,"RPS8, RPS6, RPS4X, RPS27, RPS23, RPS20, RPS18, RPS15A, RPS10, RPLP0, RPL9, RPL7A, RPL7, RPL6, RPL4, RPL37, RPL32, RPL27A, RPL18A, RPL18, RPL17, RPL10A, RPL10",103
9612,NCOR2,HighConf,Additional TRIAGE hits,Notch signaling pathway,18,"EP300, HDAC7, MAML1, MEF2C, GPS2, HDAC10, LPL, HDAC1, KAT2A, AKT1, MED14, TAF6L, MED6, MED4, MED27, MED28, MED7, PHF12",0,,0,,18
4775,NFATC3,MedConf,Additional TRIAGE hits,"MAPK signaling pathway, T cell receptor signaling pathway",3,"MEF2C, EGR2, CSF2",0,,0,,3
378884,NHLRC1,MedConf,Additional TRIAGE hits,,1,GYS1,0,,0,,1
10528,NOP56,MedConf,Additional TRIAGE hits,Ribosome biogenesis in eukaryotes,28,"RPS20, RPL18, NOP58, UTP14A, SSB, RSL1D1, EXOSC3, MPHOSPH6, HEATR1, IMP4, DDX49, RPL6, EEF1A1, RPS15A, EXOSC9, EXOSC5, RPS18, RPS8, FBL, RPL18A, RPS23, RPL4, RPL7, RPS10, RPS27, RPS4X, CCT3, RPS6",1,EEF1A1,14,"RPS8, RPS6, RPS4X, RPS27, RPS23, RPS20, RPS18, RPS15A, RPS10, RPL7, RPL6, RPL4, RPL18A, RPL18",43
51602,NOP58,MedConf,Additional TRIAGE hits,Ribosome biogenesis in eukaryotes,27,"UTP14A, RSL1D1, EXOSC3, MPHOSPH6, POLR3F, HEATR1, IMP4, DDX49, RPL6, RPS15A, EXOSC9, EXOSC5, PRPF3, RPS18, RPS8, HNRNPU, FBL, RPL18A, RPS23, RPL4, RPL7, RPS10, RPS27, RPS4X, RPS6, NOP56, RPS20",0,,13,"RPS8, RPS6, RPS4X, RPS27, RPS23, RPS20, RPS18, RPS15A, RPS10, RPL7, RPL6, RPL4, RPL18A",40
147111,NOTUM,MedConf,Additional TRIAGE hits,,3,"WNT1, WNT11, WNT10A",0,,0,,3
2831,NPBWR1,MedConf,Additional TRIAGE hits,,4,"GNG2, LPAR1, CHRM2, RXFP3",0,,0,,4
9542,NRG2,MedConf,Additional TRIAGE hits,"EGFR tyrosine kinase inhibitor resistance, ErbB signaling pathway",2,"EGFR, EGF",0,,0,,2
7468,NSD2,MedConf,Additional TRIAGE hits,,4,"PLOD1, PLOD3, UBE2V2, UIMC1",0,,0,,4
4926,NUMA1,MedConf,Additional TRIAGE hits,,2,"EIF3I, EIF3H",2,"EIF3I, EIF3H",0,,4
57122,NUP107,HighConf,RNA transport,RNA transport,34,"NUP133, NUP153, XPO1, SNRPB, CENPQ, EIF4E, NCBP2, CDC42, THOC2, ZWILCH, NUP155, NUP85, AHCTF1, NUP160, NUP88, NUP62, SPEN, SLU7, ITGB3BP, NUP54, SENP2, MYL1, GLE1, RCC1, TAOK1, GEMIN2, POLDIP3, LUZP4, RANBP2, RANGAP1, RPS27, CLASP1, HSPA4, GCK",16,"XPO1, THOC2, SENP2, RANGAP1, RANBP2, NUP88, NUP85, NUP62, NUP54, NUP160, NUP155, NUP153, NUP133, NCBP2, GEMIN2, EIF4E",1,RPS27,51
55746,NUP133,HighConf,RNA transport,RNA transport,33,"NUP153, XPO1, SNRPB, CENPQ, EIF4E, NCBP2, CDC42, THOC2, ZWILCH, NUP155, NUP85, AHCTF1, NUP160, NUP88, NUP62, SLU7, ITGB3BP, FLNC, NUP54, SENP2, WWOX, TAOK1, GEMIN2, POLDIP3, LUZP4, RANBP2, RANGAP1, RPS27, CLASP1, HSPA4, GCK, DDX3X, NUP107",16,"XPO1, THOC2, SENP2, RANGAP1, RANBP2, NUP88, NUP85, NUP62, NUP54, NUP160, NUP155, NUP153, NUP107, NCBP2, GEMIN2, EIF4E",1,RPS27,50
9972,NUP153,HighConf,RNA transport,RNA transport,25,"XPO1, SNRPB, EIF4E, NCBP2, THOC2, NUP155, NUP85, NUP160, NUP88, NUP62, SLU7, NUP54, SENP2, GLE1, RCC1, GEMIN2, POLDIP3, LUZP4, RANBP2, RANGAP1, HDAC1, HSPA4, GCK, NUP107, NUP133",16,"XPO1, THOC2, SENP2, RANGAP1, RANBP2, NUP88, NUP85, NUP62, NUP54, NUP160, NUP155, NUP133, NUP107, NCBP2, GEMIN2, EIF4E",0,,41
9631,NUP155,HighConf,RNA transport,RNA transport,21,"NUP85, NUP160, NUP88, NUP62, SLU7, KBTBD7, NUP54, GEMIN2, POLDIP3, LUZP4, RANBP2, RANGAP1, HSPA4, GCK, NUP107, NUP133, NUP153, SNRPB, EIF4E, NCBP2, THOC2",14,"THOC2, RANGAP1, RANBP2, NUP88, NUP85, NUP62, NUP54, NUP160, NUP153, NUP133, NUP107, NCBP2, GEMIN2, EIF4E",0,,35
23279,NUP160,HighConf,RNA transport,RNA transport,30,"NUP88, NUP62, SLU7, ITGB3BP, NUP54, TAOK1, GEMIN2, POLDIP3, LUZP4, RANBP2, RANGAP1, RPS27, CLASP1, HSPA4, GCK, NUP107, NUP133, NUP153, XPO1, SNRPB, CENPQ, EIF4E, NCBP2, CDC42, THOC2, ZWILCH, NUP155, NUP85, STX5, AHCTF1",15,"XPO1, THOC2, RANGAP1, RANBP2, NUP88, NUP85, NUP62, NUP54, NUP155, NUP153, NUP133, NUP107, NCBP2, GEMIN2, EIF4E",1,RPS27,46
53371,NUP54,MedConf,RNA transport,RNA transport,21,"GEMIN2, POLDIP3, LUZP4, RANBP2, RANGAP1, HSPA4, GCK, NUP107, NUP133, NUP153, SNRPB, EIF4E, NCBP2, THOC2, NUP155, NUP85, NUP160, NUP88, NUP62, SPEN, SLU7",14,"THOC2, RANGAP1, RANBP2, NUP88, NUP85, NUP62, NUP160, NUP155, NUP153, NUP133, NUP107, NCBP2, GEMIN2, EIF4E",0,,35
23636,NUP62,MedConf,RNA transport,RNA transport,25,"SLU7, NUP54, GEMIN2, POLDIP3, HEATR5A, TOMM40L, LUZP4, CD34, RANBP2, RANGAP1, HDAC1, HSPA4, GCK, NUP107, NUP133, NUP153, XPO1, SNRPB, EIF4E, NCBP2, THOC2, NUP155, NUP85, NUP160, NUP88",15,"XPO1, THOC2, RANGAP1, RANBP2, NUP88, NUP85, NUP54, NUP160, NUP155, NUP153, NUP133, NUP107, NCBP2, GEMIN2, EIF4E",0,,40
79902,NUP85,HighConf,RNA transport,RNA transport,29,"AHCTF1, NUP160, NUP88, NUP62, SLU7, ITGB3BP, NUP54, TAOK1, GEMIN2, POLDIP3, LUZP4, RANBP2, RANGAP1, RPS27, CLASP1, HSPA4, GCK, NUP107, NUP133, NUP153, XPO1, SNRPB, CENPQ, EIF4E, NCBP2, CDC42, THOC2, ZWILCH, NUP155",15,"XPO1, THOC2, RANGAP1, RANBP2, NUP88, NUP62, NUP54, NUP160, NUP155, NUP153, NUP133, NUP107, NCBP2, GEMIN2, EIF4E",1,RPS27,45
4927,NUP88,MedConf,RNA transport,RNA transport,21,"NUP62, SLU7, NUP54, GEMIN2, POLDIP3, LUZP4, RANBP2, RANGAP1, HSPA4, GCK, NUP107, NUP133, NUP153, XPO1, SNRPB, EIF4E, NCBP2, THOC2, NUP155, NUP85, NUP160",15,"XPO1, THOC2, RANGAP1, RANBP2, NUP85, NUP62, NUP54, NUP160, NUP155, NUP153, NUP133, NUP107, NCBP2, GEMIN2, EIF4E",0,,36
4942,OAT,MedConf,Additional TRIAGE hits,,1,ALDH1B1,0,,0,,1
8473,OGT,MedConf,Additional TRIAGE hits,,3,"AKT1, CRTC2, GYS1",0,,0,,3
611,OPN1SW,MedConf,Additional TRIAGE hits,,1,GNG2,0,,0,,1
4988,OPRM1,MedConf,Additional TRIAGE hits,,4,"GNG2, LPAR1, CHRM2, RXFP3",0,,0,,4
8106,PABPN1,MedConf,Additional TRIAGE hits,,16,"SLU7, PRPF3, RBM22, SF3A2, HNRNPU, SNRPA1, SF3B3, PRPF40A, LSM3, LSM2, SNRPB, SF3A1, POLR2J, NCBP2, CHERP, THOC2",2,"THOC2, NCBP2",0,,18
10605,PAIP1,MedConf,RNA transport,RNA transport,3,"EIF3G, EIF4E, MKRN2",2,"EIF4E, EIF3G",0,,5
5062,PAK2,MedConf,Additional TRIAGE hits,"Focal adhesion, Ras signaling pathway, Regulation of actin cytoskeleton, MAPK signaling pathway, T cell receptor signaling pathway, ErbB signaling pathway",11,"LCP2, MYLK4, SEMA3A, PSMA7, PSME2, PSMB7, PSMB2, CTTN, CDC42, CDH5, ACTA1",0,,0,,11
84612,PARD6B,MedConf,Additional TRIAGE hits,Rap1 signaling pathway,1,CDC42,0,,0,,1
5091,PC,MedConf,Additional TRIAGE hits,"Pyruvate metabolism, Citrate cycle (TCA cycle)",8,"PDHA2, CYP27A1, TSHR, ILF3, LDHAL6B, CCT3, MDH1, MDH2",0,,0,,8
5106,PCK2,MedConf,Additional TRIAGE hits,"PI3K-Akt signaling pathway, Pyruvate metabolism, Citrate cycle (TCA cycle), FoxO signaling pathway",1,AKT1,0,,0,,1
5138,PDE2A,MedConf,Additional TRIAGE hits,,1,ENTPD3,0,,0,,1
5156,PDGFRA,MedConf,Additional TRIAGE hits,"EGFR tyrosine kinase inhibitor resistance, PI3K-Akt signaling pathway, Focal adhesion, Ras signaling pathway, Regulation of actin cytoskeleton, MAPK signaling pathway, Rap1 signaling pathway, Phospholipase D signaling pathway",13,"SH3GL3, FGF2, EGF, SPHK1, VEGFD, FGF9, FGF19, SHC4, FGF14, RAPGEF1, GRB2, JAK1, EGFR",0,,0,,13
5161,PDHA2,MedConf,Additional TRIAGE hits,"Pyruvate metabolism, Citrate cycle (TCA cycle), HIF-1 signaling pathway",3,"LDHAL6B, HNRNPU, PC",0,,0,,3
10130,PDIA6,HighConf,Additional TRIAGE hits,,1,CLNS1A,1,CLNS1A,0,,2
10857,PGRMC1,MedConf,Additional TRIAGE hits,,2,"HNRNPU, RPS20",0,,1,RPS20,3
11331,PHB2,MedConf,Additional TRIAGE hits,,1,IDH1,0,,0,,1
57649,PHF12,HighConf,Additional TRIAGE hits,,2,"NCOR2, HDAC1",0,,0,,2
51230,PHF20,MedConf,Additional TRIAGE hits,,1,AKT1,0,,0,,1
5283,PIGH,HighConf,Additional TRIAGE hits,Glycosylphosphatidylinositol (GPI)-anchor biosynthesis,1,PIGY,0,,0,,1
10026,PIGK,HighConf,Additional TRIAGE hits,Glycosylphosphatidylinositol (GPI)-anchor biosynthesis,1,GPAA1,0,,0,,1
84992,PIGY,HighConf,Additional TRIAGE hits,Glycosylphosphatidylinositol (GPI)-anchor biosynthesis,1,PIGH,0,,0,,1
23396,PIP5K1C,HighConf,Additional TRIAGE hits,"Focal adhesion, Regulation of actin cytoskeleton, Phospholipase D signaling pathway",3,"INPP5E, SEMA3A, PTEN",0,,0,,3
168507,PKD1L1,MedConf,Additional TRIAGE hits,,1,CACNG1,0,,0,,1
5351,PLOD1,MedConf,Additional TRIAGE hits,Lysine degradation,10,"PLOD3, COL14A1, COL22A1, COL16A1, COL4A4, EHMT1, SETD7, NSD2, KMT5B, SUV39H1",0,,0,,10
8985,PLOD3,HighConf,Additional TRIAGE hits,Lysine degradation,12,"COL14A1, COL22A1, COL16A1, COL4A4, EHMT1, SETD7, NSD2, KMT5B, SUV39H1, HADHA, RAB3IP, PLOD1",0,,0,,12
84271,POLDIP3,MedConf,Additional TRIAGE hits,,14,"RANBP2, NUP107, NUP133, NUP153, NCBP2, THOC2, NUP155, NUP85, NUP160, NUP88, NUP62, SLU7, NUP54, RPS6KB1",12,"THOC2, RANBP2, NUP88, NUP85, NUP62, NUP54, NUP160, NUP155, NUP153, NUP133, NUP107, NCBP2",0,,26
5439,POLR2J,MedConf,Additional TRIAGE hits,"RNA polymerase, Pyrimidine metabolism",37,"NCBP2, CHERP, HNRNPF, PABPN1, SLU7, EGR2, ERCC3, EP300, FGF2, CCNT1, COPS4, COPS8, INTS7, INTS11, CTDP1, COPS7B, PPWD1, ICE2, AJUBA, ENTPD3, HOXB1, PRPF3, RBM22, SF3A2, HNRNPU, SNRPA1, SF3B3, PRPF40A, LSM3, LSM2, SNRPB, USP7, SF3A1, COPS6, RPA2, SUGP1, ELAVL1",1,NCBP2,0,,38
11128,POLR3A,HighConf,Additional TRIAGE hits,"RNA polymerase, Pyrimidine metabolism",6,"SSB, GPN3, POLR3F, POLR3D, ENTPD3, HDAC1",0,,0,,6
661,POLR3D,MedConf,Additional TRIAGE hits,"RNA polymerase, Pyrimidine metabolism",5,"ENTPD3, POLR3A, SSB, GPN3, POLR3F",0,,0,,5
10621,POLR3F,HighConf,Additional TRIAGE hits,"RNA polymerase, Pyrimidine metabolism",6,"POLR3D, ENTPD3, POLR3A, NOP58, SSB, RSL1D1",0,,0,,6
10248,POP7,MedConf,RNA transport,"RNA transport, Ribosome biogenesis in eukaryotes",1,RPP25L,1,RPP25L,0,,2
5479,PPIB,HighConf,Additional TRIAGE hits,,2,"COL4A4, RANGAP1",1,RANGAP1,0,,3
89801,PPP1R3F,MedConf,Additional TRIAGE hits,,1,GYS1,0,,0,,1
5520,PPP2R2A,HighConf,Additional TRIAGE hits,PI3K-Akt signaling pathway,36,"RELA, NCBP2, AKT1, TGFBR2, EGFR, RPS6KB1, EGF, CACNG1, RPL37, TNNI3, RPL39L, RPL6, RPS15A, RPL9, RPS18, RPS8, ETF1, RPL18A, RPS23, RPL4, RPLP0, RPL7, RPL10, RPL27A, RPS10, RPS27, RPL7A, RPS4X, RPL10A, CCT3, RPS6, RPS20, RPL18, RPL17, CYCS, RPL32",1,NCBP2,23,"RPS8, RPS6, RPS4X, RPS27, RPS23, RPS20, RPS18, RPS15A, RPS10, RPLP0, RPL9, RPL7A, RPL7, RPL6, RPL4, RPL37, RPL32, RPL27A, RPL18A, RPL18, RPL17, RPL10A, RPL10",60
23398,PPWD1,MedConf,Additional TRIAGE hits,,12,"RBM22, SF3A2, HNRNPU, SNRPA1, SF3B3, LSM2, SNRPB, SF3A1, POLR2J, NCBP2, CHERP, SLU7",1,NCBP2,0,,13
9129,PRPF3,MedConf,Additional TRIAGE hits,Spliceosome,23,"RBM22, SF3A2, HNRNPU, FBL, RPS10, SNRPA1, NOP58, SF3B3, PRPF40A, LSM3, LSM2, SNRPB, SF3A1, SUGP1, ELAVL1, POLR2J, NCBP2, MPHOSPH6, CHERP, HNRNPF, PABPN1, SLU7, CDK13",1,NCBP2,1,RPS10,25
55660,PRPF40A,MedConf,Additional TRIAGE hits,Spliceosome,20,"LSM3, LSM2, SNRPB, SF3A1, SUGP1, ELAVL1, POLR2J, NCBP2, CHERP, HNRNPF, PABPN1, RBMX2, PRPF3, RBM22, SF3A2, HNRNPU, SNRPA1, UTP14A, TRA2A, SF3B3",1,NCBP2,0,,21
5688,PSMA7,MedConf,Additional TRIAGE hits,,5,"SNRPA1, RELA, ARPC1A, PAK2, DVL2",0,,0,,5
5690,PSMB2,MedConf,Additional TRIAGE hits,,3,"RELA, PAK2, DVL2",0,,0,,3
5695,PSMB7,MedConf,Additional TRIAGE hits,,3,"RELA, PAK2, DVL2",0,,0,,3
5721,PSME2,HighConf,Additional TRIAGE hits,,3,"RELA, PAK2, DVL2",0,,0,,3
5728,PTEN,MedConf,Additional TRIAGE hits,"EGFR tyrosine kinase inhibitor resistance, PI3K-Akt signaling pathway, Focal adhesion, mTOR signaling pathway, FoxO signaling pathway, Autophagy - animal",8,"PIP5K1C, INPP4A, ITPKA, AGO3, INPP5E, GRB2, USP7, AKT1",0,,0,,8
5771,PTPN2,MedConf,Additional TRIAGE hits,,1,JAK1,0,,0,,1
81876,RAB1B,HighConf,Additional TRIAGE hits,,2,"CDC42, ARF1",0,,0,,2
5862,RAB2A,HighConf,Additional TRIAGE hits,,3,"ARF1, EEF1A1, HNRNPU",1,EEF1A1,0,,4
117177,RAB3IP,MedConf,Additional TRIAGE hits,,1,PLOD3,0,,0,,1
5870,RAB6A,HighConf,Additional TRIAGE hits,,1,ARF1,0,,0,,1
51560,RAB6B,MedConf,Additional TRIAGE hits,,1,ARF1,0,,0,,1
5902,RANBP1,HighConf,Additional TRIAGE hits,,3,"RANBP2, RANGAP1, XPO1",3,"XPO1, RANGAP1, RANBP2",0,,6
5903,RANBP2,HighConf,RNA transport,RNA transport,37,"EEF1A1, RANGAP1, RPLP0, RPS27, HDAC1, CLASP1, HSPA4, GCK, NUP107, NUP133, NUP153, XPO1, TRIM55, SNRPB, CENPQ, EIF4E, NCBP2, CDC42, THOC2, ZWILCH, NUP155, NUP85, AHCTF1, NUP160, NUP88, HNRNPF, NUP62, SLU7, ITGB3BP, NUP54, RANBP1, GLE1, RCC1, TAOK1, GEMIN2, POLDIP3, LUZP4",16,"XPO1, THOC2, RANGAP1, NUP88, NUP85, NUP62, NUP54, NUP160, NUP155, NUP153, NUP133, NUP107, NCBP2, GEMIN2, EIF4E, EEF1A1",2,"RPS27, RPLP0",55
5905,RANGAP1,MedConf,RNA transport,RNA transport,26,"RPS27, HDAC1, CLASP1, NUP107, NUP133, NUP153, XPO1, CENPQ, CDC42, ZWILCH, NUP155, NUP85, AHCTF1, NUP160, NUP88, NUP62, ITGB3BP, HUWE1, NUP54, SENP2, PPIB, RANBP1, RGPD5, TAOK1, RGPD4, RANBP2",14,"XPO1, SENP2, RGPD5, RGPD4, RANBP2, NUP88, NUP85, NUP62, NUP54, NUP160, NUP155, NUP153, NUP133, NUP107",1,RPS27,41
5908,RAP1B,HighConf,Additional TRIAGE hits,"Focal adhesion, Ras signaling pathway, MAPK signaling pathway, Rap1 signaling pathway",6,"LCP2, ITGA4, TIAM1, ARAP1, RAPGEF1, CDC42",0,,0,,6
2889,RAPGEF1,HighConf,Additional TRIAGE hits,"Focal adhesion, Rap1 signaling pathway",2,"RAP1B, PDGFRA",0,,0,,2
55696,RBM22,MedConf,Additional TRIAGE hits,Spliceosome,20,"SF3A2, HNRNPU, SNRPA1, SF3B3, PRPF40A, LSM3, LSM2, SNRPB, MAP1LC3A, SF3A1, SUGP1, ELAVL1, POLR2J, NCBP2, CHERP, HNRNPF, PABPN1, SLU7, PPWD1, PRPF3",1,NCBP2,0,,21
51634,RBMX2,MedConf,Additional TRIAGE hits,,1,PRPF40A,0,,0,,1
1104,RCC1,MedConf,Additional TRIAGE hits,,4,"RANBP2, NUP107, NUP153, XPO1",4,"XPO1, RANBP2, NUP153, NUP107",0,,8
5970,RELA,HighConf,Additional TRIAGE hits,"PI3K-Akt signaling pathway, Ras signaling pathway, MAPK signaling pathway, HIF-1 signaling pathway, T cell receptor signaling pathway, Relaxin signaling pathway",21,"ANAPC11, EP300, LPAR1, CSF2, TDP2, EHMT1, TNIP2, MALT1, LPL, IRF2, PSMA7, HDAC1, XPO1, PSME2, PSMB7, PSMB2, FBXW11, PPP2R2A, BTRC, UBE2D1, MTOR",1,XPO1,0,,22
285190,RGPD4,MedConf,RNA transport,RNA transport,1,RANGAP1,1,RANGAP1,0,,2
84220,RGPD5,HighConf,RNA transport,RNA transport,1,RANGAP1,1,RANGAP1,0,,2
55658,RNF126,MedConf,Additional TRIAGE hits,,1,ATG7,0,,0,,1
64320,RNF25,MedConf,Additional TRIAGE hits,,1,ATG7,0,,0,,1
6118,RPA2,MedConf,Additional TRIAGE hits,,3,"POLR2J, EP300, USP7",0,,0,,3
6134,RPL10,MedConf,Ribosome,Ribosome,40,"RPL27A, RPS10, RPS27, RPL7A, RPS4X, RPL10A, EIF1AX, RPS6, RPS20, RPL18, RPL17, RPL32, EIF3G, PPP2R2A, EIF3H, EIF4E, NCBP2, EXOSC3, MPHOSPH6, SEC61B, RPL37, RPL39L, SECISBP2, SPCS3, RPL6, EEF1A1, RPS15A, EXOSC9, EXOSC5, RPL9, RPS18, EIF3I, RPS8, ETF1, RPL18A, SEC61A1, RPS23, RPL4, RPLP0, RPL7",7,"NCBP2, EIF4E, EIF3I, EIF3H, EIF3G, EIF1AX, EEF1A1",22,"RPS8, RPS6, RPS4X, RPS27, RPS23, RPS20, RPS18, RPS15A, RPS10, RPLP0, RPL9, RPL7A, RPL7, RPL6, RPL4, RPL37, RPL32, RPL27A, RPL18A, RPL18, RPL17, RPL10A",69
4736,RPL10A,MedConf,Ribosome,Ribosome,41,"EIF1AX, RPS6, RPS20, RPL18, RPL17, RPL32, EIF3G, PPP2R2A, EIF3H, EIF4E, NCBP2, EXOSC3, MPHOSPH6, SEC61B, RPL37, ACTA2, RPL39L, SECISBP2, SPCS3, RPL6, EEF1A1, RPS15A, EXOSC9, EXOSC5, RPL9, RPS18, EIF3I, RPS8, ETF1, RPL18A, SEC61A1, RPS23, RPL4, RPLP0, RPL7, RPL10, RPL27A, RPS10, RPS27, RPL7A, RPS4X",7,"NCBP2, EIF4E, EIF3I, EIF3H, EIF3G, EIF1AX, EEF1A1",22,"RPS8, RPS6, RPS4X, RPS27, RPS23, RPS20, RPS18, RPS15A, RPS10, RPLP0, RPL9, RPL7A, RPL7, RPL6, RPL4, RPL37, RPL32, RPL27A, RPL18A, RPL18, RPL17, RPL10",70
6139,RPL17,MedConf,Ribosome,Ribosome,42,"RPL32, EIF3G, PPP2R2A, EIF3H, EIF4E, NCBP2, EXOSC3, MPHOSPH6, SEC61B, RPL37, ACTA2, RPL39L, SECISBP2, SPCS3, RPL6, EEF1A1, RPS15A, EXOSC9, EXOSC5, RPL9, RPS18, EIF3I, RPS8, ETF1, FBL, RPL18A, SEC61A1, RPS23, RPL4, RPLP0, RPL7, RPL10, RPL27A, RPS10, RPS27, RPL7A, RPS4X, RPL10A, EIF1AX, RPS6, RPS20, RPL18",7,"NCBP2, EIF4E, EIF3I, EIF3H, EIF3G, EIF1AX, EEF1A1",22,"RPS8, RPS6, RPS4X, RPS27, RPS23, RPS20, RPS18, RPS15A, RPS10, RPLP0, RPL9, RPL7A, RPL7, RPL6, RPL4, RPL37, RPL32, RPL27A, RPL18A, RPL18, RPL10A, RPL10",71
6141,RPL18,MedConf,Ribosome,Ribosome,44,"RPL17, RPL32, EIF3G, PPP2R2A, EIF3H, EIF4E, NCBP2, EXOSC3, MPHOSPH6, SEC61B, RPL37, ACTA2, RPL39L, SECISBP2, SPCS3, RPL6, EEF1A1, RPS15A, EXOSC9, EXOSC5, RPL9, RPS18, EIF3I, RPS8, HNRNPU, ETF1, FBL, RPL18A, SEC61A1, RPS23, RPL4, RPLP0, RPL7, RPL10, RPL27A, RPS10, RPS27, RPL7A, RPS4X, RPL10A, EIF1AX, RPS6, NOP56, RPS20",7,"NCBP2, EIF4E, EIF3I, EIF3H, EIF3G, EIF1AX, EEF1A1",22,"RPS8, RPS6, RPS4X, RPS27, RPS23, RPS20, RPS18, RPS15A, RPS10, RPLP0, RPL9, RPL7A, RPL7, RPL6, RPL4, RPL37, RPL32, RPL27A, RPL18A, RPL17, RPL10A, RPL10",73
6142,RPL18A,MedConf,Ribosome,Ribosome,45,"SEC61A1, RPS23, RPL4, RPLP0, RPL7, RPL10, RPL27A, RPS10, RPS27, RPL7A, RPS4X, RPL10A, EIF1AX, RPS6, NOP56, RPS20, RPL18, RPL17, NOP58, RPL32, SF3B3, EIF3G, PPP2R2A, EIF3H, EIF4E, NCBP2, EXOSC3, MPHOSPH6, SEC61B, RPL37, RPL39L, SECISBP2, SPCS3, RPL6, EEF1A1, RPS15A, EXOSC9, EXOSC5, RPL9, RPS18, EIF3I, RPS8, HNRNPU, ETF1, FBL",7,"NCBP2, EIF4E, EIF3I, EIF3H, EIF3G, EIF1AX, EEF1A1",22,"RPS8, RPS6, RPS4X, RPS27, RPS23, RPS20, RPS18, RPS15A, RPS10, RPLP0, RPL9, RPL7A, RPL7, RPL6, RPL4, RPL37, RPL32, RPL27A, RPL18, RPL17, RPL10A, RPL10",74
6157,RPL27A,MedConf,Ribosome,Ribosome,40,"RPS10, RPS27, RPL7A, RPS4X, RPL10A, EIF1AX, RPS6, RPS20, RPL18, RPL17, RPL32, EIF3G, PPP2R2A, EIF3H, EIF4E, NCBP2, EXOSC3, MPHOSPH6, SEC61B, RPL37, RPL39L, SECISBP2, SPCS3, RPL6, EEF1A1, RPS15A, EXOSC9, EXOSC5, RPL9, RPS18, EIF3I, RPS8, ETF1, RPL18A, SEC61A1, RPS23, RPL4, RPLP0, RPL7, RPL10",7,"NCBP2, EIF4E, EIF3I, EIF3H, EIF3G, EIF1AX, EEF1A1",22,"RPS8, RPS6, RPS4X, RPS27, RPS23, RPS20, RPS18, RPS15A, RPS10, RPLP0, RPL9, RPL7A, RPL7, RPL6, RPL4, RPL37, RPL32, RPL18A, RPL18, RPL17, RPL10A, RPL10",69
6161,RPL32,MedConf,Ribosome,Ribosome,41,"EIF3G, PPP2R2A, EIF3H, EIF4E, NCBP2, EXOSC3, MPHOSPH6, SEC61B, RPL37, RPL39L, SECISBP2, SPCS3, RPL6, EEF1A1, RPS15A, EXOSC9, EXOSC5, RPL9, ILF3, RPS18, EIF3I, RPS8, ETF1, RPL18A, SEC61A1, RPS23, RPL4, RPLP0, RPL7, RPL10, RPL27A, RPS10, RPS27, RPL7A, RPS4X, RPL10A, EIF1AX, RPS6, RPS20, RPL18, RPL17",7,"NCBP2, EIF4E, EIF3I, EIF3H, EIF3G, EIF1AX, EEF1A1",22,"RPS8, RPS6, RPS4X, RPS27, RPS23, RPS20, RPS18, RPS15A, RPS10, RPLP0, RPL9, RPL7A, RPL7, RPL6, RPL4, RPL37, RPL27A, RPL18A, RPL18, RPL17, RPL10A, RPL10",70
6167,RPL37,MedConf,Ribosome,Ribosome,40,"RPL39L, SECISBP2, SPCS3, RPL6, EEF1A1, RPS15A, EXOSC9, EXOSC5, RPL9, RPS18, EIF3I, RPS8, ETF1, RPL18A, SEC61A1, RPS23, RPL4, RPLP0, RPL7, RPL10, RPL27A, RPS10, RPS27, RPL7A, RPS4X, RPL10A, EIF1AX, RPS6, RPS20, RPL18, RPL17, RPL32, EIF3G, PPP2R2A, EIF3H, EIF4E, NCBP2, EXOSC3, MPHOSPH6, SEC61B",7,"NCBP2, EIF4E, EIF3I, EIF3H, EIF3G, EIF1AX, EEF1A1",22,"RPS8, RPS6, RPS4X, RPS27, RPS23, RPS20, RPS18, RPS15A, RPS10, RPLP0, RPL9, RPL7A, RPL7, RPL6, RPL4, RPL32, RPL27A, RPL18A, RPL18, RPL17, RPL10A, RPL10",69
116832,RPL39L,MedConf,Additional TRIAGE hits,,31,"RPL6, EEF1A1, RPS15A, RPL9, RPS18, EIF3I, RPS8, RPL18A, RPS23, RPL4, RPLP0, RPL7, RPL10, RPL27A, RPS10, RPS27, RPL7A, RPS4X, RPL10A, EIF1AX, RPS6, RPS20, RPL18, RPL17, RPL32, EIF3G, PPP2R2A, EIF3H, EIF4E, NCBP2, RPL37",7,"NCBP2, EIF4E, EIF3I, EIF3H, EIF3G, EIF1AX, EEF1A1",23,"RPS8, RPS6, RPS4X, RPS27, RPS23, RPS20, RPS18, RPS15A, RPS10, RPLP0, RPL9, RPL7A, RPL7, RPL6, RPL4, RPL37, RPL32, RPL27A, RPL18A, RPL18, RPL17, RPL10A, RPL10",61
6124,RPL4,MedConf,Ribosome,Ribosome,44,"RPLP0, RPL7, RPL10, RPL27A, RPS10, RPS27, RPL7A, RPS4X, RPL10A, EIF1AX, RPS6, NOP56, RPS20, RPL18, RPL17, NOP58, RPL32, EIF3G, PPP2R2A, EIF3H, EIF4E, NCBP2, RSL1D1, EXOSC3, MPHOSPH6, SEC61B, RPL37, RPL39L, SECISBP2, SPCS3, RPL6, EEF1A1, RPS15A, EXOSC9, EXOSC5, RPL9, RPS18, EIF3I, RPS8, ETF1, FBL, RPL18A, SEC61A1, RPS23",7,"NCBP2, EIF4E, EIF3I, EIF3H, EIF3G, EIF1AX, EEF1A1",22,"RPS8, RPS6, RPS4X, RPS27, RPS23, RPS20, RPS18, RPS15A, RPS10, RPLP0, RPL9, RPL7A, RPL7, RPL6, RPL37, RPL32, RPL27A, RPL18A, RPL18, RPL17, RPL10A, RPL10",73
6128,RPL6,MedConf,Ribosome,Ribosome,44,"EEF1A1, RPS15A, EXOSC9, EXOSC5, RPL9, RPS18, EIF3I, RPS8, ETF1, FBL, RPL18A, SEC61A1, RPS23, RPL4, RPLP0, RPL7, RPL10, RPL27A, RPS10, RPS27, RPL7A, RPS4X, RPL10A, EIF1AX, RPS6, NOP56, RPS20, RPL18, RPL17, NOP58, ALDH1B1, RPL32, EIF3G, PPP2R2A, EIF3H, EIF4E, NCBP2, EXOSC3, MPHOSPH6, SEC61B, RPL37, RPL39L, SECISBP2, SPCS3",7,"NCBP2, EIF4E, EIF3I, EIF3H, EIF3G, EIF1AX, EEF1A1",22,"RPS8, RPS6, RPS4X, RPS27, RPS23, RPS20, RPS18, RPS15A, RPS10, RPLP0, RPL9, RPL7A, RPL7, RPL4, RPL37, RPL32, RPL27A, RPL18A, RPL18, RPL17, RPL10A, RPL10",73
6129,RPL7,MedConf,Ribosome,Ribosome,43,"RPL10, RPL27A, RPS10, RPS27, RPL7A, RPS4X, RPL10A, EIF1AX, RPS6, NOP56, RPS20, RPL18, RPL17, NOP58, RPL32, EIF3G, PPP2R2A, EIF3H, EIF4E, NCBP2, EXOSC3, MPHOSPH6, SEC61B, RPL37, RPL39L, SECISBP2, SPCS3, RPL6, EEF1A1, RPS15A, EXOSC9, EXOSC5, RPL9, RPS18, EIF3I, RPS8, ETF1, FBL, RPL18A, SEC61A1, RPS23, RPL4, RPLP0",7,"NCBP2, EIF4E, EIF3I, EIF3H, EIF3G, EIF1AX, EEF1A1",22,"RPS8, RPS6, RPS4X, RPS27, RPS23, RPS20, RPS18, RPS15A, RPS10, RPLP0, RPL9, RPL7A, RPL6, RPL4, RPL37, RPL32, RPL27A, RPL18A, RPL18, RPL17, RPL10A, RPL10",72
6130,RPL7A,MedConf,Ribosome,Ribosome,41,"RPS4X, RPL10A, EIF1AX, RPS6, RPS20, RPL18, RPL17, RPL32, EIF3G, PPP2R2A, EIF3H, EIF4E, NCBP2, EXOSC3, MPHOSPH6, SEC61B, RPL37, ACTA2, RPL39L, SECISBP2, SPCS3, RPL6, EEF1A1, RPS15A, EXOSC9, EXOSC5, RPL9, RPS18, EIF3I, RPS8, ETF1, RPL18A, SEC61A1, RPS23, RPL4, RPLP0, RPL7, RPL10, RPL27A, RPS10, RPS27",7,"NCBP2, EIF4E, EIF3I, EIF3H, EIF3G, EIF1AX, EEF1A1",22,"RPS8, RPS6, RPS4X, RPS27, RPS23, RPS20, RPS18, RPS15A, RPS10, RPLP0, RPL9, RPL7, RPL6, RPL4, RPL37, RPL32, RPL27A, RPL18A, RPL18, RPL17, RPL10A, RPL10",70
6133,RPL9,MedConf,Ribosome,Ribosome,41,"RPS18, EIF3I, RPS8, ETF1, FBL, RPL18A, SEC61A1, RPS23, RPL4, RPLP0, RPL7, RPL10, RPL27A, RPS10, RPS27, RPL7A, RPS4X, RPL10A, EIF1AX, RPS6, RPS20, RPL18, RPL17, RPL32, EIF3G, PPP2R2A, EIF3H, EIF4E, NCBP2, EXOSC3, MPHOSPH6, SEC61B, RPL37, RPL39L, SECISBP2, SPCS3, RPL6, EEF1A1, RPS15A, EXOSC9, EXOSC5",7,"NCBP2, EIF4E, EIF3I, EIF3H, EIF3G, EIF1AX, EEF1A1",22,"RPS8, RPS6, RPS4X, RPS27, RPS23, RPS20, RPS18, RPS15A, RPS10, RPLP0, RPL7A, RPL7, RPL6, RPL4, RPL37, RPL32, RPL27A, RPL18A, RPL18, RPL17, RPL10A, RPL10",70
6175,RPLP0,MedConf,Ribosome,Ribosome,42,"RPL7, RPL10, RPL27A, RPS10, RPS27, RPL7A, RPS4X, RPL10A, EIF1AX, RPS6, RPS20, RPL18, RPL17, RPL32, EIF3G, PPP2R2A, EIF3H, EIF4E, NCBP2, EXOSC3, MPHOSPH6, SEC61B, RPL37, RPL39L, SECISBP2, SPCS3, RPL6, RANBP2, EEF1A1, RPS15A, EXOSC9, EXOSC5, RPL9, RPS18, EIF3I, RPS8, HNRNPU, ETF1, RPL18A, SEC61A1, RPS23, RPL4",8,"RANBP2, NCBP2, EIF4E, EIF3I, EIF3H, EIF3G, EIF1AX, EEF1A1",22,"RPS8, RPS6, RPS4X, RPS27, RPS23, RPS20, RPS18, RPS15A, RPS10, RPL9, RPL7A, RPL7, RPL6, RPL4, RPL37, RPL32, RPL27A, RPL18A, RPL18, RPL17, RPL10A, RPL10",72
138716,RPP25L,MedConf,RNA transport,"RNA transport, Ribosome biogenesis in eukaryotes",1,POP7,1,POP7,0,,2
6204,RPS10,MedConf,Ribosome,Ribosome,45,"RPS27, RPL7A, RPS4X, RPL10A, EIF1AX, RPS6, NOP56, RPS20, RPL18, RPL17, NOP58, RPL32, UTP14A, EIF3G, PPP2R2A, EIF3H, EIF4E, NCBP2, HEATR1, SEC61B, IMP4, RPL37, TMED2, DDX49, RPL39L, SECISBP2, SPCS3, RPL6, EEF1A1, RPS15A, RPL9, PRPF3, RPS18, EIF3I, RPS8, ETF1, FBL, RPL18A, SEC61A1, RPS23, RPL4, RPLP0, RPL7, RPL10, RPL27A",7,"NCBP2, EIF4E, EIF3I, EIF3H, EIF3G, EIF1AX, EEF1A1",22,"RPS8, RPS6, RPS4X, RPS27, RPS23, RPS20, RPS18, RPS15A, RPLP0, RPL9, RPL7A, RPL7, RPL6, RPL4, RPL37, RPL32, RPL27A, RPL18A, RPL18, RPL17, RPL10A, RPL10",74
6210,RPS15A,MedConf,Ribosome,Ribosome,46,"RPL9, RPS18, EIF3I, RPS8, ETF1, FBL, RPL18A, SEC61A1, RPS23, RPL4, RPLP0, RPL7, RPL10, RPL27A, RPS10, RPS27, RPL7A, RPS4X, RPL10A, EIF1AX, RPS6, NOP56, RPS20, RPL18, RPL17, NOP58, RPL32, DDX3X, UTP14A, EIF3G, PPP2R2A, EIF3H, EIF4E, NCBP2, HEATR1, SEC61B, IMP4, RPL37, ACTA2, DIMT1, DDX49, RPL39L, SECISBP2, SPCS3, RPL6, EEF1A1",7,"NCBP2, EIF4E, EIF3I, EIF3H, EIF3G, EIF1AX, EEF1A1",22,"RPS8, RPS6, RPS4X, RPS27, RPS23, RPS20, RPS18, RPS10, RPLP0, RPL9, RPL7A, RPL7, RPL6, RPL4, RPL37, RPL32, RPL27A, RPL18A, RPL18, RPL17, RPL10A, RPL10",75
6222,RPS18,MedConf,Ribosome,Ribosome,44,"EIF3I, RPS8, ETF1, FBL, RPL18A, SEC61A1, RPS23, RPL4, RPLP0, RPL7, RPL10, RPL27A, RPS10, RPS27, RPL7A, RPS4X, RPL10A, EIF1AX, RPS6, NOP56, RPS20, RPL18, RPL17, NOP58, RPL32, UTP14A, EIF3G, PPP2R2A, EIF3H, EIF4E, NCBP2, ATP6V0A1, HEATR1, SEC61B, IMP4, RPL37, DDX49, RPL39L, SECISBP2, SPCS3, RPL6, EEF1A1, RPS15A, RPL9",7,"NCBP2, EIF4E, EIF3I, EIF3H, EIF3G, EIF1AX, EEF1A1",22,"RPS8, RPS6, RPS4X, RPS27, RPS23, RPS20, RPS15A, RPS10, RPLP0, RPL9, RPL7A, RPL7, RPL6, RPL4, RPL37, RPL32, RPL27A, RPL18A, RPL18, RPL17, RPL10A, RPL10",73
6224,RPS20,MedConf,Ribosome,Ribosome,47,"RPL18, MRPL1, RPL17, NOP58, RPL32, UTP14A, EIF3G, PPP2R2A, EIF3H, EIF4E, NCBP2, HEATR1, SEC61B, IMP4, COG4, RPL37, PGRMC1, DDX49, MAP4, RPL39L, SECISBP2, SPCS3, RPL6, EEF1A1, RPS15A, RPL9, RPS18, EIF3I, RPS8, ETF1, FBL, RPL18A, SEC61A1, RPS23, RPL4, RPLP0, RPL7, RPL10, RPL27A, RPS10, RPS27, RPL7A, RPS4X, RPL10A, EIF1AX, RPS6, NOP56",7,"NCBP2, EIF4E, EIF3I, EIF3H, EIF3G, EIF1AX, EEF1A1",23,"RPS8, RPS6, RPS4X, RPS27, RPS23, RPS18, RPS15A, RPS10, RPLP0, RPL9, RPL7A, RPL7, RPL6, RPL4, RPL37, RPL32, RPL27A, RPL18A, RPL18, RPL17, RPL10A, RPL10, MRPL1",77
6228,RPS23,MedConf,Ribosome,Ribosome,44,"RPL4, RPLP0, RPL7, RPL10, RPL27A, RPS10, RPS27, RPL7A, RPS4X, RPL10A, EIF1AX, RPS6, NOP56, RPS20, RPL18, RPL17, NOP58, RPL32, UTP14A, EIF3G, PPP2R2A, EIF3H, EIF4E, NCBP2, HEATR1, SEC61B, IMP4, RPL37, ACTA2, DDX49, RPL39L, SECISBP2, SPCS3, RPL6, EEF1A1, RPS15A, RPL9, RPS18, EIF3I, RPS8, ETF1, FBL, RPL18A, SEC61A1",7,"NCBP2, EIF4E, EIF3I, EIF3H, EIF3G, EIF1AX, EEF1A1",22,"RPS8, RPS6, RPS4X, RPS27, RPS20, RPS18, RPS15A, RPS10, RPLP0, RPL9, RPL7A, RPL7, RPL6, RPL4, RPL37, RPL32, RPL27A, RPL18A, RPL18, RPL17, RPL10A, RPL10",73
6232,RPS27,MedConf,Ribosome,Ribosome,57,"RPL7A, RPS4X, RPL10A, EIF1AX, RPS6, NOP56, RPS20, RPL18, RPL17, NOP58, RPL32, CLASP1, NUP107, NUP133, UTP14A, XPO1, EIF3G, PPP2R2A, EIF3H, CENPQ, EIF4E, NCBP2, CDC42, ZWILCH, NUP85, AHCTF1, NUP160, HEATR1, SEC61B, IMP4, ITGB3BP, RPL37, DDX49, TAOK1, RPL39L, SECISBP2, SPCS3, RPL6, RANBP2, EEF1A1, RANGAP1, RPS15A, RPL9, RPS18, EIF3I, RPS8, ETF1, FBL, RPL18A, SEC61A1, RPS23, RPL4, RPLP0, RPL7, RPL10, RPL27A, RPS10",14,"XPO1, RANGAP1, RANBP2, NUP85, NUP160, NUP133, NUP107, NCBP2, EIF4E, EIF3I, EIF3H, EIF3G, EIF1AX, EEF1A1",22,"RPS8, RPS6, RPS4X, RPS23, RPS20, RPS18, RPS15A, RPS10, RPLP0, RPL9, RPL7A, RPL7, RPL6, RPL4, RPL37, RPL32, RPL27A, RPL18A, RPL18, RPL17, RPL10A, RPL10",93
6191,RPS4X,MedConf,Ribosome,Ribosome,44,"RPL10A, EIF1AX, RPS6, NOP56, RPS20, RPL18, RPL17, NOP58, RPL32, UTP14A, EIF3G, PPP2R2A, EIF3H, EIF4E, NCBP2, HEATR1, SEC61B, IMP4, RPL37, ACTA2, DDX49, RPL39L, SECISBP2, SPCS3, RPL6, EEF1A1, RPS15A, RPL9, RPS18, EIF3I, RPS8, ETF1, FBL, RPL18A, SEC61A1, RPS23, RPL4, RPLP0, RPL7, RPL10, RPL27A, RPS10, RPS27, RPL7A",7,"NCBP2, EIF4E, EIF3I, EIF3H, EIF3G, EIF1AX, EEF1A1",22,"RPS8, RPS6, RPS27, RPS23, RPS20, RPS18, RPS15A, RPS10, RPLP0, RPL9, RPL7A, RPL7, RPL6, RPL4, RPL37, RPL32, RPL27A, RPL18A, RPL18, RPL17, RPL10A, RPL10",73
6194,RPS6,MedConf,Ribosome,"Ribosome, EGFR tyrosine kinase inhibitor resistance, PI3K-Akt signaling pathway, mTOR signaling pathway, HIF-1 signaling pathway",48,"NOP56, RPS20, RPL18, RPL17, NOP58, RPL32, UTP14A, EIF3G, PPP2R2A, EIF3H, EIF4E, NCBP2, EXOSC3, MPHOSPH6, HEATR1, SEC61B, IMP4, RPS6KB1, RPL37, DDX49, RPL39L, SECISBP2, SPCS3, RPL6, EEF1A1, RPS15A, EXOSC9, EXOSC5, RPL9, RPS18, EIF3I, RPS8, ETF1, FBL, RPL18A, SEC61A1, RPS23, RPL4, RPLP0, RPL7, RPL10, RPL27A, RPS10, RPS27, RPL7A, RPS4X, RPL10A, EIF1AX",7,"NCBP2, EIF4E, EIF3I, EIF3H, EIF3G, EIF1AX, EEF1A1",22,"RPS8, RPS4X, RPS27, RPS23, RPS20, RPS18, RPS15A, RPS10, RPLP0, RPL9, RPL7A, RPL7, RPL6, RPL4, RPL37, RPL32, RPL27A, RPL18A, RPL18, RPL17, RPL10A, RPL10",77
6198,RPS6KB1,MedConf,Additional TRIAGE hits,"EGFR tyrosine kinase inhibitor resistance, PI3K-Akt signaling pathway, mTOR signaling pathway, HIF-1 signaling pathway, ErbB signaling pathway, Autophagy - animal",10,"RRAGB, POLDIP3, RPS6, GRB2, PPP2R2A, MTOR, EIF4E, CDC42, AKT1, TGFBR2",1,EIF4E,1,RPS6,12
6202,RPS8,MedConf,Ribosome,Ribosome,44,"ETF1, FBL, RPL18A, SEC61A1, RPS23, RPL4, RPLP0, RPL7, RPL10, RPL27A, RPS10, RPS27, RPL7A, RPS4X, RPL10A, EIF1AX, RPS6, NOP56, RPS20, RPL18, RPL17, NOP58, RPL32, UTP14A, EIF3G, PPP2R2A, EIF3H, EIF4E, NCBP2, HEATR1, SEC61B, IMP4, RPL37, DDX49, DCAF1, RPL39L, SECISBP2, SPCS3, RPL6, EEF1A1, RPS15A, RPL9, RPS18, EIF3I",7,"NCBP2, EIF4E, EIF3I, EIF3H, EIF3G, EIF1AX, EEF1A1",22,"RPS6, RPS4X, RPS27, RPS23, RPS20, RPS18, RPS15A, RPS10, RPLP0, RPL9, RPL7A, RPL7, RPL6, RPL4, RPL37, RPL32, RPL27A, RPL18A, RPL18, RPL17, RPL10A, RPL10",73
10325,RRAGB,HighConf,Additional TRIAGE hits,"mTOR signaling pathway, Autophagy - animal",5,"DEPDC5, MTOR, EIF4E, AKT1, RPS6KB1",1,EIF4E,0,,6
22800,RRAS2,MedConf,Additional TRIAGE hits,"Ras signaling pathway, Regulation of actin cytoskeleton, MAPK signaling pathway, Autophagy - animal, Phospholipase D signaling pathway",2,"TIAM1, MOS",0,,0,,2
124923,RSKR,MedConf,Additional TRIAGE hits,,1,CD8B,0,,0,,1
26156,RSL1D1,HighConf,Additional TRIAGE hits,,6,"POLR3F, HNRNPU, FBL, RPL4, NOP56, NOP58",0,,1,RPL4,7
51187,RSL24D1,MedConf,Ribosome,Ribosome,1,FBL,0,,0,,1
51289,RXFP3,MedConf,Additional TRIAGE hits,Relaxin signaling pathway,12,"NPBWR1, AGTR2, GABBR1, OPRM1, C3, GNG2, C5AR1, LPAR1, CHRM2, CXCR4, MTNR1A, HTR1F",0,,0,,12
6277,S100A6,MedConf,Additional TRIAGE hits,,1,CLNS1A,1,CLNS1A,0,,2
6280,S100A9,MedConf,Additional TRIAGE hits,,3,"HNRNPU, UTP14A, TRA2A",0,,0,,3
29927,SEC61A1,MedConf,Additional TRIAGE hits,,23,"RPS23, RPL4, RPLP0, RPL7, RPL10, RPL27A, RPS10, RPS27, RPL7A, RPS4X, RPL10A, RPS6, RPS20, RPL18, RPL17, RPL32, RPL37, RPL6, RPS15A, RPL9, RPS18, RPS8, RPL18A",0,,23,"RPS8, RPS6, RPS4X, RPS27, RPS23, RPS20, RPS18, RPS15A, RPS10, RPLP0, RPL9, RPL7A, RPL7, RPL6, RPL4, RPL37, RPL32, RPL27A, RPL18A, RPL18, RPL17, RPL10A, RPL10",46
10952,SEC61B,MedConf,Additional TRIAGE hits,,23,"RPL37, RPL6, RPS15A, RPL9, RPS18, RPS8, RPL18A, RPS23, RPL4, RPLP0, RPL7, RPL10, RPL27A, RPS10, RPS27, RPL7A, RPS4X, RPL10A, RPS6, RPS20, RPL18, RPL17, RPL32",0,,23,"RPS8, RPS6, RPS4X, RPS27, RPS23, RPS20, RPS18, RPS15A, RPS10, RPLP0, RPL9, RPL7A, RPL7, RPL6, RPL4, RPL37, RPL32, RPL27A, RPL18A, RPL18, RPL17, RPL10A, RPL10",46
79048,SECISBP2,MedConf,Additional TRIAGE hits,,23,"RPL6, RPS15A, RPL9, RPS18, RPS8, RPL18A, RPS23, RPL4, RPLP0, RPL7, RPL10, RPL27A, RPS10, RPS27, RPL7A, RPS4X, RPL10A, RPS6, RPS20, RPL18, RPL17, RPL32, RPL37",0,,23,"RPS8, RPS6, RPS4X, RPS27, RPS23, RPS20, RPS18, RPS15A, RPS10, RPLP0, RPL9, RPL7A, RPL7, RPL6, RPL4, RPL37, RPL32, RPL27A, RPL18A, RPL18, RPL17, RPL10A, RPL10",46
10371,SEMA3A,MedConf,Additional TRIAGE hits,,2,"PAK2, PIP5K1C",0,,0,,2
59343,SENP2,MedConf,RNA transport,RNA transport,5,"DVL2, RANGAP1, NUP107, NUP133, NUP153",4,"RANGAP1, NUP153, NUP133, NUP107",0,,9
5345,SERPINF2,MedConf,Additional TRIAGE hits,,2,"EGF, VEGFD",0,,0,,2
80854,SETD7,MedConf,Additional TRIAGE hits,"Lysine degradation, FoxO signaling pathway",2,"PLOD1, PLOD3",0,,0,,2
10291,SF3A1,MedConf,Additional TRIAGE hits,Spliceosome,22,"SUGP1, ELAVL1, POLR2J, NCBP2, CHERP, HNRNPF, PABPN1, SLU7, PPWD1, PRPF3, RBM22, SF3A2, HNRNPU, SNRPA1, UTP14A, TRA2A, SF3B3, PRPF40A, LSM3, LSM2, TRIM55, SNRPB",1,NCBP2,0,,23
8175,SF3A2,MedConf,Additional TRIAGE hits,Spliceosome,23,"HNRNPU, SNRPA1, SF3B3, PRPF40A, LSM3, LSM2, SNRPB, SF3A1, SUGP1, ELAVL1, POLR2J, NCBP2, ARGLU1, CHERP, HRH2, HNRNPF, PABPN1, SLU7, HTATSF1, PPWD1, PRPF3, ILF3, RBM22",1,NCBP2,0,,24
23450,SF3B3,MedConf,Additional TRIAGE hits,Spliceosome,24,"PRPF40A, LSM3, LSM2, TRIM55, SNRPB, SF3A1, SUGP1, ELAVL1, POLR2J, NCBP2, CHERP, HNRNPF, PABPN1, SLU7, PPWD1, PRPF3, RBM22, SF3A2, HNRNPU, RPL18A, SNRPA1, UTP14A, SPTAN1, TRA2A",1,NCBP2,1,RPL18A,26
10019,SH2B3,MedConf,Additional TRIAGE hits,,1,GRB2,0,,0,,1
6457,SH3GL3,MedConf,Additional TRIAGE hits,,9,"EGF, DVL2, CHRM2, ARPC1A, ARPC5, EGFR, CD4, FLT1, PDGFRA",0,,0,,9
399694,SHC4,MedConf,Additional TRIAGE hits,"EGFR tyrosine kinase inhibitor resistance, Focal adhesion, Ras signaling pathway, Relaxin signaling pathway, ErbB signaling pathway, Phospholipase D signaling pathway",5,"GRB2, EGFR, FLT1, PDGFRA, FLT4",0,,0,,5
10569,SLU7,MedConf,Additional TRIAGE hits,Spliceosome,30,"NUP54, PPWD1, POLDIP3, LUZP4, RANBP2, PRPF3, RBM22, SF3A2, HNRNPU, SNRPA1, NUP107, NUP133, NUP153, SF3B3, LSM2, SNRPB, SF3A1, SUGP1, ELAVL1, POLR2J, NCBP2, CHERP, THOC2, NUP155, NUP85, NUP160, NUP88, HNRNPF, PABPN1, NUP62",12,"THOC2, RANBP2, NUP88, NUP85, NUP62, NUP54, NUP160, NUP155, NUP153, NUP133, NUP107, NCBP2",0,,42
6627,SNRPA1,MedConf,Additional TRIAGE hits,Spliceosome,21,"SF3B3, PRPF40A, LSM3, LSM2, SNRPB, SF3A1, SUGP1, ELAVL1, POLR2J, NCBP2, SSB, CHERP, HNRNPF, PABPN1, SLU7, PPWD1, PRPF3, RBM22, SF3A2, HNRNPU, PSMA7",1,NCBP2,0,,22
6628,SNRPB,MedConf,Additional TRIAGE hits,Spliceosome,31,"SF3A1, SUGP1, ELAVL1, POLR2J, NCBP2, CHERP, NUP155, NUP85, NUP160, NUP88, HNRNPF, PABPN1, NUP62, SLU7, NUP54, GEMIN2, PPWD1, RANBP2, PRPF3, RBM22, SF3A2, HNRNPU, SNRPA1, NUP107, NUP133, NUP153, SF3B3, CLNS1A, PRPF40A, LSM3, LSM2",13,"RANBP2, NUP88, NUP85, NUP62, NUP54, NUP160, NUP155, NUP153, NUP133, NUP107, NCBP2, GEMIN2, CLNS1A",0,,44
60559,SPCS3,HighConf,Additional TRIAGE hits,,23,"RPL6, RPS15A, RPL9, RPS18, RPS8, RPL18A, RPS23, RPL4, RPLP0, RPL7, RPL10, RPL27A, RPS10, RPS27, RPL7A, RPS4X, RPL10A, RPS6, RPS20, RPL18, RPL17, RPL32, RPL37",0,,23,"RPS8, RPS6, RPS4X, RPS27, RPS23, RPS20, RPS18, RPS15A, RPS10, RPLP0, RPL9, RPL7A, RPL7, RPL6, RPL4, RPL37, RPL32, RPL27A, RPL18A, RPL18, RPL17, RPL10A, RPL10",46
23013,SPEN,MedConf,Additional TRIAGE hits,,4,"EP300, NUP54, MAML1, NUP107",2,"NUP54, NUP107",0,,6
8877,SPHK1,MedConf,Additional TRIAGE hits,Phospholipase D signaling pathway,5,"FCER1A, CERS5, ACER3, CCT3, PDGFRA",0,,0,,5
6697,SPR,MedConf,Additional TRIAGE hits,,2,"ACAT2, MDH1",0,,0,,2
6709,SPTAN1,HighConf,Additional TRIAGE hits,,3,"SF3B3, ACTA2, ARF1",0,,0,,3
6711,SPTBN1,HighConf,Additional TRIAGE hits,,2,"TGFBR2, ARF1",0,,0,,2
6741,SSB,HighConf,Additional TRIAGE hits,,6,"POLR3F, POLR3D, EEF1A1, NOP56, SNRPA1, POLR3A",1,EEF1A1,0,,7
54434,SSH1,MedConf,Additional TRIAGE hits,Regulation of actin cytoskeleton,2,"GRB2, CXCR4",0,,0,,2
90627,STARD13,MedConf,Additional TRIAGE hits,,1,CDC42,0,,0,,1
6811,STX5,HighConf,Additional TRIAGE hits,,2,"NUP160, MAN2A1",1,NUP160,0,,3
57794,SUGP1,MedConf,Additional TRIAGE hits,,15,"POLR2J, NCBP2, CHERP, SLU7, PRPF3, RBM22, SF3A2, HNRNPU, SNRPA1, SF3B3, PRPF40A, LSM3, LSM2, SNRPB, SF3A1",1,NCBP2,0,,16
6839,SUV39H1,MedConf,Additional TRIAGE hits,Lysine degradation,4,"PLOD1, PLOD3, BAHD1, HDAC1",0,,0,,4
83551,TAAR8,MedConf,Additional TRIAGE hits,,1,GNG2,0,,0,,1
6863,TAC1,MedConf,Additional TRIAGE hits,,2,"GNG2, LPAR1",0,,0,,2
10629,TAF6L,MedConf,Additional TRIAGE hits,,3,"NCOR2, HDAC1, KAT2A",0,,0,,3
57551,TAOK1,HighConf,Additional TRIAGE hits,MAPK signaling pathway,14,"RANBP2, RANGAP1, RPS27, CLASP1, NUP107, NUP133, XPO1, CENPQ, CDC42, ZWILCH, NUP85, AHCTF1, NUP160, ITGB3BP",7,"XPO1, RANGAP1, RANBP2, NUP85, NUP160, NUP133, NUP107",1,RPS27,22
51567,TDP2,MedConf,Additional TRIAGE hits,,1,RELA,0,,0,,1
7029,TFDP2,HighConf,Additional TRIAGE hits,,2,"EP300, HDAC1",0,,0,,2
7048,TGFBR2,MedConf,Additional TRIAGE hits,"MAPK signaling pathway, FoxO signaling pathway, Relaxin signaling pathway",7,"ERCC3, RPS6KB1, CCNT1, CDK13, XPO1, PPP2R2A, SPTBN1",1,XPO1,0,,8
60436,TGIF2,MedConf,Additional TRIAGE hits,,1,HDAC1,0,,0,,1
57187,THOC2,HighConf,RNA transport,"RNA transport, Spliceosome",17,"NUP155, NUP85, NUP160, NUP88, PABPN1, NUP62, SLU7, NUP54, POLDIP3, LUZP4, RANBP2, NUP107, NUP133, NUP153, VPS53, USP7, NCBP2",11,"RANBP2, NUP88, NUP85, NUP62, NUP54, NUP160, NUP155, NUP153, NUP133, NUP107, NCBP2",0,,28
7074,TIAM1,MedConf,Additional TRIAGE hits,"Ras signaling pathway, Regulation of actin cytoskeleton, Rap1 signaling pathway",3,"RRAS2, CDC42, RAP1B",0,,0,,3
26230,TIAM2,HighConf,Additional TRIAGE hits,,1,CDC42,0,,0,,1
1678,TIMM8A,HighConf,Additional TRIAGE hits,,1,CDA,0,,0,,1
10972,TMED10,MedConf,Additional TRIAGE hits,,1,ARF1,0,,0,,1
10959,TMED2,HighConf,Additional TRIAGE hits,,3,"ARF1, EIF3I, RPS10",1,EIF3I,1,RPS10,5
79155,TNIP2,MedConf,Additional TRIAGE hits,,1,RELA,0,,0,,1
7137,TNNI3,MedConf,Additional TRIAGE hits,,1,PPP2R2A,0,,0,,1
84134,TOMM40L,MedConf,Additional TRIAGE hits,,1,NUP62,1,NUP62,0,,2
29896,TRA2A,MedConf,Additional TRIAGE hits,Spliceosome,6,"SF3B3, PRPF40A, SF3A1, HRH2, S100A9, HNRNPU",0,,0,,6
22878,TRAPPC8,HighConf,Additional TRIAGE hits,,1,ACAT2,0,,0,,1
7200,TRH,MedConf,Additional TRIAGE hits,,2,"GNG2, LPAR1",0,,0,,2
84675,TRIM55,HighConf,Additional TRIAGE hits,,4,"SF3A1, RANBP2, HNRNPU, SF3B3",1,RANBP2,0,,5
81844,TRIM56,MedConf,Additional TRIAGE hits,,1,LSM2,0,,0,,1
9321,TRIP11,MedConf,Additional TRIAGE hits,,1,ARF1,0,,0,,1
7252,TSHB,MedConf,Additional TRIAGE hits,,1,GNG2,0,,0,,1
7253,TSHR,MedConf,Additional TRIAGE hits,,2,"PC, GNG2",0,,0,,2
221830,TWISTNB,MedConf,Additional TRIAGE hits,"RNA polymerase, Pyrimidine metabolism",5,"KAT2A, ZNRD1, ERCC3, EP300, ENTPD3",0,,0,,5
55236,UBA6,MedConf,Additional TRIAGE hits,,1,ATG7,0,,0,,1
7321,UBE2D1,MedConf,Additional TRIAGE hits,,7,"RELA, AKT1, EGFR, EP300, ATG7, EGF, EHMT1",0,,0,,7
7327,UBE2G2,MedConf,Additional TRIAGE hits,,1,ATG7,0,,0,,1
118424,UBE2J2,MedConf,Additional TRIAGE hits,,1,ATG7,0,,0,,1
7336,UBE2V2,MedConf,Additional TRIAGE hits,,2,"ATG7, NSD2",0,,0,,2
51035,UBXN1,MedConf,Additional TRIAGE hits,,2,"ACAT2, CLNS1A",1,CLNS1A,0,,3
51720,UIMC1,MedConf,Additional TRIAGE hits,,1,NSD2,0,,0,,1
7874,USP7,MedConf,Additional TRIAGE hits,FoxO signaling pathway,9,"RPA2, POLR2J, THOC2, HNRNPF, PTEN, ERCC3, EP300, KLHDC10, VPS53",1,THOC2,0,,10
10813,UTP14A,MedConf,Additional TRIAGE hits,Ribosome biogenesis in eukaryotes,24,"SF3B3, PRPF40A, SF3A1, EXOSC3, MPHOSPH6, HEATR1, IMP4, S100A9, DDX49, RPS15A, EXOSC9, EXOSC5, RPS18, RPS8, HNRNPU, FBL, RPS23, RPS10, RPS27, RPS4X, RPS6, NOP56, RPS20, NOP58",0,,9,"RPS8, RPS6, RPS4X, RPS27, RPS23, RPS20, RPS18, RPS15A, RPS10",33
2277,VEGFD,MedConf,Additional TRIAGE hits,"PI3K-Akt signaling pathway, Focal adhesion, Ras signaling pathway, Relaxin signaling pathway, Rap1 signaling pathway",9,"FLT4, SERPINF2, GRB2, EGFR, FLT1, PDGFRA, CFD, EGF, ITGA4",0,,0,,9
55275,VPS53,HighConf,Additional TRIAGE hits,,2,"USP7, THOC2",1,THOC2,0,,3
7471,WNT1,HighConf,Additional TRIAGE hits,mTOR signaling pathway,6,"WNT11, FZD6, WNT10A, NOTUM, CSNK1G2, DVL2",0,,0,,6
80326,WNT10A,MedConf,Additional TRIAGE hits,mTOR signaling pathway,4,"NOTUM, WNT1, WNT11, FZD6",0,,0,,4
7481,WNT11,MedConf,Additional TRIAGE hits,mTOR signaling pathway,6,"FZD6, WNT10A, NOTUM, GNG2, DVL2, WNT1",0,,0,,6
51741,WWOX,MedConf,Additional TRIAGE hits,,1,NUP133,1,NUP133,0,,2
6375,XCL1,MedConf,Additional TRIAGE hits,,2,"GNG2, LPAR1",0,,0,,2
7514,XPO1,MedConf,RNA transport,"RNA transport, Ribosome biogenesis in eukaryotes",24,"ELAVL1, CENPQ, RELA, CDC42, TGFBR2, ZWILCH, NUP85, AHCTF1, NUP160, NUP88, NUP62, ITGB3BP, RANBP1, RCC1, CDA, TAOK1, RANBP2, RANGAP1, RPS27, HDAC1, CLASP1, NUP107, NUP133, NUP153",9,"RANGAP1, RANBP2, NUP88, NUP85, NUP62, NUP160, NUP153, NUP133, NUP107",1,RPS27,34
57732,ZFYVE28,MedConf,Additional TRIAGE hits,,3,"GRB2, EGFR, EGF",0,,0,,3
84330,ZNF414,MedConf,Additional TRIAGE hits,,1,DEPDC5,0,,0,,1
152485,ZNF827,MedConf,Additional TRIAGE hits,,1,CHERP,0,,0,,1
30834,ZNRD1,HighConf,Additional TRIAGE hits,"RNA polymerase, Pyrimidine metabolism",5,"ERCC3, EP300, ENTPD3, TWISTNB, KAT2A",0,,0,,5
55055,ZWILCH,MedConf,Additional TRIAGE hits,,10,"NUP85, NUP160, TAOK1, RANBP2, RANGAP1, RPS27, NUP107, NUP133, XPO1, CDC42",7,"XPO1, RANGAP1, RANBP2, NUP85, NUP160, NUP133, NUP107",1,RPS27,18
