"","EntrezID","GeneSymbol","GeneMappingID","ConfidenceCategory","Group","Pathway","Allnet.count","Ntwrk.all","NtwrkCount.Purine metabolism","Ntwrk.Purine metabolism","NtwrkCount.Pyrimidine metabolism","Ntwrk.Pyrimidine metabolism","NtwrkCount.Toll-like receptor signaling pathway","Ntwrk.Toll-like receptor signaling pathway","Total_Path_Hits.net.count"
"1",216739,"Acsl6",267,"MedConf","Novel","PPAR signaling pathway, Adipocytokine signaling pathway",2,"Cpt1a, Pnpla2",0,NA,0,NA,0,NA,0
"2",11548,"Adra1b",138,"HighConf","Novel","cGMP-PKG signaling pathway, Vascular smooth muscle contraction, Adrenergic signaling in cardiomyocytes",9,"Cysltr1, Xcl1, Prok2, Npff, Cckbr, Avpr1b, Lpar3, Pik3ca, Tbxa2r",0,NA,0,NA,1,"Pik3ca",1
"3",11552,"Adra2b",134,"MedConf","Novel","cGMP-PKG signaling pathway",7,"Lpar3, Gal, C3, Cxcr4, Ppbp, Tas2r113, Chrm4",0,NA,0,NA,0,NA,0
"4",68870,"Ak8",272,"MedConf","Purine metabolism","Purine metabolism",3,"Nme6, Nme4, Nme3",0,NA,3,"Nme6, Nme4, Nme3",0,NA,3
"5",11674,"Aldoa",86,"HighConf","Novel","HIF-1 signaling pathway",5,"Vegfb, Ppbp, Serpina1d, G6pdx, Vegfa",0,NA,0,NA,0,NA,0
"6",236266,"Alms1",206,"MedConf","Novel",NA,4,"Pcnt, Prkaca, Plk1, Cep250",0,NA,0,NA,0,NA,0
"7",106952,"Arap3",239,"MedConf","Novel","Rap1 signaling pathway",2,"Arhgef7, Arhgdig",0,NA,0,NA,0,NA,0
"8",14570,"Arhgdig",137,"MedConf","Novel","Vasopressin-regulated water reabsorption, Neurotrophin signaling pathway",7,"Hmha1, Fam13b, Arap3, Stard8, Myo9b, Ngfr, Prkaca",0,NA,0,NA,0,NA,0
"9",54126,"Arhgef7",118,"MedConf","Novel",NA,5,"Hmha1, Fam13b, Arap3, Stard8, Myo9b",0,NA,0,NA,0,NA,0
"10",11863,"Arnt",23,"MedConf","Novel","HIF-1 signaling pathway",2,"Vegfa, Ep300",0,NA,0,NA,0,NA,0
"11",11910,"Atf3",215,"MedConf","Novel",NA,1,"Jund",0,NA,0,NA,0,NA,0
"12",338375,"Atp6v1g3",271,"MedConf","Novel","mTOR signaling pathway",1,"Ins1",0,NA,0,NA,0,NA,0
"13",26361,"Avpr1b",103,"MedConf","Novel","Vascular smooth muscle contraction",9,"Pik3ca, Cckbr, Lpar3, Adra1b, Cysltr1, Xcl1, Prok2, Npff, Tbxa2r",0,NA,0,NA,1,"Pik3ca",1
"14",68010,"Bambi",212,"MedConf","Novel",NA,1,"Dvl2",0,NA,0,NA,0,NA,0
"15",57261,"Brd4",78,"HighConf","Novel",NA,5,"Prkag1, Psmc5, Ikbkg, Supt5, Cdk9",0,NA,0,NA,1,"Ikbkg",1
"16",12266,"C3",124,"MedConf","Novel",NA,8,"Tas2r113, Chrm4, Ppbp, Adra2b, Lpar3, Gal, Itgb2l, Cxcr4",0,NA,0,NA,0,NA,0
"17",215303,"Camk1g",200,"MedConf","Novel","Oxytocin signaling pathway",1,"Nos3",0,NA,0,NA,0,NA,0
"18",12391,"Cav3",192,"MedConf","Novel","Focal adhesion",1,"Fyn",0,NA,0,NA,0,NA,0
"19",12426,"Cckbr",117,"MedConf","Novel",NA,9,"Lpar3, Adra1b, Cysltr1, Xcl1, Prok2, Npff, Pik3ca, Tbxa2r, Avpr1b",0,NA,0,NA,1,"Pik3ca",1
"20",21940,"Cd27",112,"MedConf","Novel","Cytokine-cytokine receptor interaction",1,"Cd70",0,NA,0,NA,0,NA,0
"21",21948,"Cd70",236,"MedConf","Novel","Cytokine-cytokine receptor interaction",1,"Cd27",0,NA,0,NA,0,NA,0
"22",12537,"Cdk11b",158,"MedConf","Novel",NA,5,"Fabp4, Ebf1, Ep300, Med15, Cebpb",0,NA,0,NA,0,NA,0
"23",107951,"Cdk9",41,"MedConf","Novel",NA,10,"Polr2k, Ikbkg, Psmc5, Brd4, Prkag1, Polr2b, Polr2g, Supt5, Polr2f, Polr2d",0,NA,4,"Polr2g, Polr2f, Polr2d, Polr2b",1,"Ikbkg",5
"24",12608,"Cebpb",123,"HighConf","Novel","TNF signaling pathway",8,"Mapk13, Cdk11b, Fabp4, Ebf1, Ciita, Ep300, Ube2c, Med15",0,NA,0,NA,1,"Mapk13",1
"25",16328,"Cep250",146,"HighConf","Novel",NA,4,"Alms1, Plk1, Prkaca, Pcnt",0,NA,0,NA,0,NA,0
"26",12672,"Chrm4",130,"MedConf","Novel","Cholinergic synapse",8,"Ppbp, Adra2b, Lpar3, Gal, Tas2r113, Gnao1, C3, Cxcr4",0,NA,0,NA,0,NA,0
"27",12265,"Ciita",265,"MedConf","Novel",NA,1,"Cebpb",0,NA,0,NA,0,NA,0
"28",140709,"Col26a1",274,"MedConf","Novel",NA,1,"Col2a1",0,NA,0,NA,0,NA,0
"29",12824,"Col2a1",153,"MedConf","Novel","PI3K-Akt signaling pathway, Focal adhesion, ECM-receptor interaction",5,"Col26a1, Itga5, Itga7, Itgav, Sdc4",0,NA,0,NA,0,NA,0
"30",432508,"Cpsf6",115,"MedConf","Novel","mRNA surveillance pathway",1,"Cpsf7",0,NA,0,NA,0,NA,0
"31",269061,"Cpsf7",116,"MedConf","Novel","mRNA surveillance pathway",28,"Magoh, Hnrnpa3, Pabpn1, Polr2g, Sf3b2, Rnps1, Polr2b, Snrpe, Snrpa1, Polr2d, Cpsf6, Rbm8a, Sf3a3, Sf3a1, Snrpd2, Snrpd3, Sf3b3, Snrpd1, Polr2f, Srsf3, Sf3b1, Snrnp200, Polr2k, Sf3b5, Snrpb, Smc1a, Phf5a, Sf3b6",0,NA,4,"Polr2g, Polr2f, Polr2d, Polr2b",0,NA,4
"32",12894,"Cpt1a",160,"MedConf","Novel","AMPK signaling pathway, PPAR signaling pathway, Insulin resistance, Adipocytokine signaling pathway, Glucagon signaling pathway",2,"Acsl6, Ep300",0,NA,0,NA,0,NA,0
"33",208677,"Creb3l3",188,"MedConf","Novel","AMPK signaling pathway, PI3K-Akt signaling pathway, Longevity regulating pathway, Insulin resistance, Relaxin signaling pathway, Estrogen signaling pathway, cGMP-PKG signaling pathway, TNF signaling pathway, Vasopressin-regulated water reabsorption, Glucagon signaling pathway, Cholinergic synapse, Melanogenesis, Adrenergic signaling in cardiomyocytes",2,"Prkaca, Ep300",0,NA,0,NA,0,NA,0
"34",78284,"Creb3l4",189,"MedConf","Novel","AMPK signaling pathway, PI3K-Akt signaling pathway, Longevity regulating pathway, Insulin resistance, Relaxin signaling pathway, Estrogen signaling pathway, cGMP-PKG signaling pathway, TNF signaling pathway, Vasopressin-regulated water reabsorption, Glucagon signaling pathway, Cholinergic synapse, Melanogenesis, Adrenergic signaling in cardiomyocytes",2,"Prkaca, Ep300",0,NA,0,NA,0,NA,0
"35",12767,"Cxcr4",88,"MedConf","Novel","Cytokine-cytokine receptor interaction",8,"C3, Tas2r113, Chrm4, Ppbp, Adra2b, Lpar3, Xcl1, Gal",0,NA,0,NA,0,NA,0
"36",13113,"Cyp3a13",269,"MedConf","Novel",NA,5,"Ugt1a9, Cyp4a12a, Pla2g12b, Pla2g4f, Pla2g1b",0,NA,0,NA,0,NA,0
"37",277753,"Cyp4a12a",142,"MedConf","Novel","PPAR signaling pathway, Vascular smooth muscle contraction",5,"Ugt1a9, Cyp3a13, Pla2g12b, Pla2g4f, Pla2g1b",0,NA,0,NA,0,NA,0
"38",58861,"Cysltr1",154,"MedConf","Novel",NA,9,"Xcl1, Prok2, Npff, Lpar3, Pik3ca, Cckbr, Avpr1b, Adra1b, Tbxa2r",0,NA,0,NA,1,"Pik3ca",1
"39",59036,"Dact1",211,"MedConf","Novel",NA,1,"Dvl2",0,NA,0,NA,0,NA,0
"40",53817,"Ddx39b",201,"HighConf","Novel","RNA transport, Spliceosome, mRNA surveillance pathway",1,"Dhx8",0,NA,0,NA,0,NA,0
"41",217207,"Dhx8",21,"MedConf","Novel","Spliceosome",4,"Ddx39b, Snrpa1, Plrg1, Isy1",0,NA,0,NA,0,NA,0
"42",81489,"Dnajb1",187,"MedConf","Novel",NA,2,"Ep300, Hspa8",0,NA,0,NA,0,NA,0
"43",13543,"Dvl2",39,"MedConf","Novel","mTOR signaling pathway, Melanogenesis",26,"Psma3, Psmd11, Psmc5, Psmd1, Psmd6, Psma7, Psmb2, Psmb3, Psma1, Psmb1, Psmd3, Psmc1, Psmb6, Psmc3, Psma6, Psmd14, Psma4, Psma2, Psmc4, Psmc6, Psmb4, Psmd2, Gnao1, Dact1, Bambi, Nkd2",0,NA,0,NA,0,NA,0
"44",13591,"Ebf1",190,"MedConf","Novel",NA,5,"Ep300, Med15, Cdk11b, Fabp4, Cebpb",0,NA,0,NA,0,NA,0
"45",66085,"Eif3f",45,"MedConf","Novel","RNA transport",2,"Eif4g2, Rps3a1",0,NA,0,NA,0,NA,0
"46",13690,"Eif4g2",217,"MedConf","Novel","RNA transport",1,"Eif3f",0,NA,0,NA,0,NA,0
"47",328572,"Ep300",0,"MedConf","Novel","FoxO signaling pathway, Glucagon signaling pathway, HIF-1 signaling pathway, Thyroid hormone signaling pathway, Melanogenesis",17,"Foxo3, Arnt, Rxrg, Prkaca, Hspa8, Vegfa, Kat2a, Med15, Cebpb, Cdk11b, Fabp4, Cpt1a, Spi1, Dnajb1, Creb3l3, Creb3l4, Ebf1",0,NA,0,NA,0,NA,0
"48",11770,"Fabp4",159,"MedConf","Novel","PPAR signaling pathway, Regulation of lipolysis in adipocytes",5,"Ebf1, Cdk11b, Ep300, Med15, Cebpb",0,NA,0,NA,0,NA,0
"49",225358,"Fam13b",238,"MedConf","Novel",NA,2,"Arhgdig, Arhgef7",0,NA,0,NA,0,NA,0
"50",14167,"Fgf12",220,"MedConf","Novel","PI3K-Akt signaling pathway, Ras signaling pathway, MAPK signaling pathway, Rap1 signaling pathway",1,"Ngfr",0,NA,0,NA,0,NA,0
"51",14235,"Foxm1",210,"MedConf","Novel",NA,1,"Plk1",0,NA,0,NA,0,NA,0
"52",56484,"Foxo3",16,"MedConf","Novel","AMPK signaling pathway, PI3K-Akt signaling pathway, Longevity regulating pathway, FoxO signaling pathway, Longevity regulating pathway - multiple species, Neurotrophin signaling pathway",4,"Foxo4, Prkag1, Mapk13, Ep300",0,NA,0,NA,1,"Mapk13",1
"53",54601,"Foxo4",101,"HighConf","Novel","FoxO signaling pathway, Ras signaling pathway",3,"Prkag1, Mapk13, Foxo3",0,NA,0,NA,1,"Mapk13",1
"54",14325,"Ftl1",216,"HighConf","Novel",NA,1,"Hspa8",0,NA,0,NA,0,NA,0
"55",14360,"Fyn",2,"MedConf","Novel","Osteoclast differentiation, Fc epsilon RI signaling pathway, Focal adhesion, Cholinergic synapse, Natural killer cell mediated cytotoxicity, Platelet activation, T cell receptor signaling pathway",4,"Pdpk1, Pik3ca, Pik3cb, Cav3",0,NA,0,NA,2,"Pik3cb, Pik3ca",2
"56",14381,"G6pdx",230,"MedConf","Novel",NA,1,"Aldoa",0,NA,0,NA,0,NA,0
"57",14419,"Gal",231,"MedConf","Novel",NA,7,"Lpar3, Adra2b, C3, Tas2r113, Ppbp, Chrm4, Cxcr4",0,NA,0,NA,0,NA,0
"58",14680,"Gnal",120,"MedConf","Novel",NA,48,"Olfr985, Olfr566, Olfr503, Olfr694, Olfr736, Olfr31, Olfr1502, Olfr462, Olfr480, Olfr1066, Olfr1441, Olfr802, Olfr1089, Olfr2, Olfr640, Olfr506, Olfr78, Olfr520, Olfr716, Olfr592, Olfr518, Olfr394, Olfr1028, Olfr624, Olfr975, Olfr972, Olfr113, Olfr887, Olfr665, Olfr599, Olfr433, Olfr398, Olfr186, Olfr1318, Olfr549, Olfr1408, Olfr457, Olfr1350, Olfr1341, Olfr352, Olfr1145, Olfr570, Olfr898, Olfr670, Olfr450, Olfr262, Olfr1412, Gnao1",0,NA,0,NA,0,NA,0
"59",14681,"Gnao1",111,"MedConf","Novel","Relaxin signaling pathway, Estrogen signaling pathway, Oxytocin signaling pathway, Cholinergic synapse, Rap1 signaling pathway, Melanogenesis",7,"Gnal, Chrm4, Mapk13, Pla2g4f, Kcnj5, Dvl2, Prkaca",0,NA,0,NA,1,"Mapk13",1
"60",70231,"Gorasp2",222,"MedConf","Novel",NA,2,"Psma6, Psma3",0,NA,0,NA,0,NA,0
"61",70719,"Hmha1",237,"MedConf","Novel",NA,2,"Arhgdig, Arhgef7",0,NA,0,NA,0,NA,0
"62",229279,"Hnrnpa3",157,"MedConf","Novel","Spliceosome",27,"Pabpn1, Magoh, Snrpd2, Sf3a1, Polr2f, Sf3b3, Sf3b2, Snrpd1, Rnps1, Srsf3, Rbm8a, Snrpe, Snrpb, Sf3a3, Phf5a, Polr2b, Snrpa1, Sf3b6, Sf3b5, Sf3b1, Polr2g, Smc1a, Snrpd3, Polr2k, Polr2d, Cpsf7, Snrnp200",0,NA,4,"Polr2g, Polr2f, Polr2d, Polr2b",0,NA,4
"63",54710,"Hs3st3b1",273,"MedConf","Novel",NA,1,"Sdc4",0,NA,0,NA,0,NA,0
"64",15481,"Hspa8",44,"HighConf","Novel","Spliceosome, Estrogen signaling pathway, Longevity regulating pathway - multiple species, MAPK signaling pathway",25,"Psma3, Psmd11, Psmc5, Psmd1, Psmd6, Psma7, Psmb2, Psmb3, Psma1, Psmb1, Psmd3, Psmc1, Psmb6, Psmc3, Psma6, Psmd14, Psma4, Psma2, Psmc4, Psmc6, Psmb4, Psmd2, Dnajb1, Ftl1, Ep300",0,NA,0,NA,0,NA,0
"65",69253,"Hspb2",268,"MedConf","Novel",NA,1,"Mapk13",0,NA,0,NA,1,"Mapk13",1
"66",15968,"Ifna5",151,"MedConf","Toll-like receptor signaling pathway","Toll-like receptor signaling pathway, PI3K-Akt signaling pathway, Cytokine-cytokine receptor interaction, Natural killer cell mediated cytotoxicity, Cytosolic DNA-sensing pathway",3,"Ifnab, Il10ra, Ifna6",0,NA,0,NA,2,"Ifnab, Ifna6",2
"67",15969,"Ifna6",150,"MedConf","Toll-like receptor signaling pathway","Toll-like receptor signaling pathway, PI3K-Akt signaling pathway, Cytokine-cytokine receptor interaction, Natural killer cell mediated cytotoxicity, Cytosolic DNA-sensing pathway",3,"Ifna5, Ifnab, Il10ra",0,NA,0,NA,2,"Ifnab, Ifna5",2
"68",15974,"Ifnab",225,"MedConf","Toll-like receptor signaling pathway","Toll-like receptor signaling pathway, PI3K-Akt signaling pathway, Cytokine-cytokine receptor interaction, Natural killer cell mediated cytotoxicity, Cytosolic DNA-sensing pathway",3,"Ifna6, Il10ra, Ifna5",0,NA,0,NA,2,"Ifna6, Ifna5",2
"69",16151,"Ikbkg",53,"HighConf","Toll-like receptor signaling pathway","Osteoclast differentiation, Toll-like receptor signaling pathway, PI3K-Akt signaling pathway, Adipocytokine signaling pathway, TNF signaling pathway, Ras signaling pathway, MAPK signaling pathway, T cell receptor signaling pathway, Cytosolic DNA-sensing pathway",6,"Psmc5, Brd4, Prkag1, Pdpk1, Tab1, Cdk9",0,NA,0,NA,1,"Tab1",1
"70",16154,"Il10ra",82,"MedConf","Novel","Cytokine-cytokine receptor interaction",4,"Ifna6, Ifna5, Il13, Ifnab",0,NA,0,NA,3,"Ifnab, Ifna6, Ifna5",3
"71",16163,"Il13",224,"MedConf","Novel","Cytokine-cytokine receptor interaction, Fc epsilon RI signaling pathway",1,"Il10ra",0,NA,0,NA,0,NA,0
"72",16175,"Il1a",221,"MedConf","Novel","Osteoclast differentiation, Cytokine-cytokine receptor interaction, AGE-RAGE signaling pathway in diabetic complications, MAPK signaling pathway",2,"Irak4, Irak2",0,NA,0,NA,1,"Irak4",1
"73",102462,"Imp3",218,"MedConf","Novel","Ribosome biogenesis in eukaryotes",1,"Utp15",0,NA,0,NA,0,NA,0
"74",16333,"Ins1",136,"MedConf","Novel","AMPK signaling pathway, PI3K-Akt signaling pathway, Longevity regulating pathway, Insulin resistance, mTOR signaling pathway, FoxO signaling pathway, Longevity regulating pathway - multiple species, cGMP-PKG signaling pathway, Progesterone-mediated oocyte maturation, Regulation of lipolysis in adipocytes, Ras signaling pathway, HIF-1 signaling pathway, Aldosterone-regulated sodium reabsorption, Rap1 signaling pathway",2,"Atp6v1g3, Ngfr",0,NA,0,NA,0,NA,0
"75",70885,"Ints10",207,"MedConf","Novel",NA,2,"Polr2b, Polr2d",0,NA,2,"Polr2d, Polr2b",0,NA,2
"76",108960,"Irak2",52,"HighConf","Novel","Neurotrophin signaling pathway",4,"Irak4, Il1a, Ngfr, Tab1",0,NA,0,NA,2,"Tab1, Irak4",2
"77",266632,"Irak4",110,"HighConf","Toll-like receptor signaling pathway","Toll-like receptor signaling pathway, Neurotrophin signaling pathway",5,"Il1a, Tab1, Tirap, Ngfr, Irak2",0,NA,0,NA,2,"Tirap, Tab1",2
"78",57905,"Isy1",19,"HighConf","Novel","Spliceosome",3,"Dhx8, Snrpa1, Plrg1",0,NA,0,NA,0,NA,0
"79",16402,"Itga5",96,"MedConf","Novel","PI3K-Akt signaling pathway, Focal adhesion, ECM-receptor interaction",2,"Col2a1, Tnxb",0,NA,0,NA,0,NA,0
"80",16404,"Itga7",97,"MedConf","Novel","PI3K-Akt signaling pathway, Focal adhesion, ECM-receptor interaction",3,"Col2a1, Tnxb, Itgav",0,NA,0,NA,0,NA,0
"81",16410,"Itgav",95,"MedConf","Novel","PI3K-Akt signaling pathway, Focal adhesion, Thyroid hormone signaling pathway, ECM-receptor interaction",3,"Itga7, Col2a1, Tnxb",0,NA,0,NA,0,NA,0
"82",16415,"Itgb2l",234,"MedConf","Novel","Natural killer cell mediated cytotoxicity, Rap1 signaling pathway",3,"Pik3ca, C3, Pik3cb",0,NA,0,NA,2,"Pik3cb, Pik3ca",2
"83",16478,"Jund",42,"MedConf","Novel","Osteoclast differentiation, MAPK signaling pathway",2,"Mapk13, Atf3",0,NA,0,NA,1,"Mapk13",1
"84",14534,"Kat2a",84,"MedConf","Novel","Thyroid hormone signaling pathway",6,"Trrap, Wdr5, Taf6l, Taf5l, Ep300, Rxrg",0,NA,0,NA,0,NA,0
"85",16521,"Kcnj5",204,"MedConf","Novel","Estrogen signaling pathway, Oxytocin signaling pathway",2,"Gnao1, Prkaca",0,NA,0,NA,0,NA,0
"86",19348,"Kif20a",209,"MedConf","Novel",NA,1,"Plk1",0,NA,0,NA,0,NA,0
"87",71819,"Kif23",208,"MedConf","Novel",NA,1,"Plk1",0,NA,0,NA,0,NA,0
"88",16211,"Kpnb1",195,"MedConf","Novel","RNA transport",3,"Rasl2-9, Ran, Nup98",0,NA,0,NA,0,NA,0
"89",65086,"Lpar3",135,"MedConf","Novel","PI3K-Akt signaling pathway, Rap1 signaling pathway",16,"Adra1b, Cysltr1, Xcl1, Prok2, Gal, Npff, C3, Ppbp, Pik3ca, Tbxa2r, Chrm4, Avpr1b, Adra2b, Tas2r113, Cxcr4, Cckbr",0,NA,0,NA,1,"Pik3ca",1
"90",16975,"Lrp8",125,"HighConf","Novel",NA,1,"Sdc4",0,NA,0,NA,0,NA,0
"91",116748,"Lsm10",194,"HighConf","Novel",NA,3,"Snrpe, Snrpd3, Snrpb",0,NA,0,NA,0,NA,0
"92",66373,"Lsm5",17,"MedConf","Novel","Spliceosome",2,"Patl1, Snrpd3",0,NA,0,NA,0,NA,0
"93",17120,"Mad1l1",196,"MedConf","Novel","Progesterone-mediated oocyte maturation",10,"Smc1a, Nup98, Nup107, Plk1, Nup85, Rad21, Spc24, Seh1l, Smc3, Xpo1",0,NA,0,NA,0,NA,0
"94",17149,"Magoh",122,"MedConf","Novel","RNA transport, Spliceosome, mRNA surveillance pathway",36,"Hnrnpa3, Pabpn1, Rplp1, Sf3b2, Polr2f, Polr2g, Nup107, Sf3a1, Snrpa1, Sf3b3, Sf3a3, Rps3a1, Rbm8a, Nup85, Rpl26, Polr2d, Snrpd2, Nup98, Nxf1, Polr2b, Sf3b5, Cpsf7, Snrpb, Srsf3, Snrpe, Sf3b6, Seh1l, Nup62, Smc1a, Snrpd1, Sf3b1, Phf5a, Snrnp200, Polr2k, Rnps1, Snrpd3",0,NA,4,"Polr2g, Polr2f, Polr2d, Polr2b",0,NA,4
"95",26415,"Mapk13",131,"MedConf","Toll-like receptor signaling pathway","Osteoclast differentiation, Toll-like receptor signaling pathway, Relaxin signaling pathway, VEGF signaling pathway, FoxO signaling pathway, AGE-RAGE signaling pathway in diabetic complications, Fc epsilon RI signaling pathway, TNF signaling pathway, Progesterone-mediated oocyte maturation, MAPK signaling pathway, Neurotrophin signaling pathway, Rap1 signaling pathway, Platelet activation, Adrenergic signaling in cardiomyocytes, T cell receptor signaling pathway",8,"Hspb2, Jund, Ptprr, Cebpb, Gnao1, Foxo4, Foxo3, Mef2c",0,NA,0,NA,0,NA,0
"96",77582,"Mboat7",270,"MedConf","Novel",NA,1,"Pla2g4f",0,NA,0,NA,0,NA,0
"97",94112,"Med15",93,"HighConf","Novel",NA,5,"Cebpb, Cdk11b, Fabp4, Ebf1, Ep300",0,NA,0,NA,0,NA,0
"98",17260,"Mef2c",127,"MedConf","Novel","cGMP-PKG signaling pathway, MAPK signaling pathway, Oxytocin signaling pathway",1,"Mapk13",0,NA,0,NA,1,"Mapk13",1
"99",140781,"Myh7",275,"MedConf","Novel","cGMP-PKG signaling pathway, Adrenergic signaling in cardiomyocytes",1,"Myl2",0,NA,0,NA,0,NA,0
"100",17906,"Myl2",161,"MedConf","Novel","Focal adhesion, Adrenergic signaling in cardiomyocytes",3,"Tpm1, Myh7, Tcap",0,NA,0,NA,0,NA,0
"101",17925,"Myo9b",241,"HighConf","Novel",NA,2,"Arhgef7, Arhgdig",0,NA,0,NA,0,NA,0
"102",18053,"Ngfr",51,"MedConf","Novel","PI3K-Akt signaling pathway, Cytokine-cytokine receptor interaction, Ras signaling pathway, Neurotrophin signaling pathway, Rap1 signaling pathway",9,"Irak2, Pik3ca, Pik3cb, Irak4, Vegfb, Ins1, Arhgdig, Fgf12, Vegfa",0,NA,0,NA,3,"Pik3cb, Pik3ca, Irak4",3
"103",72293,"Nkd2",213,"MedConf","Novel",NA,1,"Dvl2",0,NA,0,NA,0,NA,0
"104",79059,"Nme3",148,"MedConf","Pyrimidine metabolism","Pyrimidine metabolism, Purine metabolism",5,"Ak8, Polr2g, Polr2b, Polr2f, Polr2d",1,"Ak8",4,"Polr2g, Polr2f, Polr2d, Polr2b",0,NA,5
"105",56520,"Nme4",147,"MedConf","Pyrimidine metabolism","Pyrimidine metabolism, Purine metabolism",5,"Ak8, Polr2d, Polr2b, Polr2g, Polr2f",1,"Ak8",4,"Polr2g, Polr2f, Polr2d, Polr2b",0,NA,5
"106",54369,"Nme6",149,"MedConf","Pyrimidine metabolism","Pyrimidine metabolism, Purine metabolism",5,"Ak8, Polr2f, Polr2d, Polr2g, Polr2b",1,"Ak8",4,"Polr2g, Polr2f, Polr2d, Polr2b",0,NA,5
"107",18125,"Nos1",198,"MedConf","Novel","Relaxin signaling pathway",1,"Nos3",0,NA,0,NA,0,NA,0
"108",18127,"Nos3",15,"MedConf","Novel","PI3K-Akt signaling pathway, Insulin resistance, Relaxin signaling pathway, Estrogen signaling pathway, VEGF signaling pathway, AGE-RAGE signaling pathway in diabetic complications, cGMP-PKG signaling pathway, HIF-1 signaling pathway, Oxytocin signaling pathway, Platelet activation",3,"Nos1, Nostrin, Camk1g",0,NA,0,NA,0,NA,0
"109",329416,"Nostrin",199,"MedConf","Novel",NA,1,"Nos3",0,NA,0,NA,0,NA,0
"110",54615,"Npff",232,"MedConf","Novel",NA,9,"Pik3ca, Xcl1, Avpr1b, Lpar3, Cckbr, Prok2, Adra1b, Cysltr1, Tbxa2r",0,NA,0,NA,1,"Pik3ca",1
"111",26423,"Nr5a1",105,"MedConf","Novel",NA,2,"Ppard, Rxrg",0,NA,0,NA,0,NA,0
"112",103468,"Nup107",99,"MedConf","Novel","RNA transport",20,"Rnps1, Nup85, Rbm8a, Nxf1, Magoh, Mad1l1, Xpo1, Plk1, Snrpd3, Seh1l, Nup62, Nup98, Smc1a, Spc24, Smc3, Snrpd1, Snrpe, Snrpb, Rad21, Snrpd2",0,NA,0,NA,0,NA,0
"113",18226,"Nup62",79,"HighConf","Novel","RNA transport",13,"Snrpb, Seh1l, Nup107, Rnps1, Nup85, Rbm8a, Nxf1, Magoh, Snrpd3, Snrpe, Snrpd1, Snrpd2, Nup98",0,NA,0,NA,0,NA,0
"114",445007,"Nup85",104,"MedConf","Novel","RNA transport",20,"Rbm8a, Nxf1, Magoh, Mad1l1, Seh1l, Snrpd1, Nup98, Snrpe, Rnps1, Nup107, Snrpb, Plk1, Smc1a, Snrpd3, Nup62, Snrpd2, Smc3, Xpo1, Spc24, Rad21",0,NA,0,NA,0,NA,0
"115",269966,"Nup98",13,"MedConf","Novel","RNA transport",22,"Snrpe, Smc3, Xpo1, Plk1, Nup62, Smc1a, Spc24, Snrpb, Rad21, Seh1l, Nup107, Rnps1, Nup85, Rbm8a, Nxf1, Magoh, Kpnb1, Mad1l1, Nxf7, Snrpd2, Snrpd3, Snrpd1",0,NA,0,NA,0,NA,0
"116",53319,"Nxf1",119,"HighConf","Novel","RNA transport, Ribosome biogenesis in eukaryotes, mRNA surveillance pathway",9,"Magoh, Nup107, Rnps1, Srsf3, Seh1l, Nup98, Rbm8a, Nup62, Nup85",0,NA,0,NA,0,NA,0
"117",170722,"Nxf7",197,"MedConf","Novel","RNA transport, Ribosome biogenesis in eukaryotes, mRNA surveillance pathway",1,"Nup98",0,NA,0,NA,0,NA,0
"118",257936,"Olfr1028",184,"HighConf","Novel",NA,25,"Olfr624, Olfr262, Olfr31, Olfr985, Olfr1089, Olfr1066, Olfr694, Gnal, Olfr566, Olfr592, Olfr480, Olfr506, Olfr640, Olfr518, Olfr716, Olfr78, Olfr1441, Olfr802, Olfr1502, Olfr462, Olfr520, Olfr503, Olfr394, Olfr736, Olfr2",0,NA,0,NA,0,NA,0
"119",257880,"Olfr1066",171,"MedConf","Novel",NA,25,"Olfr1441, Olfr802, Olfr1089, Olfr2, Olfr640, Olfr506, Olfr78, Olfr520, Olfr716, Olfr592, Olfr518, Olfr394, Olfr1028, Olfr624, Olfr262, Olfr1502, Olfr503, Olfr480, Olfr31, Olfr736, Olfr985, Olfr694, Olfr566, Olfr462, Gnal",0,NA,0,NA,0,NA,0
"120",257933,"Olfr1089",174,"HighConf","Novel",NA,25,"Olfr2, Olfr640, Olfr506, Olfr78, Olfr520, Olfr716, Olfr592, Olfr518, Olfr394, Olfr1028, Olfr624, Olfr262, Olfr1441, Olfr503, Olfr985, Olfr802, Olfr1502, Olfr736, Gnal, Olfr694, Olfr31, Olfr1066, Olfr566, Olfr462, Olfr480",0,NA,0,NA,0,NA,0
"121",258286,"Olfr113",244,"MedConf","Novel",NA,1,"Gnal",0,NA,0,NA,0,NA,0
"122",258317,"Olfr1145",258,"MedConf","Novel",NA,1,"Gnal",0,NA,0,NA,0,NA,0
"123",258022,"Olfr1318",251,"MedConf","Novel",NA,1,"Gnal",0,NA,0,NA,0,NA,0
"124",258852,"Olfr1341",256,"MedConf","Novel",NA,1,"Gnal",0,NA,0,NA,0,NA,0
"125",258384,"Olfr1350",255,"MedConf","Novel",NA,1,"Gnal",0,NA,0,NA,0,NA,0
"126",258759,"Olfr1408",253,"MedConf","Novel",NA,1,"Gnal",0,NA,0,NA,0,NA,0
"127",258274,"Olfr1412",264,"MedConf","Novel",NA,1,"Gnal",0,NA,0,NA,0,NA,0
"128",258678,"Olfr1441",172,"MedConf","Novel",NA,25,"Olfr802, Olfr1089, Olfr2, Olfr640, Olfr506, Olfr78, Olfr520, Olfr716, Olfr592, Olfr518, Olfr394, Olfr1028, Olfr624, Olfr262, Olfr1502, Olfr694, Olfr462, Olfr1066, Olfr736, Olfr503, Olfr985, Olfr480, Olfr31, Gnal, Olfr566",0,NA,0,NA,0,NA,0
"129",258793,"Olfr1502",168,"MedConf","Novel",NA,25,"Olfr462, Olfr480, Olfr1066, Olfr1441, Olfr802, Olfr1089, Olfr2, Olfr640, Olfr506, Olfr78, Olfr520, Olfr716, Olfr592, Olfr518, Olfr394, Olfr1028, Olfr624, Olfr262, Olfr694, Olfr566, Olfr736, Olfr985, Olfr31, Gnal, Olfr503",0,NA,0,NA,0,NA,0
"130",258318,"Olfr186",250,"MedConf","Novel",NA,1,"Gnal",0,NA,0,NA,0,NA,0
"131",18317,"Olfr2",175,"MedConf","Novel",NA,25,"Olfr640, Olfr506, Olfr78, Olfr520, Olfr716, Olfr592, Olfr518, Olfr394, Olfr1028, Olfr624, Olfr262, Olfr503, Olfr985, Olfr736, Olfr694, Olfr1441, Gnal, Olfr1089, Olfr1502, Olfr802, Olfr31, Olfr462, Olfr1066, Olfr480, Olfr566",0,NA,0,NA,0,NA,0
"132",258683,"Olfr262",263,"MedConf","Novel",NA,25,"Olfr694, Olfr802, Olfr31, Olfr1441, Olfr503, Olfr1089, Olfr1502, Olfr566, Olfr1028, Olfr985, Olfr624, Olfr592, Olfr736, Olfr506, Olfr1066, Olfr518, Olfr480, Olfr78, Olfr520, Olfr2, Olfr640, Olfr462, Olfr716, Gnal, Olfr394",0,NA,0,NA,0,NA,0
"133",18330,"Olfr31",167,"MedConf","Novel",NA,25,"Olfr1502, Olfr462, Olfr480, Olfr1066, Olfr1441, Olfr802, Olfr1089, Olfr2, Olfr640, Olfr506, Olfr78, Olfr520, Olfr716, Olfr592, Olfr518, Olfr394, Olfr1028, Olfr624, Olfr262, Olfr694, Olfr985, Olfr736, Gnal, Olfr503, Olfr566",0,NA,0,NA,0,NA,0
"134",258942,"Olfr352",257,"MedConf","Novel",NA,1,"Gnal",0,NA,0,NA,0,NA,0
"135",259009,"Olfr394",183,"MedConf","Novel",NA,25,"Olfr1028, Olfr624, Olfr262, Olfr1066, Olfr480, Olfr985, Olfr31, Olfr518, Olfr694, Olfr592, Olfr802, Olfr503, Olfr506, Olfr1502, Olfr1441, Olfr1089, Olfr640, Gnal, Olfr736, Olfr78, Olfr716, Olfr566, Olfr2, Olfr462, Olfr520",0,NA,0,NA,0,NA,0
"136",258705,"Olfr398",249,"MedConf","Novel",NA,1,"Gnal",0,NA,0,NA,0,NA,0
"137",258712,"Olfr433",248,"MedConf","Novel",NA,1,"Gnal",0,NA,0,NA,0,NA,0
"138",258437,"Olfr450",262,"MedConf","Novel",NA,1,"Gnal",0,NA,0,NA,0,NA,0
"139",258989,"Olfr457",254,"MedConf","Novel",NA,1,"Gnal",0,NA,0,NA,0,NA,0
"140",258406,"Olfr462",169,"MedConf","Novel",NA,25,"Olfr480, Olfr1066, Olfr1441, Olfr802, Olfr1089, Olfr2, Olfr640, Olfr506, Olfr78, Olfr520, Olfr716, Olfr592, Olfr518, Olfr394, Olfr1028, Olfr624, Olfr262, Olfr694, Gnal, Olfr31, Olfr985, Olfr503, Olfr566, Olfr1502, Olfr736",0,NA,0,NA,0,NA,0
"141",56861,"Olfr480",170,"MedConf","Novel",NA,25,"Olfr1066, Olfr1441, Olfr802, Olfr1089, Olfr2, Olfr640, Olfr506, Olfr78, Olfr520, Olfr716, Olfr592, Olfr518, Olfr394, Olfr1028, Olfr624, Olfr262, Olfr1502, Olfr462, Olfr503, Olfr31, Olfr566, Gnal, Olfr694, Olfr985, Olfr736",0,NA,0,NA,0,NA,0
"142",259143,"Olfr503",164,"HighConf","Novel",NA,25,"Olfr694, Olfr736, Olfr31, Olfr1502, Olfr462, Olfr480, Olfr1066, Olfr1441, Olfr802, Olfr1089, Olfr2, Olfr640, Olfr506, Olfr78, Olfr520, Olfr716, Olfr592, Olfr518, Olfr394, Olfr1028, Olfr624, Olfr262, Olfr985, Olfr566, Gnal",0,NA,0,NA,0,NA,0
"143",258215,"Olfr506",177,"MedConf","Novel",NA,25,"Olfr78, Olfr520, Olfr716, Olfr592, Olfr518, Olfr394, Olfr1028, Olfr624, Olfr262, Olfr1502, Olfr640, Olfr503, Olfr985, Olfr736, Olfr1441, Olfr480, Olfr1089, Olfr694, Olfr802, Gnal, Olfr31, Olfr462, Olfr566, Olfr2, Olfr1066",0,NA,0,NA,0,NA,0
"144",258303,"Olfr518",182,"HighConf","Novel",NA,25,"Olfr394, Olfr1028, Olfr624, Olfr262, Olfr985, Olfr480, Olfr694, Gnal, Olfr1066, Olfr802, Olfr503, Olfr31, Olfr592, Olfr566, Olfr736, Olfr506, Olfr1441, Olfr520, Olfr716, Olfr640, Olfr1502, Olfr78, Olfr1089, Olfr462, Olfr2",0,NA,0,NA,0,NA,0
"145",259066,"Olfr520",179,"MedConf","Novel",NA,25,"Olfr716, Olfr592, Olfr518, Olfr394, Olfr1028, Olfr624, Olfr262, Olfr506, Olfr503, Olfr802, Olfr694, Olfr1441, Olfr1066, Olfr31, Olfr1502, Olfr462, Olfr566, Olfr985, Olfr640, Olfr736, Olfr78, Olfr480, Olfr2, Olfr1089, Gnal",0,NA,0,NA,0,NA,0
"146",259105,"Olfr549",252,"MedConf","Novel",NA,1,"Gnal",0,NA,0,NA,0,NA,0
"147",258168,"Olfr566",163,"MedConf","Novel",NA,25,"Olfr503, Olfr694, Olfr736, Olfr31, Olfr1502, Olfr462, Olfr480, Olfr1066, Olfr1441, Olfr802, Olfr1089, Olfr2, Olfr640, Olfr506, Olfr78, Olfr520, Olfr716, Olfr592, Olfr518, Olfr394, Olfr1028, Olfr624, Olfr262, Gnal, Olfr985",0,NA,0,NA,0,NA,0
"148",259114,"Olfr570",259,"MedConf","Novel",NA,1,"Gnal",0,NA,0,NA,0,NA,0
"149",404317,"Olfr592",181,"MedConf","Novel",NA,25,"Olfr518, Olfr394, Olfr1028, Olfr624, Olfr262, Olfr1441, Olfr1066, Olfr1502, Gnal, Olfr506, Olfr985, Olfr802, Olfr640, Olfr31, Olfr2, Olfr480, Olfr736, Olfr520, Olfr503, Olfr694, Olfr566, Olfr78, Olfr1089, Olfr716, Olfr462",0,NA,0,NA,0,NA,0
"150",258726,"Olfr599",247,"MedConf","Novel",NA,1,"Gnal",0,NA,0,NA,0,NA,0
"151",258189,"Olfr624",185,"HighConf","Novel",NA,25,"Olfr262, Olfr694, Olfr985, Olfr592, Olfr1066, Olfr1441, Olfr506, Olfr566, Olfr31, Olfr503, Olfr480, Olfr1089, Olfr802, Olfr78, Olfr640, Olfr1028, Olfr518, Gnal, Olfr716, Olfr1502, Olfr394, Olfr520, Olfr2, Olfr462, Olfr736",0,NA,0,NA,0,NA,0
"152",258819,"Olfr640",176,"MedConf","Novel",NA,25,"Olfr506, Olfr78, Olfr520, Olfr716, Olfr592, Olfr518, Olfr394, Olfr1028, Olfr624, Olfr262, Olfr503, Olfr1066, Olfr736, Gnal, Olfr1502, Olfr802, Olfr480, Olfr694, Olfr985, Olfr1089, Olfr1441, Olfr31, Olfr2, Olfr462, Olfr566",0,NA,0,NA,0,NA,0
"153",258810,"Olfr665",246,"HighConf","Novel",NA,1,"Gnal",0,NA,0,NA,0,NA,0
"154",384703,"Olfr670",261,"MedConf","Novel",NA,1,"Gnal",0,NA,0,NA,0,NA,0
"155",258444,"Olfr694",165,"MedConf","Novel",NA,27,"Olfr694, Olfr736, Olfr31, Olfr1502, Olfr462, Olfr480, Olfr1066, Olfr1441, Olfr802, Olfr1089, Olfr2, Olfr640, Olfr506, Olfr78, Olfr520, Olfr716, Olfr592, Olfr518, Olfr394, Olfr1028, Olfr624, Olfr262, Olfr694, Olfr566, Olfr985, Gnal, Olfr503",0,NA,0,NA,0,NA,0
"156",258597,"Olfr716",180,"MedConf","Novel",NA,25,"Olfr592, Olfr518, Olfr394, Olfr1028, Olfr624, Olfr262, Olfr1441, Olfr1502, Olfr802, Olfr78, Olfr506, Olfr985, Olfr1066, Olfr31, Olfr503, Olfr640, Olfr520, Olfr694, Olfr480, Olfr462, Olfr736, Olfr566, Gnal, Olfr1089, Olfr2",0,NA,0,NA,0,NA,0
"157",258660,"Olfr736",166,"HighConf","Novel",NA,25,"Olfr31, Olfr1502, Olfr462, Olfr480, Olfr1066, Olfr1441, Olfr802, Olfr1089, Olfr2, Olfr640, Olfr506, Olfr78, Olfr520, Olfr716, Olfr592, Olfr518, Olfr394, Olfr1028, Olfr624, Olfr262, Olfr694, Olfr985, Gnal, Olfr566, Olfr503",0,NA,0,NA,0,NA,0
"158",170639,"Olfr78",178,"MedConf","Novel",NA,25,"Olfr520, Olfr716, Olfr592, Olfr518, Olfr394, Olfr1028, Olfr624, Olfr262, Olfr503, Olfr1502, Olfr985, Olfr1441, Olfr640, Olfr1066, Olfr694, Olfr506, Olfr2, Olfr802, Olfr31, Olfr566, Gnal, Olfr480, Olfr1089, Olfr462, Olfr736",0,NA,0,NA,0,NA,0
"159",258934,"Olfr802",173,"MedConf","Novel",NA,25,"Olfr1089, Olfr2, Olfr640, Olfr506, Olfr78, Olfr520, Olfr716, Olfr592, Olfr518, Olfr394, Olfr1028, Olfr624, Olfr262, Olfr1502, Olfr31, Olfr480, Olfr985, Olfr694, Olfr566, Olfr503, Gnal, Olfr1441, Olfr1066, Olfr736, Olfr462",0,NA,0,NA,0,NA,0
"160",258415,"Olfr887",245,"MedConf","Novel",NA,1,"Gnal",0,NA,0,NA,0,NA,0
"161",258871,"Olfr898",260,"MedConf","Novel",NA,1,"Gnal",0,NA,0,NA,0,NA,0
"162",258603,"Olfr972",243,"MedConf","Novel",NA,1,"Gnal",0,NA,0,NA,0,NA,0
"163",258825,"Olfr975",242,"MedConf","Novel",NA,1,"Gnal",0,NA,0,NA,0,NA,0
"164",258854,"Olfr985",162,"MedConf","Novel",NA,25,"Olfr566, Olfr503, Olfr694, Olfr736, Olfr31, Olfr1502, Olfr462, Olfr480, Olfr1066, Olfr1441, Olfr802, Olfr1089, Olfr2, Olfr640, Olfr506, Olfr78, Olfr520, Olfr716, Olfr592, Olfr518, Olfr394, Olfr1028, Olfr624, Olfr262, Gnal",0,NA,0,NA,0,NA,0
"165",54196,"Pabpn1",191,"MedConf","Novel","mRNA surveillance pathway",27,"Hnrnpa3, Polr2k, Polr2f, Srsf3, Snrpb, Phf5a, Rnps1, Polr2b, Polr2g, Snrpd1, Sf3b2, Sf3a1, Sf3b6, Snrpd3, Sf3b1, Rbm8a, Snrpe, Sf3b5, Snrpa1, Snrnp200, Cpsf7, Sf3b3, Polr2d, Sf3a3, Snrpd2, Smc1a, Magoh",0,NA,4,"Polr2g, Polr2f, Polr2d, Polr2b",0,NA,4
"166",225929,"Patl1",30,"MedConf","Novel",NA,2,"Polr2g, Lsm5",0,NA,1,"Polr2g",0,NA,1
"167",18541,"Pcnt",145,"MedConf","Novel",NA,4,"Cep250, Alms1, Plk1, Prkaca",0,NA,0,NA,0,NA,0
"168",18607,"Pdpk1",11,"MedConf","Novel","AMPK signaling pathway, PPAR signaling pathway, PI3K-Akt signaling pathway, Insulin resistance, mTOR signaling pathway, FoxO signaling pathway, Fc epsilon RI signaling pathway, Focal adhesion, Neurotrophin signaling pathway, Thyroid hormone signaling pathway, Aldosterone-regulated sodium reabsorption, T cell receptor signaling pathway",5,"Tab1, Ikbkg, Pik3ca, Pik3cb, Fyn",0,NA,0,NA,4,"Tab1, Pik3cb, Pik3ca, Ikbkg",4
"169",18639,"Pfkfb1",205,"MedConf","Novel","AMPK signaling pathway, Glucagon signaling pathway",2,"Prkag1, Prkaca",0,NA,0,NA,0,NA,0
"170",68479,"Phf5a",76,"HighConf","Novel","Spliceosome",27,"Smc1a, Snrpb, Rnps1, Srsf3, Rbm8a, Cpsf7, Magoh, Hnrnpa3, Pabpn1, Polr2b, Snrnp200, Polr2k, Snrpe, Sf3b5, Polr2f, Sf3b6, Polr2g, Sf3b1, Sf3a3, Snrpa1, Sf3b3, Sf3b2, Snrpd3, Polr2d, Sf3a1, Snrpd2, Snrpd1",0,NA,4,"Polr2g, Polr2f, Polr2d, Polr2b",0,NA,4
"171",18706,"Pik3ca",106,"MedConf","Toll-like receptor signaling pathway","AMPK signaling pathway, Osteoclast differentiation, Toll-like receptor signaling pathway, PI3K-Akt signaling pathway, Longevity regulating pathway, Insulin resistance, Relaxin signaling pathway, Estrogen signaling pathway, mTOR signaling pathway, VEGF signaling pathway, FoxO signaling pathway, Longevity regulating pathway - multiple species, AGE-RAGE signaling pathway in diabetic complications, Fc epsilon RI signaling pathway, TNF signaling pathway, Progesterone-mediated oocyte maturation, Regulation of lipolysis in adipocytes, Focal adhesion, Ras signaling pathway, Neurotrophin signaling pathway, HIF-1 signaling pathway, Cholinergic synapse, Thyroid hormone signaling pathway, Natural killer cell mediated cytotoxicity, Aldosterone-regulated sodium reabsorption, Rap1 signaling pathway, Platelet activation, T cell receptor signaling pathway",15,"Pik3cb, Cckbr, Lpar3, Adra1b, Cysltr1, Xcl1, Prok2, Npff, Itgb2l, Prex1, Fyn, Tbxa2r, Pdpk1, Ngfr, Avpr1b",0,NA,0,NA,1,"Pik3cb",1
"172",74769,"Pik3cb",107,"MedConf","Toll-like receptor signaling pathway","AMPK signaling pathway, Osteoclast differentiation, Toll-like receptor signaling pathway, PI3K-Akt signaling pathway, Longevity regulating pathway, Insulin resistance, Relaxin signaling pathway, Estrogen signaling pathway, mTOR signaling pathway, VEGF signaling pathway, FoxO signaling pathway, Longevity regulating pathway - multiple species, AGE-RAGE signaling pathway in diabetic complications, Fc epsilon RI signaling pathway, TNF signaling pathway, Progesterone-mediated oocyte maturation, Regulation of lipolysis in adipocytes, Focal adhesion, Ras signaling pathway, Neurotrophin signaling pathway, HIF-1 signaling pathway, Cholinergic synapse, Thyroid hormone signaling pathway, Natural killer cell mediated cytotoxicity, Aldosterone-regulated sodium reabsorption, Rap1 signaling pathway, Platelet activation, T cell receptor signaling pathway",6,"Itgb2l, Prex1, Fyn, Pdpk1, Ngfr, Pik3ca",0,NA,0,NA,1,"Pik3ca",1
"173",69836,"Pla2g12b",140,"MedConf","Novel","Ras signaling pathway, Vascular smooth muscle contraction, alpha-Linolenic acid metabolism",3,"Cyp4a12a, Cyp3a13, Ptdss1",0,NA,0,NA,0,NA,0
"174",18778,"Pla2g1b",141,"MedConf","Novel","Ras signaling pathway, Vascular smooth muscle contraction, alpha-Linolenic acid metabolism",3,"Cyp4a12a, Cyp3a13, Ptdss1",0,NA,0,NA,0,NA,0
"175",271844,"Pla2g4f",132,"HighConf","Novel","VEGF signaling pathway, Fc epsilon RI signaling pathway, Ras signaling pathway, MAPK signaling pathway, Vascular smooth muscle contraction, Oxytocin signaling pathway, Platelet activation, alpha-Linolenic acid metabolism",5,"Ptdss1, Cyp4a12a, Cyp3a13, Mboat7, Gnao1",0,NA,0,NA,0,NA,0
"176",18817,"Plk1",37,"MedConf","Novel","FoxO signaling pathway, Progesterone-mediated oocyte maturation",41,"Psma3, Psmd11, Psmc5, Psmd1, Psmd6, Psma7, Psmb2, Psmb3, Psma1, Psmb1, Psmd3, Psmc1, Psmb6, Psmc3, Psma6, Psmd14, Psma4, Psma2, Psmc4, Psmc6, Psmb4, Smc1a, Psmd2, Ube2c, Spc24, Rad21, Seh1l, Nup107, Nup85, Pcnt, Cep250, Mad1l1, Wee1, Alms1, Kif23, Kif20a, Foxm1, Xpo1, Nup98, Smc3, Prkaca",0,NA,0,NA,0,NA,0
"177",53317,"Plrg1",18,"MedConf","Novel","Spliceosome",9,"Isy1, Dhx8, Sf3b3, Sf3b2, Sf3a3, Snrpa1, Snrpd2, Sf3b1, Sf3a1",0,NA,0,NA,0,NA,0
"178",66853,"Pnpla2",128,"MedConf","Novel","Regulation of lipolysis in adipocytes",1,"Acsl6",0,NA,0,NA,0,NA,0
"179",231329,"Polr2b",34,"HighConf","Pyrimidine metabolism","Pyrimidine metabolism, RNA polymerase, Purine metabolism",33,"Polr2g, Polr2d, Cdk9, Polr2k, Phf5a, Smc1a, Snrpb, Rnps1, Srsf3, Rbm8a, Cpsf7, Magoh, Nme4, Nme3, Nme6, Hnrnpa3, Pabpn1, Ints10, Snrpa1, Sf3b5, Sf3b1, Sf3a1, Polr2f, Sf3b3, Snrpd3, Snrpd2, Snrpe, Snrpd1, Sf3b2, Sf3a3, Sf3b6, Snrnp200, Supt5",0,NA,6,"Polr2g, Polr2f, Polr2d, Nme6, Nme4, Nme3",0,NA,6
"180",69241,"Polr2d",36,"HighConf","Pyrimidine metabolism","Pyrimidine metabolism, RNA polymerase, Purine metabolism",33,"Cdk9, Polr2k, Phf5a, Smc1a, Snrpb, Rnps1, Srsf3, Rbm8a, Cpsf7, Magoh, Nme4, Nme3, Nme6, Hnrnpa3, Pabpn1, Ints10, Polr2f, Snrpd2, Polr2g, Polr2b, Snrpa1, Sf3b5, Supt5, Sf3b1, Snrpe, Snrpd1, Sf3b2, Sf3a1, Sf3b6, Snrpd3, Snrnp200, Sf3a3, Sf3b3",0,NA,6,"Polr2g, Polr2f, Polr2b, Nme6, Nme4, Nme3",0,NA,6
"181",69833,"Polr2f",1,"HighConf","Pyrimidine metabolism","Pyrimidine metabolism, RNA polymerase, Purine metabolism, Cytosolic DNA-sensing pathway",32,"Snrpd2, Snrpd3, Snrpd1, Sf3b1, Sf3a3, Sf3a1, Snrpa1, Sf3b2, Snrpe, Sf3b3, Supt5, Snrnp200, Sf3b6, Sf3b5, Polr2b, Polr2g, Polr2d, Cdk9, Polr2k, Phf5a, Smc1a, Snrpb, Rnps1, Srsf3, Rbm8a, Cpsf7, Magoh, Nme4, Nme3, Nme6, Hnrnpa3, Pabpn1",0,NA,6,"Polr2g, Polr2d, Polr2b, Nme6, Nme4, Nme3",0,NA,6
"182",67710,"Polr2g",35,"MedConf","Pyrimidine metabolism","Pyrimidine metabolism, RNA polymerase, Purine metabolism",33,"Polr2d, Cdk9, Polr2k, Phf5a, Smc1a, Snrpb, Rnps1, Srsf3, Rbm8a, Cpsf7, Magoh, Nme4, Nme3, Nme6, Hnrnpa3, Pabpn1, Snrpa1, Sf3b5, Polr2f, Polr2b, Sf3a1, Patl1, Snrpd3, Snrpe, Sf3b1, Snrpd1, Sf3b2, Snrpd2, Sf3b6, Snrnp200, Sf3a3, Sf3b3, Supt5",0,NA,6,"Polr2f, Polr2d, Polr2b, Nme6, Nme4, Nme3",0,NA,6
"183",17749,"Polr2k",47,"MedConf","Novel",NA,29,"Phf5a, Smc1a, Snrpb, Rnps1, Srsf3, Rbm8a, Cpsf7, Magoh, Hnrnpa3, Pabpn1, Snrpa1, Polr2f, Polr2b, Sf3b6, Sf3b1, Snrpe, Cdk9, Snrpd2, Sf3b5, Snrnp200, Supt5, Snrpd3, Snrpd1, Sf3a1, Polr2g, Sf3b2, Sf3b3, Sf3a3, Polr2d",0,NA,4,"Polr2g, Polr2f, Polr2d, Polr2b",0,NA,4
"184",66537,"Pomp",60,"HighConf","Novel","Proteasome",9,"Psmb2, Psmb3, Psma1, Psmb1, Psmb6, Psma6, Psma4, Psmb4, Psma3",0,NA,0,NA,0,NA,0
"185",19015,"Ppard",202,"MedConf","Novel","PPAR signaling pathway",2,"Nr5a1, Rxrg",0,NA,0,NA,0,NA,0
"186",57349,"Ppbp",133,"MedConf","Novel","Cytokine-cytokine receptor interaction",11,"Adra2b, Lpar3, Serpina1d, Gal, Aldoa, Vegfb, Vegfa, Chrm4, Cxcr4, C3, Tas2r113",0,NA,0,NA,0,NA,0
"187",277360,"Prex1",235,"MedConf","Novel",NA,2,"Pik3ca, Pik3cb",0,NA,0,NA,2,"Pik3cb, Pik3ca",2
"188",18747,"Prkaca",28,"MedConf","Novel","Longevity regulating pathway, Relaxin signaling pathway, Estrogen signaling pathway, Longevity regulating pathway - multiple species, Progesterone-mediated oocyte maturation, Regulation of lipolysis in adipocytes, Ras signaling pathway, Vasopressin-regulated water reabsorption, MAPK signaling pathway, Glucagon signaling pathway, Vascular smooth muscle contraction, Oxytocin signaling pathway, Cholinergic synapse, Thyroid hormone signaling pathway, Platelet activation, Melanogenesis, Adrenergic signaling in cardiomyocytes",12,"Plk1, Gnao1, Prkag1, Arhgdig, Pcnt, Cep250, Creb3l3, Creb3l4, Kcnj5, Pfkfb1, Alms1, Ep300",0,NA,0,NA,0,NA,0
"189",19082,"Prkag1",113,"MedConf","Novel","AMPK signaling pathway, Longevity regulating pathway, Insulin resistance, FoxO signaling pathway, Longevity regulating pathway - multiple species, Adipocytokine signaling pathway, Glucagon signaling pathway, Oxytocin signaling pathway",9,"Pfkfb1, Prkaca, Ikbkg, Foxo3, Cdk9, Brd4, Foxo4, Psmc5, Strada",0,NA,0,NA,1,"Ikbkg",1
"190",50501,"Prok2",156,"MedConf","Novel",NA,9,"Npff, Xcl1, Avpr1b, Cysltr1, Pik3ca, Adra1b, Tbxa2r, Lpar3, Cckbr",0,NA,0,NA,1,"Pik3ca",1
"191",26440,"Psma1",63,"MedConf","Novel","Proteasome",28,"Psmb1, Psmd3, Psmc1, Psmb6, Psmc3, Psma6, Psmd14, Psma4, Psma2, Psmc4, Psmc6, Psmb4, Psmd2, Ube2c, Sec61a1, Sec61a2, Psmb3, Dvl2, Plk1, Psma7, Psmd6, Hspa8, Psmd1, Psmb2, Psmc5, Pomp, Psma3, Psmd11",0,NA,0,NA,0,NA,0
"192",19166,"Psma2",72,"HighConf","Novel","Proteasome",27,"Psmc4, Psmc6, Psmb4, Psmd2, Ube2c, Sec61a1, Sec61a2, Psmc3, Psma4, Psmc1, Psmd6, Hspa8, Psmd11, Psmb2, Psmb6, Psma3, Psmd14, Psmd3, Psma7, Psmd1, Plk1, Psmb3, Psma6, Psmc5, Psmb1, Psma1, Dvl2",0,NA,0,NA,0,NA,0
"193",19167,"Psma3",54,"HighConf","Novel","Proteasome",29,"Psmd11, Psmc5, Psmd1, Psmd6, Psma7, Pomp, Psmb2, Psmb3, Psma1, Psmb1, Psmd3, Psmc1, Psmb6, Psmc3, Psma6, Psmd14, Psma4, Psma2, Psmc4, Psmc6, Psmb4, Psmd2, Ube2c, Sec61a1, Gorasp2, Sec61a2, Hspa8, Plk1, Dvl2",0,NA,0,NA,0,NA,0
"194",26441,"Psma4",71,"MedConf","Novel","Proteasome",28,"Psma2, Psmc4, Psmc6, Psmb4, Psmd2, Ube2c, Sec61a1, Sec61a2, Psmd6, Psmb6, Psma3, Hspa8, Psmc3, Psmd1, Pomp, Psmb3, Psmb1, Psmb2, Psmd14, Psmd11, Psmd3, Dvl2, Plk1, Psma7, Psmc1, Psma6, Psma1, Psmc5",0,NA,0,NA,0,NA,0
"195",26443,"Psma6",69,"HighConf","Novel","Proteasome",29,"Psmd14, Psma4, Psma2, Psmc4, Psmc6, Psmb4, Psmd2, Ube2c, Sec61a1, Gorasp2, Sec61a2, Psmc3, Psmd3, Psmd6, Psma7, Psmb6, Dvl2, Psma3, Psmd11, Psmb1, Psmc1, Pomp, Psmd1, Hspa8, Psmb3, Psmc5, Psma1, Psmb2, Plk1",0,NA,0,NA,0,NA,0
"196",26444,"Psma7",59,"MedConf","Novel","Proteasome",27,"Psmb2, Psmb3, Psma1, Psmb1, Psmd3, Psmc1, Psmb6, Psmc3, Psma6, Psmd14, Psma4, Psma2, Psmc4, Psmc6, Psmb4, Psmd2, Ube2c, Sec61a1, Sec61a2, Dvl2, Psmc5, Plk1, Psmd1, Psmd6, Psmd11, Psma3, Hspa8",0,NA,0,NA,0,NA,0
"197",19170,"Psmb1",64,"HighConf","Novel","Proteasome",28,"Psmd3, Psmc1, Psmb6, Psmc3, Psma6, Psmd14, Psma4, Psma2, Psmc4, Psmc6, Psmb4, Psmd2, Ube2c, Sec61a1, Sec61a2, Plk1, Psmb2, Psma1, Psmd1, Psma3, Hspa8, Dvl2, Psmb3, Psmd6, Psma7, Psmd11, Psmc5, Pomp",0,NA,0,NA,0,NA,0
"198",26445,"Psmb2",61,"HighConf","Novel","Proteasome",28,"Psmb3, Psma1, Psmb1, Psmd3, Psmc1, Psmb6, Psmc3, Psma6, Psmd14, Psma4, Psma2, Psmc4, Psmc6, Psmb4, Psmd2, Ube2c, Sec61a1, Sec61a2, Psma3, Dvl2, Psmd1, Psmd6, Hspa8, Psmc5, Psma7, Plk1, Psmd11, Pomp",0,NA,0,NA,0,NA,0
"199",26446,"Psmb3",62,"HighConf","Novel","Proteasome",28,"Psma1, Psmb1, Psmd3, Psmc1, Psmb6, Psmc3, Psma6, Psmd14, Psma4, Psma2, Psmc4, Psmc6, Psmb4, Psmd2, Ube2c, Sec61a1, Sec61a2, Psmd1, Plk1, Psmd6, Dvl2, Psma3, Psma7, Hspa8, Psmd11, Pomp, Psmb2, Psmc5",0,NA,0,NA,0,NA,0
"200",19172,"Psmb4",80,"MedConf","Novel","Proteasome",28,"Psmd2, Ube2c, Sec61a1, Sec61a2, Psma7, Psmb6, Psma1, Psmb3, Psmc6, Psmd1, Psmd3, Psma6, Psmc4, Psmc3, Psma3, Psmd6, Plk1, Psma2, Psmb1, Dvl2, Psmc5, Psma4, Psmd14, Hspa8, Pomp, Psmb2, Psmd11, Psmc1",0,NA,0,NA,0,NA,0
"201",19175,"Psmb6",67,"MedConf","Novel","Proteasome",28,"Psmc3, Psma6, Psmd14, Psma4, Psma2, Psmc4, Psmc6, Psmb4, Psmd2, Ube2c, Sec61a1, Sec61a2, Psmd6, Hspa8, Dvl2, Psmd11, Psmc5, Psmc1, Psmd1, Psma7, Plk1, Psma1, Psmd3, Psmb1, Psma3, Psmb3, Psmb2, Pomp",0,NA,0,NA,0,NA,0
"202",19179,"Psmc1",66,"HighConf","Novel","Proteasome",27,"Psmb6, Psmc3, Psma6, Psmd14, Psma4, Psma2, Psmc4, Psmc6, Psmb4, Psmd2, Ube2c, Sec61a1, Sec61a2, Psmb3, Plk1, Psmd3, Psmd11, Psmd6, Hspa8, Psma7, Psma3, Psmc5, Psmd1, Psmb1, Psma1, Dvl2, Psmb2",0,NA,0,NA,0,NA,0
"203",19182,"Psmc3",68,"HighConf","Novel","Proteasome",27,"Psma6, Psmd14, Psma4, Psma2, Psmc4, Psmc6, Psmb4, Psmd2, Ube2c, Sec61a1, Sec61a2, Psmd11, Dvl2, Psmd6, Psmc1, Hspa8, Psma7, Psmb6, Plk1, Psmd1, Psmd3, Psma1, Psma3, Psmb1, Psmb3, Psmb2, Psmc5",0,NA,0,NA,0,NA,0
"204",23996,"Psmc4",73,"HighConf","Novel","Proteasome",27,"Psmc6, Psmb4, Psmd2, Ube2c, Sec61a1, Sec61a2, Psmb6, Psmd11, Psma4, Psmb1, Psmd3, Psma2, Psmc5, Psma7, Psma1, Dvl2, Psmb2, Psmb3, Plk1, Psma3, Psma6, Psmd6, Psmc3, Psmd1, Hspa8, Psmc1, Psmd14",0,NA,0,NA,0,NA,0
"205",19184,"Psmc5",56,"HighConf","Novel","Proteasome",31,"Psmd1, Psmd6, Psma7, Psmb2, Psmb3, Psma1, Psmb1, Psmd3, Psmc1, Psmb6, Psmc3, Psma6, Psmd14, Psma4, Psma2, Psmc4, Psmc6, Brd4, Psmb4, Psmd2, Ube2c, Prkag1, Sec61a1, Sec61a2, Plk1, Hspa8, Ikbkg, Psma3, Psmd11, Cdk9, Dvl2",0,NA,0,NA,1,"Ikbkg",1
"206",67089,"Psmc6",74,"HighConf","Novel","Proteasome",27,"Psmb4, Psmd2, Ube2c, Sec61a1, Sec61a2, Psma1, Plk1, Psmb3, Psmb2, Psmc3, Psmc4, Psma3, Psma6, Hspa8, Psmd6, Psmc5, Psmb1, Psmb6, Psma7, Psma4, Psmd1, Psmd14, Psmd11, Psma2, Psmd3, Dvl2, Psmc1",0,NA,0,NA,0,NA,0
"207",70247,"Psmd1",57,"HighConf","Novel","Proteasome",27,"Psmd6, Psma7, Psmb2, Psmb3, Psma1, Psmb1, Psmd3, Psmc1, Psmb6, Psmc3, Psma6, Psmd14, Psma4, Psma2, Psmc4, Psmc6, Psmb4, Psmd2, Ube2c, Sec61a1, Sec61a2, Plk1, Dvl2, Hspa8, Psma3, Psmc5, Psmd11",0,NA,0,NA,0,NA,0
"208",69077,"Psmd11",55,"MedConf","Novel","Proteasome",27,"Psmc5, Psmd1, Psmd6, Psma7, Psmb2, Psmb3, Psma1, Psmb1, Psmd3, Psmc1, Psmb6, Psmc3, Psma6, Psmd14, Psma4, Psma2, Psmc4, Psmc6, Psmb4, Psmd2, Ube2c, Sec61a1, Sec61a2, Hspa8, Psma3, Plk1, Dvl2",0,NA,0,NA,0,NA,0
"209",59029,"Psmd14",70,"MedConf","Novel","Proteasome",27,"Psma4, Psma2, Psmc4, Psmc6, Psmb4, Psmd2, Ube2c, Sec61a1, Sec61a2, Psmd6, Psma3, Psmd1, Psmd11, Psmd3, Psma6, Psmb2, Plk1, Psma7, Dvl2, Psmb3, Psmc3, Psmb1, Psma1, Psmc1, Psmc5, Hspa8, Psmb6",0,NA,0,NA,0,NA,0
"210",21762,"Psmd2",83,"HighConf","Novel","Proteasome",28,"Ube2c, Sec61a1, Sec61a2, Ublcp1, Dvl2, Psmc4, Psma7, Psmb3, Psmc3, Psmd14, Plk1, Psmd11, Psmc5, Psma3, Psmb6, Psma2, Psma6, Psmb4, Psmc6, Psma1, Psma4, Psmb2, Psmd3, Psmc1, Psmb1, Psmd1, Psmd6, Hspa8",0,NA,0,NA,0,NA,0
"211",22123,"Psmd3",65,"MedConf","Novel","Proteasome",27,"Psmc1, Psmb6, Psmc3, Psma6, Psmd14, Psma4, Psma2, Psmc4, Psmc6, Psmb4, Psmd2, Ube2c, Sec61a1, Sec61a2, Psmb3, Psmd6, Dvl2, Hspa8, Psmc5, Psma1, Psmd1, Psma7, Psmb2, Psmd11, Psma3, Plk1, Psmb1",0,NA,0,NA,0,NA,0
"212",66413,"Psmd6",58,"HighConf","Novel","Proteasome",27,"Psma7, Psmb2, Psmb3, Psma1, Psmb1, Psmd3, Psmc1, Psmb6, Psmc3, Psma6, Psmd14, Psma4, Psma2, Psmc4, Psmc6, Psmb4, Psmd2, Ube2c, Sec61a1, Sec61a2, Plk1, Psmd1, Hspa8, Dvl2, Psmd11, Psmc5, Psma3",0,NA,0,NA,0,NA,0
"213",19210,"Ptdss1",139,"MedConf","Novel",NA,3,"Pla2g12b, Pla2g1b, Pla2g4f",0,NA,0,NA,0,NA,0
"214",19279,"Ptprr",102,"MedConf","Novel","MAPK signaling pathway",1,"Mapk13",0,NA,0,NA,1,"Mapk13",1
"215",19357,"Rad21",92,"MedConf","Novel",NA,10,"Seh1l, Nup107, Nup85, Mad1l1, Xpo1, Smc3, Nup98, Smc1a, Spc24, Plk1",0,NA,0,NA,0,NA,0
"216",19384,"Ran",14,"HighConf","Novel","RNA transport, Ribosome biogenesis in eukaryotes",2,"Xpo1, Kpnb1",0,NA,0,NA,0,NA,0
"217",19428,"Rasl2-9",12,"MedConf","Novel","RNA transport, Ribosome biogenesis in eukaryotes",2,"Xpo1, Kpnb1",0,NA,0,NA,0,NA,0
"218",60365,"Rbm8a",109,"HighConf","Novel","RNA transport, Spliceosome, mRNA surveillance pathway",36,"Cpsf7, Nxf1, Magoh, Hnrnpa3, Pabpn1, Rplp1, Rpl26, Sf3b3, Snrpd3, Polr2g, Snrpe, Nup85, Polr2f, Seh1l, Polr2d, Polr2b, Snrpd2, Smc1a, Nup98, Srsf3, Rnps1, Nup107, Nup62, Snrnp200, Sf3a3, Snrpa1, Sf3b6, Rps3a1, Snrpd1, Snrpb, Sf3a1, Polr2k, Sf3b2, Sf3b5, Sf3b1, Phf5a",0,NA,4,"Polr2g, Polr2f, Polr2d, Polr2b",0,NA,4
"219",19826,"Rnps1",100,"HighConf","Novel","RNA transport, mRNA surveillance pathway",36,"Nup85, Srsf3, Rbm8a, Cpsf7, Nxf1, Magoh, Hnrnpa3, Pabpn1, Rplp1, Snrpd1, Snrpe, Sf3a3, Snrpb, Rpl26, Snrpa1, Snrpd2, Polr2k, Sf3b2, Rps3a1, Polr2b, Sf3b1, Phf5a, Nup62, Polr2f, Smc1a, Nup107, Sf3b5, Seh1l, Sf3b6, Sf3b3, Sf3a1, Polr2g, Nup98, Snrnp200, Polr2d, Snrpd3",0,NA,4,"Polr2g, Polr2f, Polr2d, Polr2b",0,NA,4
"220",19941,"Rpl26",43,"MedConf","Novel",NA,8,"Srp68, Rpn2, Rnps1, Rbm8a, Magoh, Sec11a, Rplp1, Rps3a1",0,NA,0,NA,0,NA,0
"221",56040,"Rplp1",214,"MedConf","Novel",NA,8,"Rpn2, Srp68, Magoh, Rpl26, Rps3a1, Sec11a, Rbm8a, Rnps1",0,NA,0,NA,0,NA,0
"222",20014,"Rpn2",91,"MedConf","Novel",NA,5,"Sec11a, Rplp1, Srp68, Rpl26, Rps3a1",0,NA,0,NA,0,NA,0
"223",20091,"Rps3a1",40,"MedConf","Novel",NA,9,"Rpl26, Eif3f, Srp68, Rpn2, Rnps1, Rbm8a, Magoh, Sec11a, Rplp1",0,NA,0,NA,0,NA,0
"224",20183,"Rxrg",25,"MedConf","Novel","PPAR signaling pathway, Adipocytokine signaling pathway, Thyroid hormone signaling pathway",4,"Kat2a, Nr5a1, Ppard, Ep300",0,NA,0,NA,0,NA,0
"225",20971,"Sdc4",152,"MedConf","Novel","ECM-receptor interaction",4,"Col2a1, Tnxb, Hs3st3b1, Lrp8",0,NA,0,NA,0,NA,0
"226",56529,"Sec11a",144,"MedConf","Novel","Protein export",5,"Rplp1, Rpl26, Srp68, Rpn2, Rps3a1",0,NA,0,NA,0,NA,0
"227",53421,"Sec61a1",121,"HighConf","Novel","Protein export",23,"Sec61a2, Psmb2, Psmd14, Psma4, Psmb3, Psmc6, Psma2, Psmd11, Psmd6, Psmc5, Psmc4, Psmc3, Psmb1, Psmd2, Psma3, Psmd1, Psma7, Psma1, Psmc1, Psmb6, Psma6, Psmd3, Psmb4",0,NA,0,NA,0,NA,0
"228",57743,"Sec61a2",223,"MedConf","Novel","Protein export",23,"Psmb1, Psmb2, Psma4, Psmb3, Psma2, Psmd14, Psmc3, Psmc5, Psma1, Psmd3, Psmc6, Psma7, Psma6, Psmc4, Psmd1, Sec61a1, Psmb4, Psmc1, Psmd6, Psmd2, Psmb6, Psmd11, Psma3",0,NA,0,NA,0,NA,0
"229",72124,"Seh1l",98,"HighConf","Novel","RNA transport, mTOR signaling pathway",20,"Nup107, Rnps1, Nup85, Rbm8a, Nxf1, Magoh, Mad1l1, Smc1a, Snrpb, Nup62, Snrpd3, Xpo1, Smc3, Nup98, Spc24, Snrpd1, Snrpe, Plk1, Snrpd2, Rad21",0,NA,0,NA,0,NA,0
"230",20703,"Serpina1d",219,"MedConf","Novel",NA,4,"Vegfa, Vegfb, Aldoa, Ppbp",0,NA,0,NA,0,NA,0
"231",67465,"Sf3a1",8,"HighConf","Novel","Spliceosome",28,"Snrpa1, Sf3b2, Plrg1, Snrpe, Sf3b3, Snrnp200, Sf3b6, Sf3b5, Polr2b, Polr2g, Polr2d, Polr2k, Phf5a, Smc1a, Snrpb, Rnps1, Srsf3, Rbm8a, Cpsf7, Magoh, Hnrnpa3, Pabpn1, Sf3b1, Polr2f, Snrpd2, Sf3a3, Snrpd1, Snrpd3",0,NA,4,"Polr2g, Polr2f, Polr2d, Polr2b",0,NA,4
"232",75062,"Sf3a3",7,"MedConf","Novel","Spliceosome",28,"Sf3a1, Snrpa1, Sf3b2, Plrg1, Snrpe, Sf3b3, Snrnp200, Sf3b6, Sf3b5, Polr2b, Polr2g, Polr2d, Polr2k, Phf5a, Smc1a, Snrpb, Rnps1, Srsf3, Rbm8a, Cpsf7, Magoh, Hnrnpa3, Pabpn1, Snrpd3, Polr2f, Sf3b1, Snrpd2, Snrpd1",0,NA,4,"Polr2g, Polr2f, Polr2d, Polr2b",0,NA,4
"233",81898,"Sf3b1",6,"HighConf","Novel","Spliceosome",28,"Sf3a3, Sf3a1, Snrpa1, Sf3b2, Plrg1, Snrpe, Sf3b3, Snrnp200, Sf3b6, Sf3b5, Polr2b, Polr2g, Polr2d, Polr2k, Phf5a, Smc1a, Snrpb, Rnps1, Srsf3, Rbm8a, Cpsf7, Magoh, Hnrnpa3, Pabpn1, Polr2f, Snrpd3, Snrpd1, Snrpd2",0,NA,4,"Polr2g, Polr2f, Polr2d, Polr2b",0,NA,4
"234",319322,"Sf3b2",10,"MedConf","Novel","Spliceosome",28,"Plrg1, Snrpe, Sf3b3, Snrnp200, Sf3b6, Sf3b5, Polr2b, Polr2g, Polr2d, Polr2k, Phf5a, Smc1a, Snrpb, Rnps1, Srsf3, Rbm8a, Cpsf7, Magoh, Hnrnpa3, Pabpn1, Sf3b1, Snrpd3, Polr2f, Snrpd2, Snrpd1, Sf3a1, Snrpa1, Sf3a3",0,NA,4,"Polr2g, Polr2f, Polr2d, Polr2b",0,NA,4
"235",101943,"Sf3b3",22,"MedConf","Novel","Spliceosome",28,"Snrnp200, Sf3b6, Sf3b5, Polr2b, Polr2g, Polr2d, Polr2k, Phf5a, Smc1a, Snrpb, Rnps1, Srsf3, Rbm8a, Cpsf7, Magoh, Hnrnpa3, Pabpn1, Snrpa1, Snrpd1, Sf3b1, Polr2f, Snrpe, Snrpd3, Sf3b2, Sf3a1, Snrpd2, Plrg1, Sf3a3",0,NA,4,"Polr2g, Polr2f, Polr2d, Polr2b",0,NA,4
"236",66125,"Sf3b5",33,"HighConf","Novel","Spliceosome",27,"Polr2b, Polr2g, Polr2d, Polr2k, Phf5a, Smc1a, Snrpb, Rnps1, Srsf3, Rbm8a, Cpsf7, Magoh, Hnrnpa3, Pabpn1, Snrpd2, Polr2f, Snrpd3, Snrpa1, Snrpd1, Sf3a1, Snrpe, Sf3b6, Sf3a3, Sf3b3, Snrnp200, Sf3b2, Sf3b1",0,NA,4,"Polr2g, Polr2f, Polr2d, Polr2b",0,NA,4
"237",66055,"Sf3b6",32,"HighConf","Novel","Spliceosome",27,"Sf3b5, Polr2b, Polr2g, Polr2d, Polr2k, Phf5a, Smc1a, Snrpb, Rnps1, Srsf3, Rbm8a, Cpsf7, Magoh, Hnrnpa3, Pabpn1, Snrpd3, Snrpa1, Polr2f, Sf3a1, Snrpd1, Sf3a3, Sf3b2, Sf3b1, Snrpe, Snrnp200, Snrpd2, Sf3b3",0,NA,4,"Polr2g, Polr2f, Polr2d, Polr2b",0,NA,4
"238",24061,"Smc1a",81,"MedConf","Novel",NA,37,"Spc24, Snrpb, Rad21, Seh1l, Nup107, Rnps1, Nup85, Srsf3, Rbm8a, Cpsf7, Magoh, Hnrnpa3, Pabpn1, Mad1l1, Snrpd1, Polr2b, Sf3b1, Nup98, Phf5a, Polr2f, Snrpd2, Sf3b5, Plk1, Snrpa1, Xpo1, Smc3, Sf3b6, Snrnp200, Sf3a3, Polr2d, Snrpe, Polr2k, Sf3a1, Snrpd3, Sf3b2, Sf3b3, Polr2g",0,NA,4,"Polr2g, Polr2f, Polr2d, Polr2b",0,NA,4
"239",13006,"Smc3",26,"HighConf","Novel",NA,10,"Xpo1, Plk1, Smc1a, Spc24, Rad21, Seh1l, Nup107, Nup85, Mad1l1, Nup98",0,NA,0,NA,0,NA,0
"240",320632,"Snrnp200",29,"MedConf","Novel","Spliceosome",27,"Sf3b6, Sf3b5, Polr2b, Polr2g, Polr2d, Polr2k, Phf5a, Smc1a, Snrpb, Rnps1, Srsf3, Rbm8a, Cpsf7, Magoh, Hnrnpa3, Pabpn1, Snrpd2, Sf3b3, Snrpa1, Snrpd3, Polr2f, Sf3a1, Snrpe, Snrpd1, Sf3a3, Sf3b1, Sf3b2",0,NA,4,"Polr2g, Polr2f, Polr2d, Polr2b",0,NA,4
"241",68981,"Snrpa1",9,"HighConf","Novel","Spliceosome",32,"Sf3b2, Plrg1, Isy1, Snrpe, Dhx8, Sf3b3, Snrnp200, Snrpg, Sf3b6, Sf3b5, Polr2b, Polr2g, Polr2d, Polr2k, Phf5a, Smc1a, Snrpb, Rnps1, Srsf3, Rbm8a, Cpsf7, Magoh, Hnrnpa3, Pabpn1, Snrpc, Sf3b1, Polr2f, Sf3a3, Snrpd2, Snrpd1, Sf3a1, Snrpd3",0,NA,4,"Polr2g, Polr2f, Polr2d, Polr2b",0,NA,4
"242",20638,"Snrpb",90,"HighConf","Novel","Spliceosome",34,"Seh1l, Nup107, Rnps1, Nup85, Srsf3, Rbm8a, Cpsf7, Magoh, Hnrnpa3, Pabpn1, Lsm10, Snrpg, Snrpe, Nup98, Snrpd2, Snrpa1, Phf5a, Polr2k, Polr2f, Snrpd1, Sf3b3, Sf3b6, Sf3b1, Polr2b, Snrpd3, Smc1a, Sf3a3, Sf3b5, Polr2g, Sf3a1, Sf3b2, Polr2d, Snrnp200, Nup62",0,NA,4,"Polr2g, Polr2f, Polr2d, Polr2b",0,NA,4
"243",20630,"Snrpc",193,"MedConf","Novel","Spliceosome",6,"Snrpd3, Snrpe, Snrpa1, Snrpd2, Snrpd1, Snrpg",0,NA,0,NA,0,NA,0
"244",20641,"Snrpd1",5,"HighConf","Novel","Spliceosome",34,"Sf3b1, Sf3a3, Sf3a1, Snrpa1, Sf3b2, Nup98, Snrpe, Sf3b3, Snrnp200, Snrpg, Sf3b6, Sf3b5, Polr2b, Polr2g, Polr2d, Polr2k, Phf5a, Nup62, Smc1a, Snrpb, Seh1l, Nup107, Rnps1, Nup85, Srsf3, Rbm8a, Cpsf7, Magoh, Hnrnpa3, Pabpn1, Snrpc, Polr2f, Snrpd3, Snrpd2",0,NA,4,"Polr2g, Polr2f, Polr2d, Polr2b",0,NA,4
"245",107686,"Snrpd2",3,"HighConf","Novel","Spliceosome",35,"Snrpd3, Snrpd1, Sf3b1, Sf3a3, Sf3a1, Snrpa1, Sf3b2, Nup98, Plrg1, Snrpe, Sf3b3, Snrnp200, Snrpg, Sf3b6, Sf3b5, Polr2b, Polr2g, Polr2d, Polr2k, Phf5a, Nup62, Smc1a, Snrpb, Seh1l, Nup107, Rnps1, Nup85, Srsf3, Rbm8a, Cpsf7, Magoh, Hnrnpa3, Pabpn1, Snrpc, Polr2f",0,NA,4,"Polr2g, Polr2f, Polr2d, Polr2b",0,NA,4
"246",67332,"Snrpd3",4,"HighConf","Novel","Spliceosome",36,"Snrpd1, Sf3b1, Sf3a3, Sf3a1, Snrpa1, Sf3b2, Nup98, Lsm5, Snrpe, Sf3b3, Snrnp200, Snrpg, Sf3b6, Sf3b5, Polr2b, Polr2g, Polr2d, Polr2k, Phf5a, Nup62, Smc1a, Snrpb, Seh1l, Nup107, Rnps1, Nup85, Srsf3, Rbm8a, Cpsf7, Magoh, Hnrnpa3, Pabpn1, Snrpc, Lsm10, Snrpd2, Polr2f",0,NA,4,"Polr2g, Polr2f, Polr2d, Polr2b",0,NA,4
"247",20643,"Snrpe",20,"HighConf","Novel","Spliceosome",35,"Sf3b3, Snrnp200, Snrpg, Sf3b6, Sf3b5, Polr2b, Polr2g, Polr2d, Polr2k, Phf5a, Nup62, Smc1a, Snrpb, Seh1l, Nup107, Rnps1, Nup85, Srsf3, Rbm8a, Cpsf7, Magoh, Hnrnpa3, Pabpn1, Snrpc, Lsm10, Snrpd1, Sf3b1, Polr2f, Sf3a3, Snrpd2, Nup98, Sf3a1, Snrpd3, Snrpa1, Sf3b2",0,NA,4,"Polr2g, Polr2f, Polr2d, Polr2b",0,NA,4
"248",68011,"Snrpg",31,"MedConf","Novel","Spliceosome",7,"Snrpb, Snrpc, Snrpd3, Snrpd1, Snrpd2, Snrpe, Snrpa1",0,NA,0,NA,0,NA,0
"249",67629,"Spc24",89,"MedConf","Novel",NA,10,"Rad21, Seh1l, Nup107, Nup85, Mad1l1, Nup98, Smc1a, Xpo1, Smc3, Plk1",0,NA,0,NA,0,NA,0
"250",20375,"Spi1",186,"HighConf","Novel","Osteoclast differentiation",1,"Ep300",0,NA,0,NA,0,NA,0
"251",217337,"Srp68",77,"HighConf","Novel","Protein export",5,"Rpn2, Sec11a, Rplp1, Rpl26, Rps3a1",0,NA,0,NA,0,NA,0
"252",20383,"Srsf3",108,"MedConf","Novel","Spliceosome",28,"Rbm8a, Cpsf7, Nxf1, Magoh, Hnrnpa3, Pabpn1, Snrpa1, Snrpe, Sf3b6, Rnps1, Phf5a, Polr2f, Snrpb, Sf3b1, Sf3b2, Sf3a3, Sf3b3, Polr2b, Snrnp200, Smc1a, Polr2g, Snrpd1, Sf3b5, Snrpd2, Sf3a1, Polr2d, Snrpd3, Polr2k",0,NA,4,"Polr2g, Polr2f, Polr2d, Polr2b",0,NA,4
"253",236920,"Stard8",240,"MedConf","Novel",NA,2,"Arhgdig, Arhgef7",0,NA,0,NA,0,NA,0
"254",72149,"Strada",38,"MedConf","Novel","AMPK signaling pathway, mTOR signaling pathway",1,"Prkag1",0,NA,0,NA,0,NA,0
"255",20924,"Supt5",24,"MedConf","Novel",NA,7,"Polr2b, Polr2g, Polr2d, Cdk9, Polr2k, Brd4, Polr2f",0,NA,4,"Polr2g, Polr2f, Polr2d, Polr2b",0,NA,4
"256",66513,"Tab1",49,"MedConf","Toll-like receptor signaling pathway","Osteoclast differentiation, Toll-like receptor signaling pathway, TNF signaling pathway, MAPK signaling pathway",4,"Irak2, Ikbkg, Irak4, Pdpk1",0,NA,0,NA,2,"Irak4, Ikbkg",2
"257",102162,"Taf5l",228,"MedConf","Novel",NA,2,"Trrap, Kat2a",0,NA,0,NA,0,NA,0
"258",225895,"Taf6l",227,"MedConf","Novel",NA,2,"Trrap, Kat2a",0,NA,0,NA,0,NA,0
"259",387345,"Tas2r113",129,"MedConf","Novel",NA,7,"Chrm4, Ppbp, Adra2b, Lpar3, Gal, C3, Cxcr4",0,NA,0,NA,0,NA,0
"260",21390,"Tbxa2r",94,"HighConf","Novel","Platelet activation",9,"Avpr1b, Pik3ca, Cckbr, Lpar3, Adra1b, Cysltr1, Xcl1, Prok2, Npff",0,NA,0,NA,1,"Pik3ca",1
"261",21393,"Tcap",126,"MedConf","Novel",NA,2,"Myl2, Tpm1",0,NA,0,NA,0,NA,0
"262",71718,"Telo2",229,"MedConf","Novel","mTOR signaling pathway",1,"Trrap",0,NA,0,NA,0,NA,0
"263",117149,"Tirap",50,"HighConf","Toll-like receptor signaling pathway","Toll-like receptor signaling pathway",1,"Irak4",0,NA,0,NA,1,"Irak4",1
"264",81877,"Tnxb",233,"MedConf","Novel","PI3K-Akt signaling pathway, Focal adhesion, ECM-receptor interaction",4,"Itga5, Itga7, Sdc4, Itgav",0,NA,0,NA,0,NA,0
"265",22003,"Tpm1",266,"MedConf","Novel","Adrenergic signaling in cardiomyocytes",2,"Myl2, Tcap",0,NA,0,NA,0,NA,0
"266",100683,"Trrap",85,"MedConf","Novel",NA,4,"Taf6l, Taf5l, Telo2, Kat2a",0,NA,0,NA,0,NA,0
"267",68612,"Ube2c",87,"MedConf","Novel",NA,24,"Cebpb, Psmc6, Plk1, Psma3, Psmd2, Psmd14, Psma6, Psmc3, Psmb2, Psmb1, Psmb3, Psmd3, Psmd1, Psmb4, Psma7, Psmc4, Psma4, Psmd11, Psmb6, Psma2, Psmc5, Psma1, Psmc1, Psmd6",0,NA,0,NA,0,NA,0
"268",79560,"Ublcp1",75,"MedConf","Novel",NA,1,"Psmd2",0,NA,0,NA,0,NA,0
"269",394434,"Ugt1a9",143,"MedConf","Novel",NA,2,"Cyp3a13, Cyp4a12a",0,NA,0,NA,0,NA,0
"270",105372,"Utp15",46,"MedConf","Novel","Ribosome biogenesis in eukaryotes",1,"Imp3",0,NA,0,NA,0,NA,0
"271",22339,"Vegfa",48,"MedConf","Novel","PI3K-Akt signaling pathway, Relaxin signaling pathway, VEGF signaling pathway, Cytokine-cytokine receptor interaction, AGE-RAGE signaling pathway in diabetic complications, Focal adhesion, Ras signaling pathway, HIF-1 signaling pathway, Rap1 signaling pathway",7,"Ngfr, Aldoa, Vegfb, Ppbp, Serpina1d, Ep300, Arnt",0,NA,0,NA,0,NA,0
"272",22340,"Vegfb",114,"MedConf","Novel","PI3K-Akt signaling pathway, Relaxin signaling pathway, Cytokine-cytokine receptor interaction, AGE-RAGE signaling pathway in diabetic complications, Focal adhesion, Ras signaling pathway, Rap1 signaling pathway",5,"Ppbp, Serpina1d, Ngfr, Aldoa, Vegfa",0,NA,0,NA,0,NA,0
"273",140858,"Wdr5",226,"HighConf","Novel",NA,1,"Kat2a",0,NA,0,NA,0,NA,0
"274",22390,"Wee1",203,"MedConf","Novel",NA,2,"Plk1, Xpo1",0,NA,0,NA,0,NA,0
"275",16963,"Xcl1",155,"MedConf","Novel","Cytokine-cytokine receptor interaction",10,"Prok2, Npff, Pik3ca, Tbxa2r, Avpr1b, Adra1b, Cxcr4, Lpar3, Cckbr, Cysltr1",0,NA,0,NA,1,"Pik3ca",1
"276",103573,"Xpo1",27,"MedConf","Novel","RNA transport, Ribosome biogenesis in eukaryotes",13,"Plk1, Smc1a, Spc24, Rad21, Seh1l, Nup107, Nup85, Mad1l1, Wee1, Rasl2-9, Nup98, Ran, Smc3",0,NA,0,NA,0,NA,0
