"","name","imports","weights","datasource","Confidence","Color"
"1","Cytosolic DNA-sensing pathway.IFNA1","Novel.JAK2",800,"database","High","#46008B"
"2","Cytosolic DNA-sensing pathway.IFNA1","Novel.JAK3",800,"database","High","#46008B"
"3","Cytosolic DNA-sensing pathway.IFNA1","Novel.IL9R",800,"database","High","#46008B"
"4","Cytosolic DNA-sensing pathway.IFNA1","Novel.IFNGR2",800,"database","High","#46008B"
"5","Cytosolic DNA-sensing pathway.IFNA1","Novel.IL22RA2",800,"database","High","#46008B"
"6","Cytosolic DNA-sensing pathway.IFNA1","Novel.MPL",800,"database","High","#46008B"
"7","Cytosolic DNA-sensing pathway.IFNA1","Novel.CSF3R",800,"database","High","#46008B"
"8","Cytosolic DNA-sensing pathway.IFNA1","Novel.CRLF2",800,"database","High","#46008B"
"9","Cytosolic DNA-sensing pathway.IFNA1","Novel.IL2RG",800,"database","High","#46008B"
"10","Cytosolic DNA-sensing pathway.IFNA1","Novel.IL2RA",800,"database","High","#46008B"
"11","Cytosolic DNA-sensing pathway.IFNA1","Novel.IFNAR1",800,"database","High","#46008B"
"12","Cytosolic DNA-sensing pathway.IFNA1","Novel.GHR",800,"database","High","#46008B"
"13","Cytosolic DNA-sensing pathway.IFNA1","Novel.IL13RA1",800,"database","High","#46008B"
"14","Cytosolic DNA-sensing pathway.IFNA1","Novel.IL4R",800,"database","High","#46008B"
"15","Cytosolic DNA-sensing pathway.IFNA1","Novel.IL5RA",800,"database","High","#46008B"
"16","Cytosolic DNA-sensing pathway.IFNA1","Novel.EPOR",800,"database","High","#46008B"
"17","Cytosolic DNA-sensing pathway.IFNA1","Novel.OSMR",800,"database","High","#46008B"
"18","Cytosolic DNA-sensing pathway.IFNA1","Novel.IFNAR2",800,"database","High","#46008B"
"19","Cytosolic DNA-sensing pathway.IFNA1","Novel.IL22RA1",800,"database","High","#46008B"
"20","Cytosolic DNA-sensing pathway.IFNA1","Novel.IFNLR1",800,"database","High","#46008B"
"21","Cytosolic DNA-sensing pathway.IFNA10","Novel.JAK2",800,"database","High","#46008B"
"22","Cytosolic DNA-sensing pathway.IFNA10","Novel.JAK3",800,"database","High","#46008B"
"23","Cytosolic DNA-sensing pathway.IFNA10","Novel.IL9R",800,"database","High","#46008B"
"24","Cytosolic DNA-sensing pathway.IFNA10","Novel.IFNGR2",800,"database","High","#46008B"
"25","Cytosolic DNA-sensing pathway.IFNA10","Novel.IL22RA2",800,"database","High","#46008B"
"26","Cytosolic DNA-sensing pathway.IFNA10","Novel.MPL",800,"database","High","#46008B"
"27","Cytosolic DNA-sensing pathway.IFNA10","Novel.CSF3R",800,"database","High","#46008B"
"28","Cytosolic DNA-sensing pathway.IFNA10","Novel.CRLF2",800,"database","High","#46008B"
"29","Cytosolic DNA-sensing pathway.IFNA10","Novel.IL2RG",800,"database","High","#46008B"
"30","Cytosolic DNA-sensing pathway.IFNA10","Novel.IL2RA",800,"database","High","#46008B"
"31","Cytosolic DNA-sensing pathway.IFNA10","Novel.IFNAR1",900,"database","High","#46008B"
"32","Cytosolic DNA-sensing pathway.IFNA10","Novel.GHR",800,"database","High","#46008B"
"33","Cytosolic DNA-sensing pathway.IFNA10","Novel.PTPN1",900,"database","High","#46008B"
"34","Cytosolic DNA-sensing pathway.IFNA10","Novel.IL13RA1",800,"database","High","#46008B"
"35","Cytosolic DNA-sensing pathway.IFNA10","Novel.IL4R",800,"database","High","#46008B"
"36","Cytosolic DNA-sensing pathway.IFNA10","Novel.IL5RA",800,"database","High","#46008B"
"37","Cytosolic DNA-sensing pathway.IFNA10","Novel.EPOR",800,"database","High","#46008B"
"38","Cytosolic DNA-sensing pathway.IFNA10","Novel.OSMR",800,"database","High","#46008B"
"39","Cytosolic DNA-sensing pathway.IFNA10","Novel.IFNAR2",900,"database","High","#46008B"
"40","Cytosolic DNA-sensing pathway.IFNA10","Novel.IL22RA1",800,"database","High","#46008B"
"41","Cytosolic DNA-sensing pathway.IFNA10","Novel.IFNLR1",800,"database","High","#46008B"
"42","Cytosolic DNA-sensing pathway.IFNA10","Novel.IFNG",900,"database","High","#46008B"
"43","Cytosolic DNA-sensing pathway.IFNA4","Novel.IFNG",900,"database","High","#46008B"
"44","Cytosolic DNA-sensing pathway.IFNA4","Novel.JAK2",800,"database","High","#46008B"
"45","Cytosolic DNA-sensing pathway.IFNA4","Novel.JAK3",800,"database","High","#46008B"
"46","Cytosolic DNA-sensing pathway.IFNA4","Novel.IL9R",800,"database","High","#46008B"
"47","Cytosolic DNA-sensing pathway.IFNA4","Novel.IFNGR2",800,"database","High","#46008B"
"48","Cytosolic DNA-sensing pathway.IFNA4","Novel.IL22RA2",800,"database","High","#46008B"
"49","Cytosolic DNA-sensing pathway.IFNA4","Novel.MPL",800,"database","High","#46008B"
"50","Cytosolic DNA-sensing pathway.IFNA4","Novel.CSF3R",800,"database","High","#46008B"
"51","Cytosolic DNA-sensing pathway.IFNA4","Novel.CRLF2",800,"database","High","#46008B"
"52","Cytosolic DNA-sensing pathway.IFNA4","Novel.IL2RG",800,"database","High","#46008B"
"53","Cytosolic DNA-sensing pathway.IFNA4","Novel.IL2RA",800,"database","High","#46008B"
"54","Cytosolic DNA-sensing pathway.IFNA4","Novel.IFNAR1",900,"database","High","#46008B"
"55","Cytosolic DNA-sensing pathway.IFNA4","Novel.GHR",800,"database","High","#46008B"
"56","Cytosolic DNA-sensing pathway.IFNA4","Novel.PTPN1",900,"database","High","#46008B"
"57","Cytosolic DNA-sensing pathway.IFNA4","Novel.IL13RA1",800,"database","High","#46008B"
"58","Cytosolic DNA-sensing pathway.IFNA4","Novel.IL4R",800,"database","High","#46008B"
"59","Cytosolic DNA-sensing pathway.IFNA4","Novel.IL5RA",800,"database","High","#46008B"
"60","Cytosolic DNA-sensing pathway.IFNA4","Novel.EPOR",800,"database","High","#46008B"
"61","Cytosolic DNA-sensing pathway.IFNA4","Novel.OSMR",800,"database","High","#46008B"
"62","Cytosolic DNA-sensing pathway.IFNA4","Novel.IFNAR2",900,"database","High","#46008B"
"63","Cytosolic DNA-sensing pathway.IFNA4","Novel.IL22RA1",800,"database","High","#46008B"
"64","Cytosolic DNA-sensing pathway.IFNA4","Novel.IFNLR1",800,"database","High","#46008B"
"65","Cytosolic DNA-sensing pathway.IFNA6","Novel.JAK2",800,"database","High","#46008B"
"66","Cytosolic DNA-sensing pathway.IFNA6","Novel.JAK3",800,"database","High","#46008B"
"67","Cytosolic DNA-sensing pathway.IFNA6","Novel.IL9R",800,"database","High","#46008B"
"68","Cytosolic DNA-sensing pathway.IFNA6","Novel.IFNGR2",800,"database","High","#46008B"
"69","Cytosolic DNA-sensing pathway.IFNA6","Novel.IL22RA2",800,"database","High","#46008B"
"70","Cytosolic DNA-sensing pathway.IFNA6","Novel.MPL",800,"database","High","#46008B"
"71","Cytosolic DNA-sensing pathway.IFNA6","Novel.CSF3R",800,"database","High","#46008B"
"72","Cytosolic DNA-sensing pathway.IFNA6","Novel.CRLF2",800,"database","High","#46008B"
"73","Cytosolic DNA-sensing pathway.IFNA6","Novel.IL2RG",800,"database","High","#46008B"
"74","Cytosolic DNA-sensing pathway.IFNA6","Novel.IL2RA",800,"database","High","#46008B"
"75","Cytosolic DNA-sensing pathway.IFNA6","Novel.IFNAR1",900,"database","High","#46008B"
"76","Cytosolic DNA-sensing pathway.IFNA6","Novel.GHR",800,"database","High","#46008B"
"77","Cytosolic DNA-sensing pathway.IFNA6","Novel.PTPN1",900,"database","High","#46008B"
"78","Cytosolic DNA-sensing pathway.IFNA6","Novel.IL13RA1",800,"database","High","#46008B"
"79","Cytosolic DNA-sensing pathway.IFNA6","Novel.IL4R",800,"database","High","#46008B"
"80","Cytosolic DNA-sensing pathway.IFNA6","Novel.IL5RA",800,"database","High","#46008B"
"81","Cytosolic DNA-sensing pathway.IFNA6","Novel.EPOR",800,"database","High","#46008B"
"82","Cytosolic DNA-sensing pathway.IFNA6","Novel.IFIT1",774,"experimental","High","#46008B"
"83","Cytosolic DNA-sensing pathway.IFNA6","Novel.OSMR",800,"database","High","#46008B"
"84","Cytosolic DNA-sensing pathway.IFNA6","Novel.IFNAR2",900,"database","High","#46008B"
"85","Cytosolic DNA-sensing pathway.IFNA6","Novel.IL22RA1",800,"database","High","#46008B"
"86","Cytosolic DNA-sensing pathway.IFNA6","Novel.IFNLR1",800,"database","High","#46008B"
"87","Cytosolic DNA-sensing pathway.IFNA6","Novel.IFNG",900,"database","High","#46008B"
"88","Cytosolic DNA-sensing pathway.IRF3","Novel.SIKE1",900,"database","High","#46008B"
"89","Cytosolic DNA-sensing pathway.IRF3","Novel.TANK",900,"database","High","#46008B"
"90","Cytosolic DNA-sensing pathway.IRF3","Novel.IFI35",900,"database","High","#46008B"
"91","Cytosolic DNA-sensing pathway.IRF3","Novel.IFIT1",900,"database","High","#46008B"
"92","Cytosolic DNA-sensing pathway.IRF3","Novel.MX1",900,"database","High","#46008B"
"93","Cytosolic DNA-sensing pathway.IRF3","Novel.HLA-A",900,"database","High","#46008B"
"94","Cytosolic DNA-sensing pathway.IRF3","Novel.MID1",900,"database","High","#46008B"
"95","Cytosolic DNA-sensing pathway.IRF3","Novel.NR3C1",900,"database","High","#46008B"
"96","Cytosolic DNA-sensing pathway.IRF3","Novel.HLA-E",900,"database","High","#46008B"
"97","Cytosolic DNA-sensing pathway.IRF3","Novel.HLA-C",900,"database","High","#46008B"
"98","Cytosolic DNA-sensing pathway.IRF3","Novel.IP6K2",900,"database","High","#46008B"
"99","Cytosolic DNA-sensing pathway.IRF3","Novel.HLA-DPA1",900,"database","High","#46008B"
"100","Cytosolic DNA-sensing pathway.IRF3","Novel.TRIM2",900,"database","High","#46008B"
"101","Cytosolic DNA-sensing pathway.IRF3","Novel.TRIM26",900,"database","High","#46008B"
"102","Cytosolic DNA-sensing pathway.IRF3","Novel.FCGR1A",900,"database","High","#46008B"
"103","Cytosolic DNA-sensing pathway.IRF3","Novel.TRIM5",900,"database","High","#46008B"
"104","Cytosolic DNA-sensing pathway.IRF3","Novel.VCAM1",900,"database","High","#46008B"
"105","Cytosolic DNA-sensing pathway.IRF3","Novel.TRIM62",900,"database","High","#46008B"
"106","Cytosolic DNA-sensing pathway.IRF3","Novel.GBP7",900,"database","High","#46008B"
"107","Cytosolic DNA-sensing pathway.IRF3","Novel.SAMHD1",900,"database","High","#46008B"
"108","Cytosolic DNA-sensing pathway.IRF3","Novel.RSAD2",900,"database","High","#46008B"
"109","Cytosolic DNA-sensing pathway.IRF3","Novel.ISG20",900,"database","High","#46008B"
"110","Cytosolic DNA-sensing pathway.IRF3","Novel.IFI6",900,"database","High","#46008B"
"111","Cytosolic DNA-sensing pathway.IRF3","Novel.XAF1",900,"database","High","#46008B"
"112","Cytosolic DNA-sensing pathway.IRF3","Novel.RNASEL",900,"database","High","#46008B"
"113","Cytosolic DNA-sensing pathway.IRF3","Novel.CIITA",900,"database","High","#46008B"
"114","Cytosolic DNA-sensing pathway.IRF3","Novel.TRIM46",900,"database","High","#46008B"
"115","Cytosolic DNA-sensing pathway.IRF3","Novel.IRF2",900,"database","High","#46008B"
"116","Cytosolic DNA-sensing pathway.IRF3","Novel.IFITM3",900,"database","High","#46008B"
"117","Cytosolic DNA-sensing pathway.IRF3","Novel.IFITM2",900,"database","High","#46008B"
"118","Cytosolic DNA-sensing pathway.IRF3","Novel.RNF135",900,"database","High","#46008B"
"119","Cytosolic DNA-sensing pathway.IRF3","Novel.DTX4",900,"database","High","#46008B"
"120","Cytosolic DNA-sensing pathway.IRF3","Novel.OAS1",900,"database","High","#46008B"
"121","Cytosolic DNA-sensing pathway.IRF3","Novel.OAS2",900,"database","High","#46008B"
"122","Cytosolic DNA-sensing pathway.IRF3","Novel.IFI16",900,"database","High","#46008B"
"123","Cytosolic DNA-sensing pathway.IRF3","Novel.GTF2F1",900,"database","High","#46008B"
"124","Cytosolic DNA-sensing pathway.IRF3","Novel.XRCC5",900,"database","High","#46008B"
"125","Cytosolic DNA-sensing pathway.IRF3","Novel.PRKDC",900,"database","High","#46008B"
"126","Cytosolic DNA-sensing pathway.IRF3","Novel.PML",900,"database","High","#46008B"
"127","Cytosolic DNA-sensing pathway.IRF3","Novel.PRDX1",449,"experimental","High","#46008B"
"128","Cytosolic DNA-sensing pathway.IRF3","Novel.SMARCC1",900,"database","High","#46008B"
"129","Cytosolic DNA-sensing pathway.IRF3","Novel.SMARCC2",900,"database","High","#46008B"
"130","Cytosolic DNA-sensing pathway.IRF3","Novel.GTF2B",900,"database","High","#46008B"
"131","Cytosolic DNA-sensing pathway.IRF7","Novel.HLA-E",900,"database","High","#46008B"
"132","Cytosolic DNA-sensing pathway.IRF7","Novel.HLA-C",900,"database","High","#46008B"
"133","Cytosolic DNA-sensing pathway.IRF7","Novel.IP6K2",900,"database","High","#46008B"
"134","Cytosolic DNA-sensing pathway.IRF7","Novel.HLA-DPA1",900,"database","High","#46008B"
"135","Cytosolic DNA-sensing pathway.IRF7","Novel.TRIM2",900,"database","High","#46008B"
"136","Cytosolic DNA-sensing pathway.IRF7","Novel.TRIM26",900,"database","High","#46008B"
"137","Cytosolic DNA-sensing pathway.IRF7","Novel.FCGR1A",900,"database","High","#46008B"
"138","Cytosolic DNA-sensing pathway.IRF7","Novel.TRIM5",900,"database","High","#46008B"
"139","Cytosolic DNA-sensing pathway.IRF7","Novel.VCAM1",900,"database","High","#46008B"
"140","Cytosolic DNA-sensing pathway.IRF7","Novel.TRIM62",900,"database","High","#46008B"
"141","Cytosolic DNA-sensing pathway.IRF7","Novel.GBP7",900,"database","High","#46008B"
"142","Cytosolic DNA-sensing pathway.IRF7","Novel.SAMHD1",900,"database","High","#46008B"
"143","Cytosolic DNA-sensing pathway.IRF7","Novel.RSAD2",900,"database","High","#46008B"
"144","Cytosolic DNA-sensing pathway.IRF7","Novel.ISG20",900,"database","High","#46008B"
"145","Cytosolic DNA-sensing pathway.IRF7","Novel.IFI6",900,"database","High","#46008B"
"146","Cytosolic DNA-sensing pathway.IRF7","Novel.XAF1",900,"database","High","#46008B"
"147","Cytosolic DNA-sensing pathway.IRF7","Novel.RNASEL",900,"database","High","#46008B"
"148","Cytosolic DNA-sensing pathway.IRF7","Novel.CIITA",900,"database","High","#46008B"
"149","Cytosolic DNA-sensing pathway.IRF7","Novel.TRIM46",900,"database","High","#46008B"
"150","Cytosolic DNA-sensing pathway.IRF7","Novel.IRF2",900,"database","High","#46008B"
"151","Cytosolic DNA-sensing pathway.IRF7","Novel.IFITM3",900,"database","High","#46008B"
"152","Cytosolic DNA-sensing pathway.IRF7","Novel.IFITM2",900,"database","High","#46008B"
"153","Cytosolic DNA-sensing pathway.IRF7","Novel.RNF135",900,"database","High","#46008B"
"154","Cytosolic DNA-sensing pathway.IRF7","Novel.OAS1",900,"database","High","#46008B"
"155","Cytosolic DNA-sensing pathway.IRF7","Novel.OAS2",900,"database","High","#46008B"
"156","Cytosolic DNA-sensing pathway.IRF7","Novel.GTF2F1",900,"database","High","#46008B"
"157","Cytosolic DNA-sensing pathway.IRF7","Novel.PML",900,"database","High","#46008B"
"158","Cytosolic DNA-sensing pathway.IRF7","Novel.SMARCC1",900,"database","High","#46008B"
"159","Cytosolic DNA-sensing pathway.IRF7","Novel.SMARCC2",900,"database","High","#46008B"
"160","Cytosolic DNA-sensing pathway.IRF7","Novel.GTF2B",900,"database","High","#46008B"
"161","Cytosolic DNA-sensing pathway.IRF7","Novel.SIKE1",900,"database","High","#46008B"
"162","Cytosolic DNA-sensing pathway.IRF7","Novel.TANK",900,"database","High","#46008B"
"163","Cytosolic DNA-sensing pathway.IRF7","Novel.IFI35",900,"database","High","#46008B"
"164","Cytosolic DNA-sensing pathway.IRF7","Novel.IFIT1",900,"database","High","#46008B"
"165","Cytosolic DNA-sensing pathway.IRF7","Novel.MX1",900,"database","High","#46008B"
"166","Cytosolic DNA-sensing pathway.IRF7","Novel.HLA-A",900,"database","High","#46008B"
"167","Cytosolic DNA-sensing pathway.IRF7","Novel.MID1",900,"database","High","#46008B"
"168","Cytosolic DNA-sensing pathway.IRF7","Novel.NR3C1",900,"database","High","#46008B"
"169","Cytosolic DNA-sensing pathway.MAVS","Novel.SIKE1",900,"database","High","#46008B"
"170","Cytosolic DNA-sensing pathway.MAVS","Novel.TANK",900,"database","High","#46008B"
"171","Cytosolic DNA-sensing pathway.MAVS","Novel.ATG12",900,"database","High","#46008B"
"172","Cytosolic DNA-sensing pathway.MAVS","Novel.NUP35",605,"experimental","High","#46008B"
"173","Cytosolic DNA-sensing pathway.MAVS","Novel.RNF135",900,"database","High","#46008B"
"174","Cytosolic DNA-sensing pathway.MAVS","Novel.RIPK2",597,"experimental","High","#46008B"
"175","Cytosolic DNA-sensing pathway.NFKBIA","Novel.PRKCD",900,"database","High","#46008B"
"176","Cytosolic DNA-sensing pathway.NFKBIA","Novel.PRKCA",900,"database","High","#46008B"
"177","Cytosolic DNA-sensing pathway.NFKBIA","Novel.PRKCB",900,"database","High","#46008B"
"178","Cytosolic DNA-sensing pathway.NFKBIA","Novel.IL23A",900,"database","High","#46008B"
"179","Cytosolic DNA-sensing pathway.NFKBIA","Novel.CD40",900,"database","High","#46008B"
"180","Cytosolic DNA-sensing pathway.NFKBIA","Novel.LPAR2",900,"database","High","#46008B"
"181","Cytosolic DNA-sensing pathway.NFKBIA","Novel.JAK2",900,"database","High","#46008B"
"182","Cytosolic DNA-sensing pathway.NFKBIA","Novel.C4BPA",900,"database","High","#46008B"
"183","Cytosolic DNA-sensing pathway.NFKBIA","Novel.PSMD4",900,"database","High","#46008B"
"184","Cytosolic DNA-sensing pathway.NFKBIA","Novel.PSMD5",900,"database","High","#46008B"
"185","Cytosolic DNA-sensing pathway.NFKBIA","Novel.PSMA8",900,"database","High","#46008B"
"186","Cytosolic DNA-sensing pathway.NFKBIA","Novel.SQSTM1",900,"database","High","#46008B"
"187","Cytosolic DNA-sensing pathway.NFKBIA","Novel.MAPK14",900,"database","High","#46008B"
"188","Cytosolic DNA-sensing pathway.NFKBIA","Novel.HNRNPU",415,"experimental","High","#46008B"
"189","Cytosolic DNA-sensing pathway.NFKBIA","Novel.PSMB10",900,"database","High","#46008B"
"190","Cytosolic DNA-sensing pathway.NFKBIA","Novel.BTRC",900,"database","High","#46008B"
"191","Cytosolic DNA-sensing pathway.NFKBIA","Novel.UBE2D1",900,"database","High","#46008B"
"192","Cytosolic DNA-sensing pathway.NFKBIA","Novel.BIRC3",900,"database","High","#46008B"
"193","Cytosolic DNA-sensing pathway.NFKBIA","Novel.XPO1",900,"database","High","#46008B"
"194","Cytosolic DNA-sensing pathway.NFKBIA","Novel.REL",900,"database","High","#46008B"
"195","Cytosolic DNA-sensing pathway.NFKBIA","Novel.UBE2D2",900,"database","High","#46008B"
"196","Cytosolic DNA-sensing pathway.NFKBIA","Novel.MTOR",774,"experimental","High","#46008B"
"197","Cytosolic DNA-sensing pathway.NFKBIA","Novel.NFKB2",900,"database","High","#46008B"
"198","Cytosolic DNA-sensing pathway.POLR1C","Novel.SNAPC1",900,"database","High","#46008B"
"199","Cytosolic DNA-sensing pathway.POLR1C","Novel.GPN3",774,"experimental","High","#46008B"
"200","Cytosolic DNA-sensing pathway.POLR1C","Novel.DEK",900,"database","High","#46008B"
"201","Cytosolic DNA-sensing pathway.POLR1C","Novel.DDX47",417,"experimental","High","#46008B"
"202","Cytosolic DNA-sensing pathway.POLR1C","Novel.H2AFV",900,"database","High","#46008B"
"203","Cytosolic DNA-sensing pathway.POLR1C","Novel.RRN3",900,"database","High","#46008B"
"204","Cytosolic DNA-sensing pathway.POLR1C","Novel.MNAT1",900,"database","High","#46008B"
"205","Cytosolic DNA-sensing pathway.POLR1C","Novel.ERCC3",900,"database","High","#46008B"
"206","Cytosolic DNA-sensing pathway.POLR1C","Novel.GTF3C1",900,"database","High","#46008B"
"207","Cytosolic DNA-sensing pathway.POLR1C","Novel.GTF3C5",900,"database","High","#46008B"
"208","Cytosolic DNA-sensing pathway.POLR1C","Novel.CD3EAP",900,"database","High","#46008B"
"209","Cytosolic DNA-sensing pathway.POLR1C","Novel.TAF1A",900,"database","High","#46008B"
"210","Cytosolic DNA-sensing pathway.POLR1C","Novel.H2AFZ",900,"database","High","#46008B"
"211","Cytosolic DNA-sensing pathway.POLR1C","Novel.AK9",900,"database","High","#46008B"
"212","Cytosolic DNA-sensing pathway.POLR1C","Novel.TAF1B",900,"database","High","#46008B"
"213","Cytosolic DNA-sensing pathway.POLR1C","Novel.HIST2H2AC",900,"database","High","#46008B"
"214","Cytosolic DNA-sensing pathway.POLR1C","Novel.ADCY2",900,"database","High","#46008B"
"215","Cytosolic DNA-sensing pathway.POLR1C","Novel.GCH1",800,"database","High","#46008B"
"216","Cytosolic DNA-sensing pathway.POLR1C","Novel.ADCY7",900,"database","High","#46008B"
"217","Cytosolic DNA-sensing pathway.POLR1C","Novel.ADCY3",900,"database","High","#46008B"
"218","Cytosolic DNA-sensing pathway.POLR1C","Novel.ADCY8",900,"database","High","#46008B"
"219","Cytosolic DNA-sensing pathway.POLR1C","Novel.ADCY9",900,"database","High","#46008B"
"220","Cytosolic DNA-sensing pathway.POLR1C","Novel.ADCY6",900,"database","High","#46008B"
"221","Cytosolic DNA-sensing pathway.POLR1C","Novel.ADCY5",900,"database","High","#46008B"
"222","Cytosolic DNA-sensing pathway.POLR1C","Novel.HIST1H2BL",900,"database","High","#46008B"
"223","Cytosolic DNA-sensing pathway.POLR1C","Novel.HIST1H2BD",900,"database","High","#46008B"
"224","Cytosolic DNA-sensing pathway.POLR1C","Novel.HIST1H2AJ",900,"database","High","#46008B"
"225","Cytosolic DNA-sensing pathway.POLR1C","Novel.GUCY2F",900,"database","High","#46008B"
"226","Cytosolic DNA-sensing pathway.POLR1C","Novel.ENTPD1",900,"database","High","#46008B"
"227","Cytosolic DNA-sensing pathway.POLR1C","Novel.ENTPD8",900,"database","High","#46008B"
"228","Cytosolic DNA-sensing pathway.POLR1C","Novel.GUCY2C",900,"database","High","#46008B"
"229","Cytosolic DNA-sensing pathway.POLR1C","Novel.NPR2",900,"database","High","#46008B"
"230","Cytosolic DNA-sensing pathway.POLR1C","Novel.EBNA1BP2",417,"experimental","High","#46008B"
"231","Cytosolic DNA-sensing pathway.POLR1C","Novel.DHX37",503,"experimental","High","#46008B"
"232","Cytosolic DNA-sensing pathway.POLR1C","Novel.GTF3C2",900,"database","High","#46008B"
"233","Cytosolic DNA-sensing pathway.POLR1C","Novel.NOP9",417,"experimental","High","#46008B"
"234","Cytosolic DNA-sensing pathway.POLR1C","Novel.BRF2",900,"database","High","#46008B"
"235","Cytosolic DNA-sensing pathway.POLR1C","Novel.GUCY1A2",900,"database","High","#46008B"
"236","Cytosolic DNA-sensing pathway.POLR1C","Novel.ADCY10",900,"database","High","#46008B"
"237","Cytosolic DNA-sensing pathway.POLR1C","Novel.RUVBL1",417,"experimental","High","#46008B"
"238","Cytosolic DNA-sensing pathway.POLR1C","Novel.SMARCA5",900,"database","High","#46008B"
"239","Cytosolic DNA-sensing pathway.POLR1C","Novel.NCL",417,"experimental","High","#46008B"
"240","Cytosolic DNA-sensing pathway.POLR1C","Novel.POLR1A",900,"database","High","#46008B"
"241","Cytosolic DNA-sensing pathway.POLR1C","Novel.RPL13A",417,"experimental","High","#46008B"
"242","Cytosolic DNA-sensing pathway.POLR1C","Novel.PKM",900,"database","High","#46008B"
"243","Cytosolic DNA-sensing pathway.POLR1C","Novel.NSUN5",417,"experimental","High","#46008B"
"244","Cytosolic DNA-sensing pathway.POLR1C","Novel.DKC1",503,"experimental","High","#46008B"
"245","Cytosolic DNA-sensing pathway.POLR1C","Novel.ABCF2",417,"experimental","High","#46008B"
"246","Cytosolic DNA-sensing pathway.POLR1C","Novel.MYBBP1A",900,"database","High","#46008B"
"247","Cytosolic DNA-sensing pathway.POLR1C","Novel.SNAPC2",900,"database","High","#46008B"
"248","Cytosolic DNA-sensing pathway.POLR1C","Novel.KAT2A",900,"database","High","#46008B"
"249","Cytosolic DNA-sensing pathway.POLR3B","Novel.GTF3C5",900,"database","High","#46008B"
"250","Cytosolic DNA-sensing pathway.POLR3B","Novel.AK9",900,"database","High","#46008B"
"251","Cytosolic DNA-sensing pathway.POLR3B","Novel.ADCY2",900,"database","High","#46008B"
"252","Cytosolic DNA-sensing pathway.POLR3B","Novel.GCH1",800,"database","High","#46008B"
"253","Cytosolic DNA-sensing pathway.POLR3B","Novel.ADCY7",900,"database","High","#46008B"
"254","Cytosolic DNA-sensing pathway.POLR3B","Novel.ADCY3",900,"database","High","#46008B"
"255","Cytosolic DNA-sensing pathway.POLR3B","Novel.ADCY8",900,"database","High","#46008B"
"256","Cytosolic DNA-sensing pathway.POLR3B","Novel.ADCY9",900,"database","High","#46008B"
"257","Cytosolic DNA-sensing pathway.POLR3B","Novel.ADCY6",900,"database","High","#46008B"
"258","Cytosolic DNA-sensing pathway.POLR3B","Novel.ADCY5",900,"database","High","#46008B"
"259","Cytosolic DNA-sensing pathway.POLR3B","Novel.GUCY2F",900,"database","High","#46008B"
"260","Cytosolic DNA-sensing pathway.POLR3B","Novel.ENTPD1",900,"database","High","#46008B"
"261","Cytosolic DNA-sensing pathway.POLR3B","Novel.ENTPD8",900,"database","High","#46008B"
"262","Cytosolic DNA-sensing pathway.POLR3B","Novel.GUCY2C",900,"database","High","#46008B"
"263","Cytosolic DNA-sensing pathway.POLR3B","Novel.NPR2",900,"database","High","#46008B"
"264","Cytosolic DNA-sensing pathway.POLR3B","Novel.GTF3C2",900,"database","High","#46008B"
"265","Cytosolic DNA-sensing pathway.POLR3B","Novel.BRF2",900,"database","High","#46008B"
"266","Cytosolic DNA-sensing pathway.POLR3B","Novel.GUCY1A2",900,"database","High","#46008B"
"267","Cytosolic DNA-sensing pathway.POLR3B","Novel.ADCY10",900,"database","High","#46008B"
"268","Cytosolic DNA-sensing pathway.POLR3B","Novel.PPP1CA",615,"experimental","High","#46008B"
"269","Cytosolic DNA-sensing pathway.POLR3B","Novel.SMARCA5",774,"experimental","High","#46008B"
"270","Cytosolic DNA-sensing pathway.POLR3B","Novel.POLR1A",774,"experimental","High","#46008B"
"271","Cytosolic DNA-sensing pathway.POLR3B","Novel.PKM",900,"database","High","#46008B"
"272","Cytosolic DNA-sensing pathway.POLR3B","Novel.SNAPC2",900,"database","High","#46008B"
"273","Cytosolic DNA-sensing pathway.POLR3B","Novel.MRPL17",417,"experimental","High","#46008B"
"274","Cytosolic DNA-sensing pathway.POLR3B","Novel.SNAPC1",900,"database","High","#46008B"
"275","Cytosolic DNA-sensing pathway.POLR3B","Novel.GPN3",774,"experimental","High","#46008B"
"276","Cytosolic DNA-sensing pathway.POLR3B","Novel.RRS1",417,"experimental","High","#46008B"
"277","Cytosolic DNA-sensing pathway.POLR3B","Novel.GTF3C1",900,"database","High","#46008B"
"278","Cytosolic DNA-sensing pathway.POLR3C","Novel.GTF3C1",900,"database","High","#46008B"
"279","Cytosolic DNA-sensing pathway.POLR3C","Novel.GTF3C5",900,"database","High","#46008B"
"280","Cytosolic DNA-sensing pathway.POLR3C","Novel.AK9",900,"database","High","#46008B"
"281","Cytosolic DNA-sensing pathway.POLR3C","Novel.ADCY2",900,"database","High","#46008B"
"282","Cytosolic DNA-sensing pathway.POLR3C","Novel.GCH1",800,"database","High","#46008B"
"283","Cytosolic DNA-sensing pathway.POLR3C","Novel.ADCY7",900,"database","High","#46008B"
"284","Cytosolic DNA-sensing pathway.POLR3C","Novel.ADCY3",900,"database","High","#46008B"
"285","Cytosolic DNA-sensing pathway.POLR3C","Novel.ADCY8",900,"database","High","#46008B"
"286","Cytosolic DNA-sensing pathway.POLR3C","Novel.ADCY9",900,"database","High","#46008B"
"287","Cytosolic DNA-sensing pathway.POLR3C","Novel.ADCY6",900,"database","High","#46008B"
"288","Cytosolic DNA-sensing pathway.POLR3C","Novel.ADCY5",900,"database","High","#46008B"
"289","Cytosolic DNA-sensing pathway.POLR3C","Novel.GUCY2F",900,"database","High","#46008B"
"290","Cytosolic DNA-sensing pathway.POLR3C","Novel.ENTPD1",900,"database","High","#46008B"
"291","Cytosolic DNA-sensing pathway.POLR3C","Novel.ENTPD8",900,"database","High","#46008B"
"292","Cytosolic DNA-sensing pathway.POLR3C","Novel.GUCY2C",900,"database","High","#46008B"
"293","Cytosolic DNA-sensing pathway.POLR3C","Novel.NPR2",900,"database","High","#46008B"
"294","Cytosolic DNA-sensing pathway.POLR3C","Novel.GTF3C2",900,"database","High","#46008B"
"295","Cytosolic DNA-sensing pathway.POLR3C","Novel.BRF2",900,"database","High","#46008B"
"296","Cytosolic DNA-sensing pathway.POLR3C","Novel.GUCY1A2",900,"database","High","#46008B"
"297","Cytosolic DNA-sensing pathway.POLR3C","Novel.ADCY10",900,"database","High","#46008B"
"298","Cytosolic DNA-sensing pathway.POLR3C","Novel.POLR1A",774,"experimental","High","#46008B"
"299","Cytosolic DNA-sensing pathway.POLR3C","Novel.PKM",900,"database","High","#46008B"
"300","Cytosolic DNA-sensing pathway.POLR3C","Novel.SNAPC2",900,"database","High","#46008B"
"301","Cytosolic DNA-sensing pathway.POLR3C","Novel.SNAPC1",900,"database","High","#46008B"
"302","Cytosolic DNA-sensing pathway.POLR3D","Novel.GTF3C1",900,"database","High","#46008B"
"303","Cytosolic DNA-sensing pathway.POLR3D","Novel.GTF3C5",900,"database","High","#46008B"
"304","Cytosolic DNA-sensing pathway.POLR3D","Novel.AK9",900,"database","High","#46008B"
"305","Cytosolic DNA-sensing pathway.POLR3D","Novel.ADCY2",900,"database","High","#46008B"
"306","Cytosolic DNA-sensing pathway.POLR3D","Novel.GCH1",800,"database","High","#46008B"
"307","Cytosolic DNA-sensing pathway.POLR3D","Novel.ADCY7",900,"database","High","#46008B"
"308","Cytosolic DNA-sensing pathway.POLR3D","Novel.ADCY3",900,"database","High","#46008B"
"309","Cytosolic DNA-sensing pathway.POLR3D","Novel.ADCY8",900,"database","High","#46008B"
"310","Cytosolic DNA-sensing pathway.POLR3D","Novel.ADCY9",900,"database","High","#46008B"
"311","Cytosolic DNA-sensing pathway.POLR3D","Novel.ADCY6",900,"database","High","#46008B"
"312","Cytosolic DNA-sensing pathway.POLR3D","Novel.ADCY5",900,"database","High","#46008B"
"313","Cytosolic DNA-sensing pathway.POLR3D","Novel.GUCY2F",900,"database","High","#46008B"
"314","Cytosolic DNA-sensing pathway.POLR3D","Novel.ENTPD1",900,"database","High","#46008B"
"315","Cytosolic DNA-sensing pathway.POLR3D","Novel.ENTPD8",900,"database","High","#46008B"
"316","Cytosolic DNA-sensing pathway.POLR3D","Novel.GUCY2C",900,"database","High","#46008B"
"317","Cytosolic DNA-sensing pathway.POLR3D","Novel.NPR2",900,"database","High","#46008B"
"318","Cytosolic DNA-sensing pathway.POLR3D","Novel.GTF3C2",900,"database","High","#46008B"
"319","Cytosolic DNA-sensing pathway.POLR3D","Novel.BRF2",900,"database","High","#46008B"
"320","Cytosolic DNA-sensing pathway.POLR3D","Novel.GUCY1A2",900,"database","High","#46008B"
"321","Cytosolic DNA-sensing pathway.POLR3D","Novel.ADCY10",900,"database","High","#46008B"
"322","Cytosolic DNA-sensing pathway.POLR3D","Novel.PKM",900,"database","High","#46008B"
"323","Cytosolic DNA-sensing pathway.POLR3D","Novel.SNAPC2",900,"database","High","#46008B"
"324","Cytosolic DNA-sensing pathway.POLR3D","Novel.SNAPC1",900,"database","High","#46008B"
"325","Cytosolic DNA-sensing pathway.POLR3D","Novel.GPN3",774,"experimental","High","#46008B"
"326","Cytosolic DNA-sensing pathway.POLR3E","Novel.GTF3C1",900,"database","High","#46008B"
"327","Cytosolic DNA-sensing pathway.POLR3E","Novel.GTF3C5",900,"database","High","#46008B"
"328","Cytosolic DNA-sensing pathway.POLR3E","Novel.AK9",900,"database","High","#46008B"
"329","Cytosolic DNA-sensing pathway.POLR3E","Novel.ADCY2",900,"database","High","#46008B"
"330","Cytosolic DNA-sensing pathway.POLR3E","Novel.GCH1",800,"database","High","#46008B"
"331","Cytosolic DNA-sensing pathway.POLR3E","Novel.ADCY7",900,"database","High","#46008B"
"332","Cytosolic DNA-sensing pathway.POLR3E","Novel.ADCY3",900,"database","High","#46008B"
"333","Cytosolic DNA-sensing pathway.POLR3E","Novel.ADCY8",900,"database","High","#46008B"
"334","Cytosolic DNA-sensing pathway.POLR3E","Novel.ADCY9",900,"database","High","#46008B"
"335","Cytosolic DNA-sensing pathway.POLR3E","Novel.ADCY6",900,"database","High","#46008B"
"336","Cytosolic DNA-sensing pathway.POLR3E","Novel.ADCY5",900,"database","High","#46008B"
"337","Cytosolic DNA-sensing pathway.POLR3E","Novel.GUCY2F",900,"database","High","#46008B"
"338","Cytosolic DNA-sensing pathway.POLR3E","Novel.ENTPD1",900,"database","High","#46008B"
"339","Cytosolic DNA-sensing pathway.POLR3E","Novel.ENTPD8",900,"database","High","#46008B"
"340","Cytosolic DNA-sensing pathway.POLR3E","Novel.GUCY2C",900,"database","High","#46008B"
"341","Cytosolic DNA-sensing pathway.POLR3E","Novel.NPR2",900,"database","High","#46008B"
"342","Cytosolic DNA-sensing pathway.POLR3E","Novel.GTF3C2",900,"database","High","#46008B"
"343","Cytosolic DNA-sensing pathway.POLR3E","Novel.BRF2",900,"database","High","#46008B"
"344","Cytosolic DNA-sensing pathway.POLR3E","Novel.GUCY1A2",900,"database","High","#46008B"
"345","Cytosolic DNA-sensing pathway.POLR3E","Novel.ADCY10",900,"database","High","#46008B"
"346","Cytosolic DNA-sensing pathway.POLR3E","Novel.PPP1CA",655,"experimental","High","#46008B"
"347","Cytosolic DNA-sensing pathway.POLR3E","Novel.PKM",900,"database","High","#46008B"
"348","Cytosolic DNA-sensing pathway.POLR3E","Novel.SNAPC2",900,"database","High","#46008B"
"349","Cytosolic DNA-sensing pathway.POLR3E","Novel.SNAPC1",900,"database","High","#46008B"
"350","Cytosolic DNA-sensing pathway.POLR3E","Novel.GPN3",774,"experimental","High","#46008B"
"351","Cytosolic DNA-sensing pathway.POLR3F","Novel.GTF3C1",900,"database","High","#46008B"
"352","Cytosolic DNA-sensing pathway.POLR3F","Novel.GTF3C5",900,"database","High","#46008B"
"353","Cytosolic DNA-sensing pathway.POLR3F","Novel.AK9",900,"database","High","#46008B"
"354","Cytosolic DNA-sensing pathway.POLR3F","Novel.ADCY2",900,"database","High","#46008B"
"355","Cytosolic DNA-sensing pathway.POLR3F","Novel.GCH1",800,"database","High","#46008B"
"356","Cytosolic DNA-sensing pathway.POLR3F","Novel.ADCY7",900,"database","High","#46008B"
"357","Cytosolic DNA-sensing pathway.POLR3F","Novel.ADCY3",900,"database","High","#46008B"
"358","Cytosolic DNA-sensing pathway.POLR3F","Novel.ADCY8",900,"database","High","#46008B"
"359","Cytosolic DNA-sensing pathway.POLR3F","Novel.ADCY9",900,"database","High","#46008B"
"360","Cytosolic DNA-sensing pathway.POLR3F","Novel.ADCY6",900,"database","High","#46008B"
"361","Cytosolic DNA-sensing pathway.POLR3F","Novel.ADCY5",900,"database","High","#46008B"
"362","Cytosolic DNA-sensing pathway.POLR3F","Novel.GUCY2F",900,"database","High","#46008B"
"363","Cytosolic DNA-sensing pathway.POLR3F","Novel.ENTPD1",900,"database","High","#46008B"
"364","Cytosolic DNA-sensing pathway.POLR3F","Novel.ENTPD8",900,"database","High","#46008B"
"365","Cytosolic DNA-sensing pathway.POLR3F","Novel.GUCY2C",900,"database","High","#46008B"
"366","Cytosolic DNA-sensing pathway.POLR3F","Novel.NPR2",900,"database","High","#46008B"
"367","Cytosolic DNA-sensing pathway.POLR3F","Novel.RBM28",774,"experimental","High","#46008B"
"368","Cytosolic DNA-sensing pathway.POLR3F","Novel.GTF3C2",900,"database","High","#46008B"
"369","Cytosolic DNA-sensing pathway.POLR3F","Novel.BRF2",900,"database","High","#46008B"
"370","Cytosolic DNA-sensing pathway.POLR3F","Novel.GUCY1A2",900,"database","High","#46008B"
"371","Cytosolic DNA-sensing pathway.POLR3F","Novel.ADCY10",900,"database","High","#46008B"
"372","Cytosolic DNA-sensing pathway.POLR3F","Novel.PKM",900,"database","High","#46008B"
"373","Cytosolic DNA-sensing pathway.POLR3F","Novel.SNAPC2",900,"database","High","#46008B"
"374","Cytosolic DNA-sensing pathway.POLR3F","Novel.NOP58",417,"experimental","High","#46008B"
"375","Cytosolic DNA-sensing pathway.POLR3F","Novel.SNAPC1",900,"database","High","#46008B"
"376","Cytosolic DNA-sensing pathway.PYCARD","Novel.CASP4",540,"database","High","#46008B"
"377","Cytosolic DNA-sensing pathway.PYCARD","Novel.NLRP6",540,"database","High","#46008B"
"378","Cytosolic DNA-sensing pathway.PYCARD","Novel.AKAP4",720,"database","High","#46008B"
"379","Cytosolic DNA-sensing pathway.PYCARD","Novel.CARD18",800,"database","High","#46008B"
"380","Cytosolic DNA-sensing pathway.PYCARD","Novel.CDK2",720,"database","High","#46008B"
"381","Cytosolic DNA-sensing pathway.PYCARD","Novel.TGFBR2",540,"database","High","#46008B"
"382","Cytosolic DNA-sensing pathway.PYCARD","Novel.CCNC",540,"database","High","#46008B"
"383","Cytosolic DNA-sensing pathway.PYCARD","Novel.CCNT1",720,"database","High","#46008B"
"384","Cytosolic DNA-sensing pathway.PYCARD","Novel.CCND1",720,"database","High","#46008B"
"385","Cytosolic DNA-sensing pathway.PYCARD","Novel.MNAT1",720,"database","High","#46008B"
"386","Cytosolic DNA-sensing pathway.PYCARD","Novel.ERCC3",720,"database","High","#46008B"
"387","Cytosolic DNA-sensing pathway.PYCARD","Novel.PHKG2",720,"database","High","#46008B"
"388","Cytosolic DNA-sensing pathway.PYCARD","Novel.PHKA2",720,"database","High","#46008B"
"389","Cytosolic DNA-sensing pathway.PYCARD","Novel.ERN1",720,"database","High","#46008B"
"390","Cytosolic DNA-sensing pathway.PYCARD","Novel.PRKAR1B",720,"database","High","#46008B"
"391","Cytosolic DNA-sensing pathway.PYCARD","Novel.CCNK",720,"database","High","#46008B"
"392","Cytosolic DNA-sensing pathway.RIPK3","Novel.MLKL",900,"database","High","#46008B"
"393","Cytosolic DNA-sensing pathway.RIPK3","Novel.FLNA",471,"experimental","High","#46008B"
"394","Cytosolic DNA-sensing pathway.RIPK3","Novel.BIRC3",900,"database","High","#46008B"
"395","Cytosolic DNA-sensing pathway.RIPK3","Novel.NFKB2",900,"database","High","#46008B"
"396","Cytosolic DNA-sensing pathway.RIPK3","Novel.BIRC2",900,"database","High","#46008B"
"397","Cytosolic DNA-sensing pathway.RIPK3","Novel.TNFRSF10B",900,"database","High","#46008B"
"398","Cytosolic DNA-sensing pathway.RIPK3","Novel.TNFSF10",900,"database","High","#46008B"
"399","Cytosolic DNA-sensing pathway.ZBP1","Novel.DTX4",900,"database","High","#46008B"
"400","Cytosolic DNA-sensing pathway.ZBP1","Novel.NFKB2",900,"database","High","#46008B"
"401","Novel.ABCF2","Cytosolic DNA-sensing pathway.POLR1C",417,"experimental","High","#00238B"
"402","Novel.ALDH1A2","Tyrosine metabolism.ADH5",900,"database","High","#00238B"
"403","Novel.ALDH1A2","Tyrosine metabolism.ADH1A",900,"database","High","#00238B"
"404","Novel.ALDH1A2","Tyrosine metabolism.ADH6",900,"database","High","#00238B"
"405","Novel.ALDH1A2","Tyrosine metabolism.ADH7",900,"database","High","#00238B"
"406","Novel.ASPA","Tyrosine metabolism.GOT1",900,"database","High","#00238B"
"407","Novel.ASS1","Tyrosine metabolism.GOT1",900,"database","High","#00238B"
"408","Novel.BIRC2","Cytosolic DNA-sensing pathway.RIPK3",900,"database","High","#00238B"
"409","Novel.BIRC3","Cytosolic DNA-sensing pathway.NFKBIA",900,"database","High","#00238B"
"410","Novel.BIRC3","Cytosolic DNA-sensing pathway.RIPK3",900,"database","High","#00238B"
"411","Novel.BTRC","Cytosolic DNA-sensing pathway.NFKBIA",900,"database","High","#00238B"
"412","Novel.CAD","Tyrosine metabolism.GOT1",900,"database","High","#00238B"
"413","Novel.CASP4","Cytosolic DNA-sensing pathway.AIM2",540,"database","High","#00238B"
"414","Novel.CASP4","Cytosolic DNA-sensing pathway.PYCARD",540,"database","High","#00238B"
"415","Novel.CCNC","Cytosolic DNA-sensing pathway.PYCARD",540,"database","High","#00238B"
"416","Novel.CCND1","Cytosolic DNA-sensing pathway.PYCARD",720,"database","High","#00238B"
"417","Novel.CCNK","Cytosolic DNA-sensing pathway.PYCARD",720,"database","High","#00238B"
"418","Novel.CCNT1","Cytosolic DNA-sensing pathway.PYCARD",720,"database","High","#00238B"
"419","Novel.CDK2","Cytosolic DNA-sensing pathway.PYCARD",720,"database","High","#00238B"
"420","Novel.CNDP2","Tyrosine metabolism.ALDH3B2",900,"database","High","#00238B"
"421","Novel.CNDP2","Tyrosine metabolism.ALDH3A1",900,"database","High","#00238B"
"422","Novel.CYP26A1","Tyrosine metabolism.ADH1A",900,"database","High","#00238B"
"423","Novel.CYP26A1","Tyrosine metabolism.ADH6",900,"database","High","#00238B"
"424","Novel.CYP26A1","Tyrosine metabolism.ADH7",900,"database","High","#00238B"
"425","Novel.CYP26A1","Tyrosine metabolism.ADH5",900,"database","High","#00238B"
"426","Novel.DKC1","Cytosolic DNA-sensing pathway.POLR1C",503,"experimental","High","#00238B"
"427","Novel.EPOR","Cytosolic DNA-sensing pathway.IFNA4",800,"database","High","#00238B"
"428","Novel.EPOR","Cytosolic DNA-sensing pathway.IFNA6",800,"database","High","#00238B"
"429","Novel.EPOR","Cytosolic DNA-sensing pathway.IFNA1",800,"database","High","#00238B"
"430","Novel.EPOR","Cytosolic DNA-sensing pathway.IFNA10",800,"database","High","#00238B"
"431","Novel.ERCC3","Cytosolic DNA-sensing pathway.PYCARD",720,"database","High","#00238B"
"432","Novel.ERCC3","Cytosolic DNA-sensing pathway.POLR1C",900,"database","High","#00238B"
"433","Novel.ERN1","Cytosolic DNA-sensing pathway.PYCARD",720,"database","High","#00238B"
"434","Novel.FLNA","Cytosolic DNA-sensing pathway.RIPK3",471,"experimental","High","#00238B"
"435","Novel.FOS","Tyrosine metabolism.TH",900,"database","High","#00238B"
"436","Novel.GAD1","Tyrosine metabolism.ALDH3B2",900,"database","High","#00238B"
"437","Novel.GAD1","Tyrosine metabolism.ALDH3A1",900,"database","High","#00238B"
"438","Novel.GAD1","Tyrosine metabolism.GOT1",800,"database","High","#00238B"
"439","Novel.GHR","Cytosolic DNA-sensing pathway.IFNA4",800,"database","High","#00238B"
"440","Novel.GHR","Cytosolic DNA-sensing pathway.IFNA6",800,"database","High","#00238B"
"441","Novel.GHR","Cytosolic DNA-sensing pathway.IFNA1",800,"database","High","#00238B"
"442","Novel.GHR","Cytosolic DNA-sensing pathway.IFNA10",800,"database","High","#00238B"
"443","Novel.GLO1","Tyrosine metabolism.MAOB",800,"database","High","#00238B"
"444","Novel.GLO1","Tyrosine metabolism.AOC2",800,"database","High","#00238B"
"445","Novel.GLO1","Tyrosine metabolism.AOC3",800,"database","High","#00238B"
"446","Novel.GPN3","Cytosolic DNA-sensing pathway.POLR3D",774,"experimental","High","#00238B"
"447","Novel.GPN3","Cytosolic DNA-sensing pathway.POLR3E",774,"experimental","High","#00238B"
"448","Novel.GPN3","Cytosolic DNA-sensing pathway.POLR3B",774,"experimental","High","#00238B"
"449","Novel.GPN3","Cytosolic DNA-sensing pathway.POLR1C",774,"experimental","High","#00238B"
"450","Novel.GRHPR","Tyrosine metabolism.MAOB",800,"database","High","#00238B"
"451","Novel.GRHPR","Tyrosine metabolism.AOC2",800,"database","High","#00238B"
"452","Novel.GRHPR","Tyrosine metabolism.AOC3",800,"database","High","#00238B"
"453","Novel.GSTA5","Tyrosine metabolism.ADH1A",900,"database","High","#00238B"
"454","Novel.GSTA5","Tyrosine metabolism.ALDH3A1",900,"database","High","#00238B"
"455","Novel.GSTA5","Tyrosine metabolism.ADH6",900,"database","High","#00238B"
"456","Novel.GSTA5","Tyrosine metabolism.ADH7",900,"database","High","#00238B"
"457","Novel.GSTA5","Tyrosine metabolism.ADH5",900,"database","High","#00238B"
"458","Novel.GSTA5","Tyrosine metabolism.ALDH3B2",900,"database","High","#00238B"
"459","Novel.GSTK1","Tyrosine metabolism.ADH5",900,"database","High","#00238B"
"460","Novel.GSTK1","Tyrosine metabolism.ALDH3B2",900,"database","High","#00238B"
"461","Novel.GSTK1","Tyrosine metabolism.ADH1A",900,"database","High","#00238B"
"462","Novel.GSTK1","Tyrosine metabolism.ALDH3A1",900,"database","High","#00238B"
"463","Novel.GSTK1","Tyrosine metabolism.ADH6",900,"database","High","#00238B"
"464","Novel.GSTK1","Tyrosine metabolism.ADH7",900,"database","High","#00238B"
"465","Novel.GTF2B","Cytosolic DNA-sensing pathway.IRF3",900,"database","High","#00238B"
"466","Novel.GTF2B","Cytosolic DNA-sensing pathway.IRF7",900,"database","High","#00238B"
"467","Novel.GTF2F1","Cytosolic DNA-sensing pathway.IRF3",900,"database","High","#00238B"
"468","Novel.GTF2F1","Cytosolic DNA-sensing pathway.IRF7",900,"database","High","#00238B"
"469","Novel.GTF3C1","Cytosolic DNA-sensing pathway.POLR3B",900,"database","High","#00238B"
"470","Novel.GTF3C1","Cytosolic DNA-sensing pathway.POLR1C",900,"database","High","#00238B"
"471","Novel.GTF3C1","Cytosolic DNA-sensing pathway.POLR3F",900,"database","High","#00238B"
"472","Novel.GTF3C1","Cytosolic DNA-sensing pathway.POLR3D",900,"database","High","#00238B"
"473","Novel.GTF3C1","Cytosolic DNA-sensing pathway.POLR3E",900,"database","High","#00238B"
"474","Novel.GTF3C1","Cytosolic DNA-sensing pathway.POLR3C",900,"database","High","#00238B"
"475","Novel.HLA-A","Cytosolic DNA-sensing pathway.IRF7",900,"database","High","#00238B"
"476","Novel.HLA-A","Cytosolic DNA-sensing pathway.IRF3",900,"database","High","#00238B"
"477","Novel.HNRNPU","Cytosolic DNA-sensing pathway.NFKBIA",415,"experimental","High","#00238B"
"478","Novel.IFI35","Cytosolic DNA-sensing pathway.IRF7",900,"database","High","#00238B"
"479","Novel.IFI35","Cytosolic DNA-sensing pathway.IRF3",900,"database","High","#00238B"
"480","Novel.IFIT1","Cytosolic DNA-sensing pathway.IRF7",900,"database","High","#00238B"
"481","Novel.IFIT1","Cytosolic DNA-sensing pathway.IFNA6",774,"experimental","High","#00238B"
"482","Novel.IFIT1","Cytosolic DNA-sensing pathway.IRF3",900,"database","High","#00238B"
"483","Novel.IFNAR1","Cytosolic DNA-sensing pathway.IFNA4",900,"database","High","#00238B"
"484","Novel.IFNAR1","Cytosolic DNA-sensing pathway.IFNA6",900,"database","High","#00238B"
"485","Novel.IFNAR1","Cytosolic DNA-sensing pathway.IFNA1",800,"database","High","#00238B"
"486","Novel.IFNAR1","Cytosolic DNA-sensing pathway.IFNA10",900,"database","High","#00238B"
"487","Novel.IFNAR2","Cytosolic DNA-sensing pathway.IFNA4",900,"database","High","#00238B"
"488","Novel.IFNAR2","Cytosolic DNA-sensing pathway.IFNA6",900,"database","High","#00238B"
"489","Novel.IFNAR2","Cytosolic DNA-sensing pathway.IFNA1",800,"database","High","#00238B"
"490","Novel.IFNAR2","Cytosolic DNA-sensing pathway.IFNA10",900,"database","High","#00238B"
"491","Novel.IFNG","Cytosolic DNA-sensing pathway.IFNA6",900,"database","High","#00238B"
"492","Novel.IFNG","Cytosolic DNA-sensing pathway.IFNA10",900,"database","High","#00238B"
"493","Novel.IFNG","Cytosolic DNA-sensing pathway.IFNA4",900,"database","High","#00238B"
"494","Novel.IFNLR1","Cytosolic DNA-sensing pathway.IFNA4",800,"database","High","#00238B"
"495","Novel.IFNLR1","Cytosolic DNA-sensing pathway.IFNA6",800,"database","High","#00238B"
"496","Novel.IFNLR1","Cytosolic DNA-sensing pathway.IFNA1",800,"database","High","#00238B"
"497","Novel.IFNLR1","Cytosolic DNA-sensing pathway.IFNA10",800,"database","High","#00238B"
"498","Novel.IL13RA1","Cytosolic DNA-sensing pathway.IFNA4",800,"database","High","#00238B"
"499","Novel.IL13RA1","Cytosolic DNA-sensing pathway.IFNA6",800,"database","High","#00238B"
"500","Novel.IL13RA1","Cytosolic DNA-sensing pathway.IFNA1",800,"database","High","#00238B"
"501","Novel.IL13RA1","Cytosolic DNA-sensing pathway.IFNA10",800,"database","High","#00238B"
"502","Novel.IL22RA1","Cytosolic DNA-sensing pathway.IFNA4",800,"database","High","#00238B"
"503","Novel.IL22RA1","Cytosolic DNA-sensing pathway.IFNA6",800,"database","High","#00238B"
"504","Novel.IL22RA1","Cytosolic DNA-sensing pathway.IFNA1",800,"database","High","#00238B"
"505","Novel.IL22RA1","Cytosolic DNA-sensing pathway.IFNA10",800,"database","High","#00238B"
"506","Novel.IL2RA","Cytosolic DNA-sensing pathway.IFNA4",800,"database","High","#00238B"
"507","Novel.IL2RA","Cytosolic DNA-sensing pathway.IFNA6",800,"database","High","#00238B"
"508","Novel.IL2RA","Cytosolic DNA-sensing pathway.IFNA1",800,"database","High","#00238B"
"509","Novel.IL2RA","Cytosolic DNA-sensing pathway.IFNA10",800,"database","High","#00238B"
"510","Novel.IL2RG","Cytosolic DNA-sensing pathway.IFNA4",800,"database","High","#00238B"
"511","Novel.IL2RG","Cytosolic DNA-sensing pathway.IFNA6",800,"database","High","#00238B"
"512","Novel.IL2RG","Cytosolic DNA-sensing pathway.IFNA1",800,"database","High","#00238B"
"513","Novel.IL2RG","Cytosolic DNA-sensing pathway.IFNA10",800,"database","High","#00238B"
"514","Novel.IL4R","Cytosolic DNA-sensing pathway.IFNA4",800,"database","High","#00238B"
"515","Novel.IL4R","Cytosolic DNA-sensing pathway.IFNA6",800,"database","High","#00238B"
"516","Novel.IL4R","Cytosolic DNA-sensing pathway.IFNA1",800,"database","High","#00238B"
"517","Novel.IL4R","Cytosolic DNA-sensing pathway.IFNA10",800,"database","High","#00238B"
"518","Novel.IL5RA","Cytosolic DNA-sensing pathway.IFNA4",800,"database","High","#00238B"
"519","Novel.IL5RA","Cytosolic DNA-sensing pathway.IFNA6",800,"database","High","#00238B"
"520","Novel.IL5RA","Cytosolic DNA-sensing pathway.IFNA1",800,"database","High","#00238B"
"521","Novel.IL5RA","Cytosolic DNA-sensing pathway.IFNA10",800,"database","High","#00238B"
"522","Novel.KAT2A","Cytosolic DNA-sensing pathway.POLR1C",900,"database","High","#00238B"
"523","Novel.MAPK11","Tyrosine metabolism.TH",900,"database","High","#00238B"
"524","Novel.MAPK14","Cytosolic DNA-sensing pathway.NFKBIA",900,"database","High","#00238B"
"525","Novel.MAPK14","Tyrosine metabolism.TH",900,"database","High","#00238B"
"526","Novel.MGST3","Tyrosine metabolism.ADH5",900,"database","High","#00238B"
"527","Novel.MGST3","Tyrosine metabolism.ALDH3B2",900,"database","High","#00238B"
"528","Novel.MGST3","Tyrosine metabolism.ADH1A",900,"database","High","#00238B"
"529","Novel.MGST3","Tyrosine metabolism.ALDH3A1",900,"database","High","#00238B"
"530","Novel.MGST3","Tyrosine metabolism.ADH6",900,"database","High","#00238B"
"531","Novel.MGST3","Tyrosine metabolism.ADH7",900,"database","High","#00238B"
"532","Novel.MID1","Cytosolic DNA-sensing pathway.IRF7",900,"database","High","#00238B"
"533","Novel.MID1","Cytosolic DNA-sensing pathway.IRF3",900,"database","High","#00238B"
"534","Novel.MNAT1","Cytosolic DNA-sensing pathway.PYCARD",720,"database","High","#00238B"
"535","Novel.MNAT1","Cytosolic DNA-sensing pathway.POLR1C",900,"database","High","#00238B"
"536","Novel.MRPL17","Cytosolic DNA-sensing pathway.POLR3B",417,"experimental","High","#00238B"
"537","Novel.MTOR","Cytosolic DNA-sensing pathway.NFKBIA",774,"experimental","High","#00238B"
"538","Novel.MX1","Cytosolic DNA-sensing pathway.IRF7",900,"database","High","#00238B"
"539","Novel.MX1","Cytosolic DNA-sensing pathway.IRF3",900,"database","High","#00238B"
"540","Novel.MYBBP1A","Cytosolic DNA-sensing pathway.POLR1C",900,"database","High","#00238B"
"541","Novel.NCL","Cytosolic DNA-sensing pathway.POLR1C",417,"experimental","High","#00238B"
"542","Novel.NFKB2","Cytosolic DNA-sensing pathway.NFKBIA",900,"database","High","#00238B"
"543","Novel.NFKB2","Cytosolic DNA-sensing pathway.RIPK3",900,"database","High","#00238B"
"544","Novel.NFKB2","Cytosolic DNA-sensing pathway.ZBP1",900,"database","High","#00238B"
"545","Novel.NLRP6","Cytosolic DNA-sensing pathway.AIM2",540,"database","High","#00238B"
"546","Novel.NLRP6","Cytosolic DNA-sensing pathway.PYCARD",540,"database","High","#00238B"
"547","Novel.NOP58","Cytosolic DNA-sensing pathway.POLR3F",417,"experimental","High","#00238B"
"548","Novel.NR3C1","Cytosolic DNA-sensing pathway.IRF7",900,"database","High","#00238B"
"549","Novel.NR3C1","Cytosolic DNA-sensing pathway.IRF3",900,"database","High","#00238B"
"550","Novel.NSUN5","Cytosolic DNA-sensing pathway.POLR1C",417,"experimental","High","#00238B"
"551","Novel.OBSL1","Tyrosine metabolism.ALDH3B2",774,"experimental","High","#00238B"
"552","Novel.OSMR","Cytosolic DNA-sensing pathway.IFNA4",800,"database","High","#00238B"
"553","Novel.OSMR","Cytosolic DNA-sensing pathway.IFNA6",800,"database","High","#00238B"
"554","Novel.OSMR","Cytosolic DNA-sensing pathway.IFNA1",800,"database","High","#00238B"
"555","Novel.OSMR","Cytosolic DNA-sensing pathway.IFNA10",800,"database","High","#00238B"
"556","Novel.PHGDH","Tyrosine metabolism.GOT1",417,"experimental","High","#00238B"
"557","Novel.PHGDH","Tyrosine metabolism.ADH5",417,"experimental","High","#00238B"
"558","Novel.PHKA2","Cytosolic DNA-sensing pathway.PYCARD",720,"database","High","#00238B"
"559","Novel.PHKG2","Cytosolic DNA-sensing pathway.PYCARD",720,"database","High","#00238B"
"560","Novel.PKM","Cytosolic DNA-sensing pathway.POLR1C",900,"database","High","#00238B"
"561","Novel.PKM","Cytosolic DNA-sensing pathway.POLR3F",900,"database","High","#00238B"
"562","Novel.PKM","Cytosolic DNA-sensing pathway.POLR3D",900,"database","High","#00238B"
"563","Novel.PKM","Cytosolic DNA-sensing pathway.POLR3E",900,"database","High","#00238B"
"564","Novel.PKM","Cytosolic DNA-sensing pathway.POLR3C",900,"database","High","#00238B"
"565","Novel.PKM","Cytosolic DNA-sensing pathway.POLR3B",900,"database","High","#00238B"
"566","Novel.PML","Cytosolic DNA-sensing pathway.IRF3",900,"database","High","#00238B"
"567","Novel.PML","Cytosolic DNA-sensing pathway.IRF7",900,"database","High","#00238B"
"568","Novel.POLR1A","Cytosolic DNA-sensing pathway.POLR1C",900,"database","High","#00238B"
"569","Novel.POLR1A","Cytosolic DNA-sensing pathway.POLR3C",774,"experimental","High","#00238B"
"570","Novel.POLR1A","Cytosolic DNA-sensing pathway.POLR3B",774,"experimental","High","#00238B"
"571","Novel.PPP1CA","Cytosolic DNA-sensing pathway.POLR3E",655,"experimental","High","#00238B"
"572","Novel.PPP1CA","Cytosolic DNA-sensing pathway.POLR3B",615,"experimental","High","#00238B"
"573","Novel.PPP2R5D","Tyrosine metabolism.TH",900,"database","High","#00238B"
"574","Novel.PRDX1","Cytosolic DNA-sensing pathway.IRF3",449,"experimental","High","#00238B"
"575","Novel.PRKAR1B","Cytosolic DNA-sensing pathway.PYCARD",720,"database","High","#00238B"
"576","Novel.PRKDC","Cytosolic DNA-sensing pathway.IRF3",900,"database","High","#00238B"
"577","Novel.PSMA8","Cytosolic DNA-sensing pathway.NFKBIA",900,"database","High","#00238B"
"578","Novel.PSMB10","Cytosolic DNA-sensing pathway.NFKBIA",900,"database","High","#00238B"
"579","Novel.PSMD4","Cytosolic DNA-sensing pathway.NFKBIA",900,"database","High","#00238B"
"580","Novel.PSMD5","Cytosolic DNA-sensing pathway.NFKBIA",900,"database","High","#00238B"
"581","Novel.PTPN1","Cytosolic DNA-sensing pathway.IFNA4",900,"database","High","#00238B"
"582","Novel.PTPN1","Cytosolic DNA-sensing pathway.IFNA6",900,"database","High","#00238B"
"583","Novel.PTPN1","Cytosolic DNA-sensing pathway.IFNA10",900,"database","High","#00238B"
"584","Novel.REL","Cytosolic DNA-sensing pathway.NFKBIA",900,"database","High","#00238B"
"585","Novel.RIPK2","Cytosolic DNA-sensing pathway.MAVS",597,"experimental","High","#00238B"
"586","Novel.RPL13A","Cytosolic DNA-sensing pathway.POLR1C",417,"experimental","High","#00238B"
"587","Novel.RRS1","Cytosolic DNA-sensing pathway.POLR3B",417,"experimental","High","#00238B"
"588","Novel.RUVBL1","Cytosolic DNA-sensing pathway.POLR1C",417,"experimental","High","#00238B"
"589","Novel.SIKE1","Cytosolic DNA-sensing pathway.IRF7",900,"database","High","#00238B"
"590","Novel.SIKE1","Cytosolic DNA-sensing pathway.IRF3",900,"database","High","#00238B"
"591","Novel.SIKE1","Cytosolic DNA-sensing pathway.MAVS",900,"database","High","#00238B"
"592","Novel.SMARCA5","Cytosolic DNA-sensing pathway.POLR1C",900,"database","High","#00238B"
"593","Novel.SMARCA5","Cytosolic DNA-sensing pathway.POLR3B",774,"experimental","High","#00238B"
"594","Novel.SMARCC1","Cytosolic DNA-sensing pathway.IRF3",900,"database","High","#00238B"
"595","Novel.SMARCC1","Cytosolic DNA-sensing pathway.IRF7",900,"database","High","#00238B"
"596","Novel.SMARCC2","Cytosolic DNA-sensing pathway.IRF3",900,"database","High","#00238B"
"597","Novel.SMARCC2","Cytosolic DNA-sensing pathway.IRF7",900,"database","High","#00238B"
"598","Novel.SMOX","Tyrosine metabolism.AOC3",900,"database","High","#00238B"
"599","Novel.SMOX","Tyrosine metabolism.ALDH3B2",900,"database","High","#00238B"
"600","Novel.SMOX","Tyrosine metabolism.ALDH3A1",900,"database","High","#00238B"
"601","Novel.SMOX","Tyrosine metabolism.AOC2",900,"database","High","#00238B"
"602","Novel.SNAPC1","Cytosolic DNA-sensing pathway.POLR3F",900,"database","High","#00238B"
"603","Novel.SNAPC1","Cytosolic DNA-sensing pathway.POLR3D",900,"database","High","#00238B"
"604","Novel.SNAPC1","Cytosolic DNA-sensing pathway.POLR3E",900,"database","High","#00238B"
"605","Novel.SNAPC1","Cytosolic DNA-sensing pathway.POLR3C",900,"database","High","#00238B"
"606","Novel.SNAPC1","Cytosolic DNA-sensing pathway.POLR3B",900,"database","High","#00238B"
"607","Novel.SNAPC1","Cytosolic DNA-sensing pathway.POLR1C",900,"database","High","#00238B"
"608","Novel.SNAPC2","Cytosolic DNA-sensing pathway.POLR1C",900,"database","High","#00238B"
"609","Novel.SNAPC2","Cytosolic DNA-sensing pathway.POLR3F",900,"database","High","#00238B"
"610","Novel.SNAPC2","Cytosolic DNA-sensing pathway.POLR3D",900,"database","High","#00238B"
"611","Novel.SNAPC2","Cytosolic DNA-sensing pathway.POLR3E",900,"database","High","#00238B"
"612","Novel.SNAPC2","Cytosolic DNA-sensing pathway.POLR3C",900,"database","High","#00238B"
"613","Novel.SNAPC2","Cytosolic DNA-sensing pathway.POLR3B",900,"database","High","#00238B"
"614","Novel.SQSTM1","Cytosolic DNA-sensing pathway.NFKBIA",900,"database","High","#00238B"
"615","Novel.TALDO1","Tyrosine metabolism.GOT1",417,"experimental","High","#00238B"
"616","Novel.TANK","Cytosolic DNA-sensing pathway.IRF7",900,"database","High","#00238B"
"617","Novel.TANK","Cytosolic DNA-sensing pathway.IRF3",900,"database","High","#00238B"
"618","Novel.TANK","Cytosolic DNA-sensing pathway.MAVS",900,"database","High","#00238B"
"619","Novel.TGFBR2","Cytosolic DNA-sensing pathway.PYCARD",540,"database","High","#00238B"
"620","Novel.TNFRSF10B","Cytosolic DNA-sensing pathway.RIPK3",900,"database","High","#00238B"
"621","Novel.TNFSF10","Cytosolic DNA-sensing pathway.RIPK3",900,"database","High","#00238B"
"622","Novel.UBE2D1","Cytosolic DNA-sensing pathway.NFKBIA",900,"database","High","#00238B"
"623","Novel.UBE2D2","Cytosolic DNA-sensing pathway.NFKBIA",900,"database","High","#00238B"
"624","Novel.UFM1","Tyrosine metabolism.GOT1",417,"experimental","High","#00238B"
"625","Novel.UGT1A10","Tyrosine metabolism.ADH1A",900,"database","High","#00238B"
"626","Novel.UGT1A10","Tyrosine metabolism.ADH6",900,"database","High","#00238B"
"627","Novel.UGT1A10","Tyrosine metabolism.ADH7",900,"database","High","#00238B"
"628","Novel.UGT1A10","Tyrosine metabolism.COMT",900,"database","High","#00238B"
"629","Novel.UGT1A10","Tyrosine metabolism.ADH5",900,"database","High","#00238B"
"630","Novel.UGT1A6","Tyrosine metabolism.ADH1A",900,"database","High","#00238B"
"631","Novel.UGT1A6","Tyrosine metabolism.ADH6",900,"database","High","#00238B"
"632","Novel.UGT1A6","Tyrosine metabolism.ADH7",900,"database","High","#00238B"
"633","Novel.UGT1A6","Tyrosine metabolism.COMT",900,"database","High","#00238B"
"634","Novel.UGT1A6","Tyrosine metabolism.ADH5",900,"database","High","#00238B"
"635","Novel.UGT2B11","Tyrosine metabolism.ADH1A",900,"database","High","#00238B"
"636","Novel.UGT2B11","Tyrosine metabolism.ADH6",900,"database","High","#00238B"
"637","Novel.UGT2B11","Tyrosine metabolism.ADH7",900,"database","High","#00238B"
"638","Novel.UGT2B11","Tyrosine metabolism.COMT",900,"database","High","#00238B"
"639","Novel.UGT2B11","Tyrosine metabolism.ADH5",900,"database","High","#00238B"
"640","Novel.UGT2B17","Tyrosine metabolism.ADH1A",900,"database","High","#00238B"
"641","Novel.UGT2B17","Tyrosine metabolism.ADH6",900,"database","High","#00238B"
"642","Novel.UGT2B17","Tyrosine metabolism.ADH7",900,"database","High","#00238B"
"643","Novel.UGT2B17","Tyrosine metabolism.COMT",900,"database","High","#00238B"
"644","Novel.UGT2B17","Tyrosine metabolism.ADH5",900,"database","High","#00238B"
"645","Novel.XPO1","Cytosolic DNA-sensing pathway.NFKBIA",900,"database","High","#00238B"
"646","Novel.XRCC5","Cytosolic DNA-sensing pathway.IRF3",900,"database","High","#00238B"
"647","Tyrosine metabolism.ADH1A","Novel.PNPLA4",900,"database","High","#8B0000"
"648","Tyrosine metabolism.ADH1A","Novel.BCO1",900,"database","High","#8B0000"
"649","Tyrosine metabolism.ADH1A","Novel.GSTK1",900,"database","High","#8B0000"
"650","Tyrosine metabolism.ADH1A","Novel.ALDH1A2",900,"database","High","#8B0000"
"651","Tyrosine metabolism.ADH1A","Novel.MGST3",900,"database","High","#8B0000"
"652","Tyrosine metabolism.ADH1A","Novel.UGT1A10",900,"database","High","#8B0000"
"653","Tyrosine metabolism.ADH1A","Novel.UGT1A6",900,"database","High","#8B0000"
"654","Tyrosine metabolism.ADH1A","Novel.CYP26A1",900,"database","High","#8B0000"
"655","Tyrosine metabolism.ADH1A","Novel.GSTA5",900,"database","High","#8B0000"
"656","Tyrosine metabolism.ADH1A","Novel.UGT2B17",900,"database","High","#8B0000"
"657","Tyrosine metabolism.ADH1A","Novel.UGT2B11",900,"database","High","#8B0000"
"658","Tyrosine metabolism.ADH5","Novel.UGT1A10",900,"database","High","#8B0000"
"659","Tyrosine metabolism.ADH5","Novel.UGT1A6",900,"database","High","#8B0000"
"660","Tyrosine metabolism.ADH5","Novel.CYP26A1",900,"database","High","#8B0000"
"661","Tyrosine metabolism.ADH5","Novel.GSTA5",900,"database","High","#8B0000"
"662","Tyrosine metabolism.ADH5","Novel.UGT2B17",900,"database","High","#8B0000"
"663","Tyrosine metabolism.ADH5","Novel.UGT2B11",900,"database","High","#8B0000"
"664","Tyrosine metabolism.ADH5","Novel.PNPLA4",900,"database","High","#8B0000"
"665","Tyrosine metabolism.ADH5","Novel.BCO1",900,"database","High","#8B0000"
"666","Tyrosine metabolism.ADH5","Novel.PHGDH",417,"experimental","High","#8B0000"
"667","Tyrosine metabolism.ADH5","Novel.GSTK1",900,"database","High","#8B0000"
"668","Tyrosine metabolism.ADH5","Novel.ALDH1A2",900,"database","High","#8B0000"
"669","Tyrosine metabolism.ADH5","Novel.MGST3",900,"database","High","#8B0000"
"670","Tyrosine metabolism.ADH6","Novel.PNPLA4",900,"database","High","#8B0000"
"671","Tyrosine metabolism.ADH6","Novel.BCO1",900,"database","High","#8B0000"
"672","Tyrosine metabolism.ADH6","Novel.GSTK1",900,"database","High","#8B0000"
"673","Tyrosine metabolism.ADH6","Novel.ALDH1A2",900,"database","High","#8B0000"
"674","Tyrosine metabolism.ADH6","Novel.MGST3",900,"database","High","#8B0000"
"675","Tyrosine metabolism.ADH6","Novel.UGT1A10",900,"database","High","#8B0000"
"676","Tyrosine metabolism.ADH6","Novel.UGT1A6",900,"database","High","#8B0000"
"677","Tyrosine metabolism.ADH6","Novel.CYP26A1",900,"database","High","#8B0000"
"678","Tyrosine metabolism.ADH6","Novel.GSTA5",900,"database","High","#8B0000"
"679","Tyrosine metabolism.ADH6","Novel.UGT2B17",900,"database","High","#8B0000"
"680","Tyrosine metabolism.ADH6","Novel.UGT2B11",900,"database","High","#8B0000"
"681","Tyrosine metabolism.ADH7","Novel.PNPLA4",900,"database","High","#8B0000"
"682","Tyrosine metabolism.ADH7","Novel.BCO1",900,"database","High","#8B0000"
"683","Tyrosine metabolism.ADH7","Novel.GSTK1",900,"database","High","#8B0000"
"684","Tyrosine metabolism.ADH7","Novel.ALDH1A2",900,"database","High","#8B0000"
"685","Tyrosine metabolism.ADH7","Novel.MGST3",900,"database","High","#8B0000"
"686","Tyrosine metabolism.ADH7","Novel.UGT1A10",900,"database","High","#8B0000"
"687","Tyrosine metabolism.ADH7","Novel.UGT1A6",900,"database","High","#8B0000"
"688","Tyrosine metabolism.ADH7","Novel.CYP26A1",900,"database","High","#8B0000"
"689","Tyrosine metabolism.ADH7","Novel.GSTA5",900,"database","High","#8B0000"
"690","Tyrosine metabolism.ADH7","Novel.UGT2B17",900,"database","High","#8B0000"
"691","Tyrosine metabolism.ADH7","Novel.UGT2B11",900,"database","High","#8B0000"
"692","Tyrosine metabolism.ALDH3A1","Novel.SMOX",900,"database","High","#8B0000"
"693","Tyrosine metabolism.ALDH3A1","Novel.GSTK1",900,"database","High","#8B0000"
"694","Tyrosine metabolism.ALDH3A1","Novel.MGST3",900,"database","High","#8B0000"
"695","Tyrosine metabolism.ALDH3A1","Novel.CNDP2",900,"database","High","#8B0000"
"696","Tyrosine metabolism.ALDH3A1","Novel.GAD1",900,"database","High","#8B0000"
"697","Tyrosine metabolism.ALDH3A1","Novel.GSTA5",900,"database","High","#8B0000"
"698","Tyrosine metabolism.ALDH3B2","Novel.GSTA5",900,"database","High","#8B0000"
"699","Tyrosine metabolism.ALDH3B2","Novel.SMOX",900,"database","High","#8B0000"
"700","Tyrosine metabolism.ALDH3B2","Novel.GSTK1",900,"database","High","#8B0000"
"701","Tyrosine metabolism.ALDH3B2","Novel.MGST3",900,"database","High","#8B0000"
"702","Tyrosine metabolism.ALDH3B2","Novel.CNDP2",900,"database","High","#8B0000"
"703","Tyrosine metabolism.ALDH3B2","Novel.OBSL1",774,"experimental","High","#8B0000"
"704","Tyrosine metabolism.ALDH3B2","Novel.GAD1",900,"database","High","#8B0000"
"705","Tyrosine metabolism.AOC2","Novel.SMOX",900,"database","High","#8B0000"
"706","Tyrosine metabolism.AOC2","Novel.GLO1",800,"database","High","#8B0000"
"707","Tyrosine metabolism.AOC2","Novel.GRHPR",800,"database","High","#8B0000"
"708","Tyrosine metabolism.COMT","Novel.FGF2",506,"experimental","High","#8B0000"
"709","Tyrosine metabolism.COMT","Novel.UGT1A10",900,"database","High","#8B0000"
"710","Tyrosine metabolism.COMT","Novel.UGT1A6",900,"database","High","#8B0000"
"711","Tyrosine metabolism.COMT","Novel.UGT2B17",900,"database","High","#8B0000"
"712","Tyrosine metabolism.COMT","Novel.UGT2B11",900,"database","High","#8B0000"
"713","Tyrosine metabolism.COMT","Novel.CYP1A1",900,"database","High","#8B0000"
"714","Tyrosine metabolism.GOT1","Novel.PDCD6IP",417,"experimental","High","#8B0000"
"715","Tyrosine metabolism.GOT1","Novel.IDH1",800,"database","High","#8B0000"
"716","Tyrosine metabolism.GOT1","Novel.MDH2",900,"database","High","#8B0000"
"717","Tyrosine metabolism.GOT1","Novel.NIT2",900,"database","High","#8B0000"
"718","Tyrosine metabolism.GOT1","Novel.YKT6",417,"experimental","High","#8B0000"
"719","Tyrosine metabolism.GOT1","Novel.PITPNB",417,"experimental","High","#8B0000"
"720","Tyrosine metabolism.GOT1","Novel.HTRA2",417,"experimental","High","#8B0000"
"721","Tyrosine metabolism.GOT1","Novel.GCLC",800,"database","High","#8B0000"
"722","Tyrosine metabolism.GOT1","Novel.GAD1",800,"database","High","#8B0000"
"723","Tyrosine metabolism.GOT1","Novel.PCK1",800,"database","High","#8B0000"
"724","Tyrosine metabolism.GOT1","Novel.ADSSL1",900,"database","High","#8B0000"
"725","Tyrosine metabolism.GOT1","Novel.OGDHL",800,"database","High","#8B0000"
"726","Tyrosine metabolism.GOT1","Novel.TST",900,"database","High","#8B0000"
"727","Tyrosine metabolism.GOT1","Novel.HOGA1",900,"database","High","#8B0000"
"728","Tyrosine metabolism.GOT1","Novel.PEPD",417,"experimental","High","#8B0000"
"729","Tyrosine metabolism.GOT1","Novel.GGCT",800,"database","High","#8B0000"
"730","Tyrosine metabolism.GOT1","Novel.DCXR",417,"experimental","High","#8B0000"
"731","Tyrosine metabolism.GOT1","Novel.DDO",900,"database","High","#8B0000"
"732","Tyrosine metabolism.GOT1","Novel.CDO1",900,"database","High","#8B0000"
"733","Tyrosine metabolism.GOT1","Novel.NAGS",900,"database","High","#8B0000"
"734","Tyrosine metabolism.GOT1","Novel.CAD",900,"database","High","#8B0000"
"735","Tyrosine metabolism.GOT1","Novel.ASPA",900,"database","High","#8B0000"
"736","Tyrosine metabolism.GOT1","Novel.ASS1",900,"database","High","#8B0000"
"737","Tyrosine metabolism.GOT1","Novel.UFM1",417,"experimental","High","#8B0000"
"738","Tyrosine metabolism.GOT1","Novel.TALDO1",417,"experimental","High","#8B0000"
"739","Tyrosine metabolism.GOT1","Novel.PHGDH",417,"experimental","High","#8B0000"
"740","Tyrosine metabolism.MAOB","Novel.CYP2D6",900,"database","High","#8B0000"
"741","Tyrosine metabolism.MAOB","Novel.LRTOMT",900,"database","High","#8B0000"
"742","Tyrosine metabolism.MAOB","Novel.GLO1",800,"database","High","#8B0000"
"743","Tyrosine metabolism.MAOB","Novel.GRHPR",800,"database","High","#8B0000"
"744","Cytosolic DNA-sensing pathway.AIM2","Novel.CASP4",540,"database","High","#46008B"
"745","Cytosolic DNA-sensing pathway.AIM2","Novel.NLRP6",540,"database","High","#46008B"
"746","Novel.ADCY10","Cytosolic DNA-sensing pathway.POLR1C",900,"database","High","#00238B"
"747","Novel.ADCY10","Cytosolic DNA-sensing pathway.POLR3F",900,"database","High","#00238B"
"748","Novel.ADCY10","Cytosolic DNA-sensing pathway.POLR3D",900,"database","High","#00238B"
"749","Novel.ADCY10","Cytosolic DNA-sensing pathway.POLR3E",900,"database","High","#00238B"
"750","Novel.ADCY10","Cytosolic DNA-sensing pathway.POLR3C",900,"database","High","#00238B"
"751","Novel.ADCY10","Cytosolic DNA-sensing pathway.POLR3B",900,"database","High","#00238B"
"752","Novel.ADCY2","Cytosolic DNA-sensing pathway.POLR1C",900,"database","High","#00238B"
"753","Novel.ADCY2","Cytosolic DNA-sensing pathway.POLR3F",900,"database","High","#00238B"
"754","Novel.ADCY2","Cytosolic DNA-sensing pathway.POLR3D",900,"database","High","#00238B"
"755","Novel.ADCY2","Cytosolic DNA-sensing pathway.POLR3E",900,"database","High","#00238B"
"756","Novel.ADCY2","Cytosolic DNA-sensing pathway.POLR3C",900,"database","High","#00238B"
"757","Novel.ADCY2","Cytosolic DNA-sensing pathway.POLR3B",900,"database","High","#00238B"
"758","Novel.ADCY3","Cytosolic DNA-sensing pathway.POLR1C",900,"database","High","#00238B"
"759","Novel.ADCY3","Cytosolic DNA-sensing pathway.POLR3F",900,"database","High","#00238B"
"760","Novel.ADCY3","Cytosolic DNA-sensing pathway.POLR3D",900,"database","High","#00238B"
"761","Novel.ADCY3","Cytosolic DNA-sensing pathway.POLR3E",900,"database","High","#00238B"
"762","Novel.ADCY3","Cytosolic DNA-sensing pathway.POLR3C",900,"database","High","#00238B"
"763","Novel.ADCY3","Cytosolic DNA-sensing pathway.POLR3B",900,"database","High","#00238B"
"764","Novel.ADCY5","Cytosolic DNA-sensing pathway.POLR1C",900,"database","High","#00238B"
"765","Novel.ADCY5","Cytosolic DNA-sensing pathway.POLR3F",900,"database","High","#00238B"
"766","Novel.ADCY5","Cytosolic DNA-sensing pathway.POLR3D",900,"database","High","#00238B"
"767","Novel.ADCY5","Cytosolic DNA-sensing pathway.POLR3E",900,"database","High","#00238B"
"768","Novel.ADCY5","Cytosolic DNA-sensing pathway.POLR3C",900,"database","High","#00238B"
"769","Novel.ADCY5","Cytosolic DNA-sensing pathway.POLR3B",900,"database","High","#00238B"
"770","Novel.ADCY6","Cytosolic DNA-sensing pathway.POLR1C",900,"database","High","#00238B"
"771","Novel.ADCY6","Cytosolic DNA-sensing pathway.POLR3F",900,"database","High","#00238B"
"772","Novel.ADCY6","Cytosolic DNA-sensing pathway.POLR3D",900,"database","High","#00238B"
"773","Novel.ADCY6","Cytosolic DNA-sensing pathway.POLR3E",900,"database","High","#00238B"
"774","Novel.ADCY6","Cytosolic DNA-sensing pathway.POLR3C",900,"database","High","#00238B"
"775","Novel.ADCY6","Cytosolic DNA-sensing pathway.POLR3B",900,"database","High","#00238B"
"776","Novel.ADCY7","Cytosolic DNA-sensing pathway.POLR1C",900,"database","High","#00238B"
"777","Novel.ADCY7","Cytosolic DNA-sensing pathway.POLR3F",900,"database","High","#00238B"
"778","Novel.ADCY7","Cytosolic DNA-sensing pathway.POLR3D",900,"database","High","#00238B"
"779","Novel.ADCY7","Cytosolic DNA-sensing pathway.POLR3E",900,"database","High","#00238B"
"780","Novel.ADCY7","Cytosolic DNA-sensing pathway.POLR3C",900,"database","High","#00238B"
"781","Novel.ADCY7","Cytosolic DNA-sensing pathway.POLR3B",900,"database","High","#00238B"
"782","Novel.ADCY8","Cytosolic DNA-sensing pathway.POLR1C",900,"database","High","#00238B"
"783","Novel.ADCY8","Cytosolic DNA-sensing pathway.POLR3F",900,"database","High","#00238B"
"784","Novel.ADCY8","Cytosolic DNA-sensing pathway.POLR3D",900,"database","High","#00238B"
"785","Novel.ADCY8","Cytosolic DNA-sensing pathway.POLR3E",900,"database","High","#00238B"
"786","Novel.ADCY8","Cytosolic DNA-sensing pathway.POLR3C",900,"database","High","#00238B"
"787","Novel.ADCY8","Cytosolic DNA-sensing pathway.POLR3B",900,"database","High","#00238B"
"788","Novel.ADCY9","Cytosolic DNA-sensing pathway.POLR1C",900,"database","High","#00238B"
"789","Novel.ADCY9","Cytosolic DNA-sensing pathway.POLR3F",900,"database","High","#00238B"
"790","Novel.ADCY9","Cytosolic DNA-sensing pathway.POLR3D",900,"database","High","#00238B"
"791","Novel.ADCY9","Cytosolic DNA-sensing pathway.POLR3E",900,"database","High","#00238B"
"792","Novel.ADCY9","Cytosolic DNA-sensing pathway.POLR3C",900,"database","High","#00238B"
"793","Novel.ADCY9","Cytosolic DNA-sensing pathway.POLR3B",900,"database","High","#00238B"
"794","Novel.ADSSL1","Tyrosine metabolism.GOT1",900,"database","High","#00238B"
"795","Novel.AK9","Cytosolic DNA-sensing pathway.POLR1C",900,"database","High","#00238B"
"796","Novel.AK9","Cytosolic DNA-sensing pathway.POLR3F",900,"database","High","#00238B"
"797","Novel.AK9","Cytosolic DNA-sensing pathway.POLR3D",900,"database","High","#00238B"
"798","Novel.AK9","Cytosolic DNA-sensing pathway.POLR3E",900,"database","High","#00238B"
"799","Novel.AK9","Cytosolic DNA-sensing pathway.POLR3C",900,"database","High","#00238B"
"800","Novel.AK9","Cytosolic DNA-sensing pathway.POLR3B",900,"database","High","#00238B"
"801","Novel.AKAP4","Cytosolic DNA-sensing pathway.PYCARD",720,"database","High","#00238B"
"802","Novel.ATG12","Cytosolic DNA-sensing pathway.MAVS",900,"database","High","#00238B"
"803","Novel.BCO1","Tyrosine metabolism.ADH5",900,"database","High","#00238B"
"804","Novel.BCO1","Tyrosine metabolism.ADH1A",900,"database","High","#00238B"
"805","Novel.BCO1","Tyrosine metabolism.ADH6",900,"database","High","#00238B"
"806","Novel.BCO1","Tyrosine metabolism.ADH7",900,"database","High","#00238B"
"807","Novel.BRF2","Cytosolic DNA-sensing pathway.POLR1C",900,"database","High","#00238B"
"808","Novel.BRF2","Cytosolic DNA-sensing pathway.POLR3F",900,"database","High","#00238B"
"809","Novel.BRF2","Cytosolic DNA-sensing pathway.POLR3D",900,"database","High","#00238B"
"810","Novel.BRF2","Cytosolic DNA-sensing pathway.POLR3E",900,"database","High","#00238B"
"811","Novel.BRF2","Cytosolic DNA-sensing pathway.POLR3C",900,"database","High","#00238B"
"812","Novel.BRF2","Cytosolic DNA-sensing pathway.POLR3B",900,"database","High","#00238B"
"813","Novel.C4BPA","Cytosolic DNA-sensing pathway.NFKBIA",900,"database","High","#00238B"
"814","Novel.CARD18","Cytosolic DNA-sensing pathway.PYCARD",800,"database","High","#00238B"
"815","Novel.CD3EAP","Cytosolic DNA-sensing pathway.POLR1C",900,"database","High","#00238B"
"816","Novel.CD40","Cytosolic DNA-sensing pathway.NFKBIA",900,"database","High","#00238B"
"817","Novel.CDO1","Tyrosine metabolism.GOT1",900,"database","High","#00238B"
"818","Novel.CIITA","Cytosolic DNA-sensing pathway.IRF3",900,"database","High","#00238B"
"819","Novel.CIITA","Cytosolic DNA-sensing pathway.IRF7",900,"database","High","#00238B"
"820","Novel.CRLF2","Cytosolic DNA-sensing pathway.IFNA4",800,"database","High","#00238B"
"821","Novel.CRLF2","Cytosolic DNA-sensing pathway.IFNA6",800,"database","High","#00238B"
"822","Novel.CRLF2","Cytosolic DNA-sensing pathway.IFNA1",800,"database","High","#00238B"
"823","Novel.CRLF2","Cytosolic DNA-sensing pathway.IFNA10",800,"database","High","#00238B"
"824","Novel.CSF3R","Cytosolic DNA-sensing pathway.IFNA4",800,"database","High","#00238B"
"825","Novel.CSF3R","Cytosolic DNA-sensing pathway.IFNA6",800,"database","High","#00238B"
"826","Novel.CSF3R","Cytosolic DNA-sensing pathway.IFNA1",800,"database","High","#00238B"
"827","Novel.CSF3R","Cytosolic DNA-sensing pathway.IFNA10",800,"database","High","#00238B"
"828","Novel.CYP1A1","Tyrosine metabolism.COMT",900,"database","High","#00238B"
"829","Novel.CYP2D6","Tyrosine metabolism.MAOB",900,"database","High","#00238B"
"830","Novel.DCXR","Tyrosine metabolism.GOT1",417,"experimental","High","#00238B"
"831","Novel.DDO","Tyrosine metabolism.GOT1",900,"database","High","#00238B"
"832","Novel.DDX47","Cytosolic DNA-sensing pathway.POLR1C",417,"experimental","High","#00238B"
"833","Novel.DEK","Cytosolic DNA-sensing pathway.POLR1C",900,"database","High","#00238B"
"834","Novel.DHX37","Cytosolic DNA-sensing pathway.POLR1C",503,"experimental","High","#00238B"
"835","Novel.DTX4","Cytosolic DNA-sensing pathway.IRF3",900,"database","High","#00238B"
"836","Novel.DTX4","Cytosolic DNA-sensing pathway.ZBP1",900,"database","High","#00238B"
"837","Novel.EBNA1BP2","Cytosolic DNA-sensing pathway.POLR1C",417,"experimental","High","#00238B"
"838","Novel.ENTPD1","Cytosolic DNA-sensing pathway.POLR1C",900,"database","High","#00238B"
"839","Novel.ENTPD1","Cytosolic DNA-sensing pathway.POLR3F",900,"database","High","#00238B"
"840","Novel.ENTPD1","Cytosolic DNA-sensing pathway.POLR3D",900,"database","High","#00238B"
"841","Novel.ENTPD1","Cytosolic DNA-sensing pathway.POLR3E",900,"database","High","#00238B"
"842","Novel.ENTPD1","Cytosolic DNA-sensing pathway.POLR3C",900,"database","High","#00238B"
"843","Novel.ENTPD1","Cytosolic DNA-sensing pathway.POLR3B",900,"database","High","#00238B"
"844","Novel.ENTPD8","Cytosolic DNA-sensing pathway.POLR1C",900,"database","High","#00238B"
"845","Novel.ENTPD8","Cytosolic DNA-sensing pathway.POLR3F",900,"database","High","#00238B"
"846","Novel.ENTPD8","Cytosolic DNA-sensing pathway.POLR3D",900,"database","High","#00238B"
"847","Novel.ENTPD8","Cytosolic DNA-sensing pathway.POLR3E",900,"database","High","#00238B"
"848","Novel.ENTPD8","Cytosolic DNA-sensing pathway.POLR3C",900,"database","High","#00238B"
"849","Novel.ENTPD8","Cytosolic DNA-sensing pathway.POLR3B",900,"database","High","#00238B"
"850","Novel.FCGR1A","Cytosolic DNA-sensing pathway.IRF3",900,"database","High","#00238B"
"851","Novel.FCGR1A","Cytosolic DNA-sensing pathway.IRF7",900,"database","High","#00238B"
"852","Novel.FGF2","Tyrosine metabolism.COMT",506,"experimental","High","#00238B"
"853","Novel.GBP7","Cytosolic DNA-sensing pathway.IRF3",900,"database","High","#00238B"
"854","Novel.GBP7","Cytosolic DNA-sensing pathway.IRF7",900,"database","High","#00238B"
"855","Novel.GCH1","Cytosolic DNA-sensing pathway.POLR1C",800,"database","High","#00238B"
"856","Novel.GCH1","Cytosolic DNA-sensing pathway.POLR3F",800,"database","High","#00238B"
"857","Novel.GCH1","Cytosolic DNA-sensing pathway.POLR3D",800,"database","High","#00238B"
"858","Novel.GCH1","Cytosolic DNA-sensing pathway.POLR3E",800,"database","High","#00238B"
"859","Novel.GCH1","Cytosolic DNA-sensing pathway.POLR3C",800,"database","High","#00238B"
"860","Novel.GCH1","Cytosolic DNA-sensing pathway.POLR3B",800,"database","High","#00238B"
"861","Novel.GCLC","Tyrosine metabolism.GOT1",800,"database","High","#00238B"
"862","Novel.GGCT","Tyrosine metabolism.GOT1",800,"database","High","#00238B"
"863","Novel.GTF3C2","Cytosolic DNA-sensing pathway.POLR1C",900,"database","High","#00238B"
"864","Novel.GTF3C2","Cytosolic DNA-sensing pathway.POLR3F",900,"database","High","#00238B"
"865","Novel.GTF3C2","Cytosolic DNA-sensing pathway.POLR3D",900,"database","High","#00238B"
"866","Novel.GTF3C2","Cytosolic DNA-sensing pathway.POLR3E",900,"database","High","#00238B"
"867","Novel.GTF3C2","Cytosolic DNA-sensing pathway.POLR3C",900,"database","High","#00238B"
"868","Novel.GTF3C2","Cytosolic DNA-sensing pathway.POLR3B",900,"database","High","#00238B"
"869","Novel.GTF3C5","Cytosolic DNA-sensing pathway.POLR1C",900,"database","High","#00238B"
"870","Novel.GTF3C5","Cytosolic DNA-sensing pathway.POLR3F",900,"database","High","#00238B"
"871","Novel.GTF3C5","Cytosolic DNA-sensing pathway.POLR3D",900,"database","High","#00238B"
"872","Novel.GTF3C5","Cytosolic DNA-sensing pathway.POLR3E",900,"database","High","#00238B"
"873","Novel.GTF3C5","Cytosolic DNA-sensing pathway.POLR3C",900,"database","High","#00238B"
"874","Novel.GTF3C5","Cytosolic DNA-sensing pathway.POLR3B",900,"database","High","#00238B"
"875","Novel.GUCY1A2","Cytosolic DNA-sensing pathway.POLR1C",900,"database","High","#00238B"
"876","Novel.GUCY1A2","Cytosolic DNA-sensing pathway.POLR3F",900,"database","High","#00238B"
"877","Novel.GUCY1A2","Cytosolic DNA-sensing pathway.POLR3D",900,"database","High","#00238B"
"878","Novel.GUCY1A2","Cytosolic DNA-sensing pathway.POLR3E",900,"database","High","#00238B"
"879","Novel.GUCY1A2","Cytosolic DNA-sensing pathway.POLR3C",900,"database","High","#00238B"
"880","Novel.GUCY1A2","Cytosolic DNA-sensing pathway.POLR3B",900,"database","High","#00238B"
"881","Novel.GUCY2C","Cytosolic DNA-sensing pathway.POLR1C",900,"database","High","#00238B"
"882","Novel.GUCY2C","Cytosolic DNA-sensing pathway.POLR3F",900,"database","High","#00238B"
"883","Novel.GUCY2C","Cytosolic DNA-sensing pathway.POLR3D",900,"database","High","#00238B"
"884","Novel.GUCY2C","Cytosolic DNA-sensing pathway.POLR3E",900,"database","High","#00238B"
"885","Novel.GUCY2C","Cytosolic DNA-sensing pathway.POLR3C",900,"database","High","#00238B"
"886","Novel.GUCY2C","Cytosolic DNA-sensing pathway.POLR3B",900,"database","High","#00238B"
"887","Novel.GUCY2F","Cytosolic DNA-sensing pathway.POLR1C",900,"database","High","#00238B"
"888","Novel.GUCY2F","Cytosolic DNA-sensing pathway.POLR3F",900,"database","High","#00238B"
"889","Novel.GUCY2F","Cytosolic DNA-sensing pathway.POLR3D",900,"database","High","#00238B"
"890","Novel.GUCY2F","Cytosolic DNA-sensing pathway.POLR3E",900,"database","High","#00238B"
"891","Novel.GUCY2F","Cytosolic DNA-sensing pathway.POLR3C",900,"database","High","#00238B"
"892","Novel.GUCY2F","Cytosolic DNA-sensing pathway.POLR3B",900,"database","High","#00238B"
"893","Novel.H2AFV","Cytosolic DNA-sensing pathway.POLR1C",900,"database","High","#00238B"
"894","Novel.H2AFZ","Cytosolic DNA-sensing pathway.POLR1C",900,"database","High","#00238B"
"895","Novel.HIST1H2AJ","Cytosolic DNA-sensing pathway.POLR1C",900,"database","High","#00238B"
"896","Novel.HIST1H2BD","Cytosolic DNA-sensing pathway.POLR1C",900,"database","High","#00238B"
"897","Novel.HIST1H2BL","Cytosolic DNA-sensing pathway.POLR1C",900,"database","High","#00238B"
"898","Novel.HIST2H2AC","Cytosolic DNA-sensing pathway.POLR1C",900,"database","High","#00238B"
"899","Novel.HLA-C","Cytosolic DNA-sensing pathway.IRF3",900,"database","High","#00238B"
"900","Novel.HLA-C","Cytosolic DNA-sensing pathway.IRF7",900,"database","High","#00238B"
"901","Novel.HLA-DPA1","Cytosolic DNA-sensing pathway.IRF3",900,"database","High","#00238B"
"902","Novel.HLA-DPA1","Cytosolic DNA-sensing pathway.IRF7",900,"database","High","#00238B"
"903","Novel.HLA-E","Cytosolic DNA-sensing pathway.IRF3",900,"database","High","#00238B"
"904","Novel.HLA-E","Cytosolic DNA-sensing pathway.IRF7",900,"database","High","#00238B"
"905","Novel.HOGA1","Tyrosine metabolism.GOT1",900,"database","High","#00238B"
"906","Novel.HTRA2","Tyrosine metabolism.GOT1",417,"experimental","High","#00238B"
"907","Novel.IDH1","Tyrosine metabolism.GOT1",800,"database","High","#00238B"
"908","Novel.IFI16","Cytosolic DNA-sensing pathway.IRF3",900,"database","High","#00238B"
"909","Novel.IFI6","Cytosolic DNA-sensing pathway.IRF3",900,"database","High","#00238B"
"910","Novel.IFI6","Cytosolic DNA-sensing pathway.IRF7",900,"database","High","#00238B"
"911","Novel.IFITM2","Cytosolic DNA-sensing pathway.IRF3",900,"database","High","#00238B"
"912","Novel.IFITM2","Cytosolic DNA-sensing pathway.IRF7",900,"database","High","#00238B"
"913","Novel.IFITM3","Cytosolic DNA-sensing pathway.IRF3",900,"database","High","#00238B"
"914","Novel.IFITM3","Cytosolic DNA-sensing pathway.IRF7",900,"database","High","#00238B"
"915","Novel.IFNGR2","Cytosolic DNA-sensing pathway.IFNA4",800,"database","High","#00238B"
"916","Novel.IFNGR2","Cytosolic DNA-sensing pathway.IFNA6",800,"database","High","#00238B"
"917","Novel.IFNGR2","Cytosolic DNA-sensing pathway.IFNA1",800,"database","High","#00238B"
"918","Novel.IFNGR2","Cytosolic DNA-sensing pathway.IFNA10",800,"database","High","#00238B"
"919","Novel.IL22RA2","Cytosolic DNA-sensing pathway.IFNA4",800,"database","High","#00238B"
"920","Novel.IL22RA2","Cytosolic DNA-sensing pathway.IFNA6",800,"database","High","#00238B"
"921","Novel.IL22RA2","Cytosolic DNA-sensing pathway.IFNA1",800,"database","High","#00238B"
"922","Novel.IL22RA2","Cytosolic DNA-sensing pathway.IFNA10",800,"database","High","#00238B"
"923","Novel.IL23A","Cytosolic DNA-sensing pathway.NFKBIA",900,"database","High","#00238B"
"924","Novel.IL9R","Cytosolic DNA-sensing pathway.IFNA4",800,"database","High","#00238B"
"925","Novel.IL9R","Cytosolic DNA-sensing pathway.IFNA6",800,"database","High","#00238B"
"926","Novel.IL9R","Cytosolic DNA-sensing pathway.IFNA1",800,"database","High","#00238B"
"927","Novel.IL9R","Cytosolic DNA-sensing pathway.IFNA10",800,"database","High","#00238B"
"928","Novel.IP6K2","Cytosolic DNA-sensing pathway.IRF3",900,"database","High","#00238B"
"929","Novel.IP6K2","Cytosolic DNA-sensing pathway.IRF7",900,"database","High","#00238B"
"930","Novel.IRF2","Cytosolic DNA-sensing pathway.IRF3",900,"database","High","#00238B"
"931","Novel.IRF2","Cytosolic DNA-sensing pathway.IRF7",900,"database","High","#00238B"
"932","Novel.ISG20","Cytosolic DNA-sensing pathway.IRF3",900,"database","High","#00238B"
"933","Novel.ISG20","Cytosolic DNA-sensing pathway.IRF7",900,"database","High","#00238B"
"934","Novel.JAK2","Cytosolic DNA-sensing pathway.NFKBIA",900,"database","High","#00238B"
"935","Novel.JAK2","Cytosolic DNA-sensing pathway.IFNA4",800,"database","High","#00238B"
"936","Novel.JAK2","Cytosolic DNA-sensing pathway.IFNA6",800,"database","High","#00238B"
"937","Novel.JAK2","Cytosolic DNA-sensing pathway.IFNA1",800,"database","High","#00238B"
"938","Novel.JAK2","Cytosolic DNA-sensing pathway.IFNA10",800,"database","High","#00238B"
"939","Novel.JAK3","Cytosolic DNA-sensing pathway.IFNA4",800,"database","High","#00238B"
"940","Novel.JAK3","Cytosolic DNA-sensing pathway.IFNA6",800,"database","High","#00238B"
"941","Novel.JAK3","Cytosolic DNA-sensing pathway.IFNA1",800,"database","High","#00238B"
"942","Novel.JAK3","Cytosolic DNA-sensing pathway.IFNA10",800,"database","High","#00238B"
"943","Novel.LPAR2","Cytosolic DNA-sensing pathway.NFKBIA",900,"database","High","#00238B"
"944","Novel.LRTOMT","Tyrosine metabolism.MAOB",900,"database","High","#00238B"
"945","Novel.MDH2","Tyrosine metabolism.GOT1",900,"database","High","#00238B"
"946","Novel.MLKL","Cytosolic DNA-sensing pathway.RIPK3",900,"database","High","#00238B"
"947","Novel.MPL","Cytosolic DNA-sensing pathway.IFNA4",800,"database","High","#00238B"
"948","Novel.MPL","Cytosolic DNA-sensing pathway.IFNA6",800,"database","High","#00238B"
"949","Novel.MPL","Cytosolic DNA-sensing pathway.IFNA1",800,"database","High","#00238B"
"950","Novel.MPL","Cytosolic DNA-sensing pathway.IFNA10",800,"database","High","#00238B"
"951","Novel.NAGS","Tyrosine metabolism.GOT1",900,"database","High","#00238B"
"952","Novel.NIT2","Tyrosine metabolism.GOT1",900,"database","High","#00238B"
"953","Novel.NOP9","Cytosolic DNA-sensing pathway.POLR1C",417,"experimental","High","#00238B"
"954","Novel.NPR2","Cytosolic DNA-sensing pathway.POLR1C",900,"database","High","#00238B"
"955","Novel.NPR2","Cytosolic DNA-sensing pathway.POLR3F",900,"database","High","#00238B"
"956","Novel.NPR2","Cytosolic DNA-sensing pathway.POLR3D",900,"database","High","#00238B"
"957","Novel.NPR2","Cytosolic DNA-sensing pathway.POLR3E",900,"database","High","#00238B"
"958","Novel.NPR2","Cytosolic DNA-sensing pathway.POLR3C",900,"database","High","#00238B"
"959","Novel.NPR2","Cytosolic DNA-sensing pathway.POLR3B",900,"database","High","#00238B"
"960","Novel.NUP35","Cytosolic DNA-sensing pathway.MAVS",605,"experimental","High","#00238B"
"961","Novel.OAS1","Cytosolic DNA-sensing pathway.IRF3",900,"database","High","#00238B"
"962","Novel.OAS1","Cytosolic DNA-sensing pathway.IRF7",900,"database","High","#00238B"
"963","Novel.OAS2","Cytosolic DNA-sensing pathway.IRF3",900,"database","High","#00238B"
"964","Novel.OAS2","Cytosolic DNA-sensing pathway.IRF7",900,"database","High","#00238B"
"965","Novel.OGDHL","Tyrosine metabolism.GOT1",800,"database","High","#00238B"
"966","Novel.PCK1","Tyrosine metabolism.GOT1",800,"database","High","#00238B"
"967","Novel.PDCD6IP","Tyrosine metabolism.GOT1",417,"experimental","High","#00238B"
"968","Novel.PEPD","Tyrosine metabolism.GOT1",417,"experimental","High","#00238B"
"969","Novel.PITPNB","Tyrosine metabolism.GOT1",417,"experimental","High","#00238B"
"970","Novel.PNPLA4","Tyrosine metabolism.ADH5",900,"database","High","#00238B"
"971","Novel.PNPLA4","Tyrosine metabolism.ADH1A",900,"database","High","#00238B"
"972","Novel.PNPLA4","Tyrosine metabolism.ADH6",900,"database","High","#00238B"
"973","Novel.PNPLA4","Tyrosine metabolism.ADH7",900,"database","High","#00238B"
"974","Novel.PRKCA","Cytosolic DNA-sensing pathway.NFKBIA",900,"database","High","#00238B"
"975","Novel.PRKCB","Cytosolic DNA-sensing pathway.NFKBIA",900,"database","High","#00238B"
"976","Novel.PRKCD","Cytosolic DNA-sensing pathway.NFKBIA",900,"database","High","#00238B"
"977","Novel.RBM28","Cytosolic DNA-sensing pathway.POLR3F",774,"experimental","High","#00238B"
"978","Novel.RNASEL","Cytosolic DNA-sensing pathway.IRF3",900,"database","High","#00238B"
"979","Novel.RNASEL","Cytosolic DNA-sensing pathway.IRF7",900,"database","High","#00238B"
"980","Novel.RNF135","Cytosolic DNA-sensing pathway.IRF3",900,"database","High","#00238B"
"981","Novel.RNF135","Cytosolic DNA-sensing pathway.MAVS",900,"database","High","#00238B"
"982","Novel.RNF135","Cytosolic DNA-sensing pathway.IRF7",900,"database","High","#00238B"
"983","Novel.RRN3","Cytosolic DNA-sensing pathway.POLR1C",900,"database","High","#00238B"
"984","Novel.RSAD2","Cytosolic DNA-sensing pathway.IRF3",900,"database","High","#00238B"
"985","Novel.RSAD2","Cytosolic DNA-sensing pathway.IRF7",900,"database","High","#00238B"
"986","Novel.SAMHD1","Cytosolic DNA-sensing pathway.IRF3",900,"database","High","#00238B"
"987","Novel.SAMHD1","Cytosolic DNA-sensing pathway.IRF7",900,"database","High","#00238B"
"988","Novel.TAF1A","Cytosolic DNA-sensing pathway.POLR1C",900,"database","High","#00238B"
"989","Novel.TAF1B","Cytosolic DNA-sensing pathway.POLR1C",900,"database","High","#00238B"
"990","Novel.TRIM2","Cytosolic DNA-sensing pathway.IRF3",900,"database","High","#00238B"
"991","Novel.TRIM2","Cytosolic DNA-sensing pathway.IRF7",900,"database","High","#00238B"
"992","Novel.TRIM26","Cytosolic DNA-sensing pathway.IRF3",900,"database","High","#00238B"
"993","Novel.TRIM26","Cytosolic DNA-sensing pathway.IRF7",900,"database","High","#00238B"
"994","Novel.TRIM46","Cytosolic DNA-sensing pathway.IRF3",900,"database","High","#00238B"
"995","Novel.TRIM46","Cytosolic DNA-sensing pathway.IRF7",900,"database","High","#00238B"
"996","Novel.TRIM5","Cytosolic DNA-sensing pathway.IRF3",900,"database","High","#00238B"
"997","Novel.TRIM5","Cytosolic DNA-sensing pathway.IRF7",900,"database","High","#00238B"
"998","Novel.TRIM62","Cytosolic DNA-sensing pathway.IRF3",900,"database","High","#00238B"
"999","Novel.TRIM62","Cytosolic DNA-sensing pathway.IRF7",900,"database","High","#00238B"
"1000","Novel.TST","Tyrosine metabolism.GOT1",900,"database","High","#00238B"
"1001","Novel.VCAM1","Cytosolic DNA-sensing pathway.IRF3",900,"database","High","#00238B"
"1002","Novel.VCAM1","Cytosolic DNA-sensing pathway.IRF7",900,"database","High","#00238B"
"1003","Novel.XAF1","Cytosolic DNA-sensing pathway.IRF3",900,"database","High","#00238B"
"1004","Novel.XAF1","Cytosolic DNA-sensing pathway.IRF7",900,"database","High","#00238B"
"1005","Novel.YKT6","Tyrosine metabolism.GOT1",417,"experimental","High","#00238B"
"1006","Tyrosine metabolism.AOC3","Novel.GLO1",800,"database","High","#8B0000"
"1007","Tyrosine metabolism.AOC3","Novel.GRHPR",800,"database","High","#8B0000"
"1008","Tyrosine metabolism.AOC3","Novel.SMOX",900,"database","High","#8B0000"
"1009","Tyrosine metabolism.TH","Novel.PPP2R5D",900,"database","High","#8B0000"
"1010","Tyrosine metabolism.TH","Novel.MAPK14",900,"database","High","#8B0000"
"1011","Tyrosine metabolism.TH","Novel.MAPK11",900,"database","High","#8B0000"
"1012","Tyrosine metabolism.TH","Novel.FOS",900,"database","High","#8B0000"
