"","EntrezID","GeneSymbol","GeneMappingID","ConfidenceCategory","Group","Pathway","Allnet.count","Ntwrk.all","NtwrkCount.Spliceosome","Ntwrk.Spliceosome","NtwrkCount.Apoptosis","Ntwrk.Apoptosis","NtwrkCount.NA","Ntwrk.NA","Total_Path_Hits.net.count"
"1",113868,"Acaa1a",155,"HighConf","Novel","Fatty acid metabolism",1,"Hadh",0,NA,0,NA,0,"",0
"2",107476,"Acaca",56,"HighConf","Novel","AMPK signaling pathway, Insulin signaling pathway, Fatty acid metabolism, Fatty acid biosynthesis, Glucagon signaling pathway",5,"Fasn, Prkab1, Rad23a, Nedd8, Rps27a",0,NA,0,NA,0,"",0
"3",59289,"Ackr2",307,"MedConf","Novel",NA,2,"Actg1, Sh2b2",0,NA,1,"Actg1",0,"",1
"4",11465,"Actg1",120,"MedConf","Apoptosis","Apoptosis, Oxytocin signaling pathway, Thyroid hormone signaling pathway, Rap1 signaling pathway",7,"Sh2b2, Wasf1, Ackr2, Ctnna1, Msn, Grb2, Prkca",0,NA,0,NA,0,"",0
"5",11487,"Adam10",231,"MedConf","Novel",NA,1,"Rps27a",0,NA,0,NA,0,"",0
"6",11539,"Adora1",186,"HighConf","Novel","cAMP signaling pathway, cGMP-PKG signaling pathway, Sphingolipid signaling pathway, Neuroactive ligand-receptor interaction",13,"Cxcl2, Hcar1, Cnr1, Rxfp3, Tas2r120, P2ry12, Lpar5, Sstr3, Grm2, Cxcr4, S1pr5, Oprd1, Ccl6",0,NA,0,NA,0,"",0
"7",11540,"Adora2a",332,"MedConf","Novel","cAMP signaling pathway, Neuroactive ligand-receptor interaction, Rap1 signaling pathway",4,"Vip, Gip, Glp2r, Drd5",0,NA,0,NA,0,"",0
"8",11549,"Adra1a ,Adra1a",188,"MedConf","Novel",NA,12,"Grpr, Htr2b, Ffar3, Uts2, Grk5 ,Grk5, P2ry2, Npffr1, Arhgef25, Tac2, P2ry10, Lpar5, Ccl6",0,NA,0,NA,0,"",0
"9",19378,"Aldh1a2",328,"HighConf","Novel",NA,5,"Cyp2c37, Cyp2c70, Ugt1a2, Cyp2c65, Cyp2c44",0,NA,0,NA,0,"",0
"10",11765,"Ap1g1",43,"HighConf","Novel",NA,4,"Dnm2, Hspa8, Clta, Arf1",1,"Hspa8",0,NA,0,"",1
"11",71770,"Ap2b1",91,"HighConf","Novel","Endocytosis, Endocrine and other factor-regulated calcium reabsorption",3,"Ap2m1, Clta, Grb2",0,NA,0,NA,0,"",0
"12",11773,"Ap2m1",94,"HighConf","Novel","Endocytosis, Endocrine and other factor-regulated calcium reabsorption",3,"Clta, Grb2, Ap2b1",0,NA,0,NA,0,"",0
"13",213827,"Arcn1",160,"HighConf","Novel",NA,2,"Copb1, Arf1",0,NA,0,NA,0,"",0
"14",11840,"Arf1",274,"MedConf","Novel","Endocytosis, Phospholipase D signaling pathway",5,"Copb1, Ap1g1, Dnm2, Arcn1, Clta",0,NA,0,NA,0,"",0
"15",99371,"Arfgef2",318,"HighConf","Novel","Endocytosis",2,"Tuba1a, Tubg1",0,NA,1,"Tuba1a",0,"",1
"16",52666,"Arhgef25",207,"HighConf","Novel",NA,11,"Tac2, P2ry10, Ccl6, Grpr, Adra1a ,Adra1a, Uts2, P2ry2, Lpar5, Htr2b, Ffar3, Npffr1",0,NA,0,NA,0,"",0
"17",246103,"Atxn7",297,"MedConf","Novel",NA,1,"Kat2a",0,NA,0,NA,0,"",0
"18",12010,"B2m",46,"HighConf","Novel",NA,5,"Irf8, Stat1, Sec24c, Fga, Ifi30",0,NA,0,NA,0,"",0
"19",12028,"Bax",250,"HighConf","Apoptosis","Apoptosis, Longevity regulating pathway, Platinum drug resistance, p53 signaling pathway, Neurotrophin signaling pathway, Necroptosis, EGFR tyrosine kinase inhibitor resistance, Sphingolipid signaling pathway, Endocrine resistance",2,"Trp53, Mcl1",0,NA,2,"Trp53, Mcl1",0,"",2
"20",12156,"Bmp2",90,"MedConf","Novel","Cytokine-cytokine receptor interaction",2,"Smurf1, Smad6",0,NA,0,NA,0,"",0
"21",237911,"Brip1",300,"MedConf","Novel",NA,1,"Mlh1",0,NA,0,NA,0,"",0
"22",215051,"Bud13",262,"HighConf","Novel",NA,3,"Sf3b1, Sart1, Prpf19",3,"Sf3b1, Sart1, Prpf19",0,NA,0,"",3
"23",12289,"Cacna1d",185,"MedConf","Novel","MAPK signaling pathway, Cellular senescence, Oxytocin signaling pathway, cAMP signaling pathway, cGMP-PKG signaling pathway, Adrenergic signaling in cardiomyocytes, GnRH signaling pathway, Dopaminergic synapse, GABAergic synapse, Serotonergic synapse, Insulin secretion, Aldosterone synthesis and secretion",8,"Rasgrp1, Htr2b, Ppp2r2d, Cacnb4, Cacna2d2, Calm4, Ccdc109b, Gng4",0,NA,0,NA,0,"",0
"24",56808,"Cacna2d2",216,"MedConf","Novel","MAPK signaling pathway, Oxytocin signaling pathway, Adrenergic signaling in cardiomyocytes",5,"Ccdc109b, Cacnb4, Ppp2r2d, Rasgrp1, Cacna1d",0,NA,0,NA,0,"",0
"25",12298,"Cacnb4",215,"MedConf","Novel","MAPK signaling pathway, Oxytocin signaling pathway, Adrenergic signaling in cardiomyocytes",5,"Cacna2d2, Ccdc109b, Cacna1d, Ppp2r2d, Rasgrp1",0,NA,0,NA,0,"",0
"26",80796,"Calm4",245,"MedConf","Novel","Cellular senescence, Inflammatory mediator regulation of TRP channels, Estrogen signaling pathway, Oxytocin signaling pathway, cAMP signaling pathway, cGMP-PKG signaling pathway, Insulin signaling pathway, Neurotrophin signaling pathway, Adrenergic signaling in cardiomyocytes, GnRH signaling pathway, Melanogenesis, Dopaminergic synapse, Glucagon signaling pathway, Ras signaling pathway, Rap1 signaling pathway, Aldosterone synthesis and secretion",3,"Itpr1, Hras, Cacna1d",0,NA,2,"Itpr1, Hras",0,"",2
"27",230099,"Car9",239,"MedConf","Novel",NA,1,"Ep300",0,NA,0,NA,0,"",0
"28",12389,"Cav1",0,"MedConf","Novel","Endocytosis",2,"Src, Dnm2",0,NA,0,NA,0,"",0
"29",66815,"Ccdc109b",326,"HighConf","Novel",NA,3,"Cacnb4, Cacna2d2, Cacna1d",0,NA,0,NA,0,"",0
"30",52132,"Ccdc97",263,"MedConf","Novel",NA,2,"Sf3b1, Sf3b6",2,"Sf3b6, Sf3b1",0,NA,0,"",2
"31",20305,"Ccl6",180,"MedConf","Novel","Cytokine-cytokine receptor interaction",24,"Grm2, P2ry12, Oprd1, Tas2r120, Adora1, Cxcl2, Adra1a ,Adra1a, Grpr, Htr2b, Ffar3, Uts2, Grk5 ,Grk5, P2ry2, Npffr1, Arhgef25, Tac2, Hcar1, P2ry10, Sstr3, S1pr5, Rxfp3, Lpar5, Cxcr4, Cnr1",0,NA,0,NA,0,"",0
"32",12478,"Cd19",282,"MedConf","Novel","PI3K-Akt signaling pathway, B cell receptor signaling pathway",1,"Grb2",0,NA,0,NA,0,"",0
"33",12519,"Cd80",242,"MedConf","Novel","Toll-like receptor signaling pathway, Intestinal immune network for IgA production",2,"Cd86, Src",0,NA,0,NA,0,"",0
"34",12524,"Cd86",146,"MedConf","Novel","Toll-like receptor signaling pathway, Intestinal immune network for IgA production",3,"Cd80, Grb2, Src",0,NA,0,NA,0,"",0
"35",107995,"Cdc20",97,"MedConf","Novel",NA,15,"Psme1, Pafah1b1, Cdk1, Nup107, Incenp, Cdca8, Cenpt, Mapre1, Cenpu, Spdl1, Nup98, Rps27a, Psme3, Psme4, Psmc5",0,NA,0,NA,0,"",0
"36",52276,"Cdca8",130,"MedConf","Novel",NA,9,"Cenpt, Mapre1, Cenpu, Spdl1, Pafah1b1, Incenp, Nup98, Nup107, Cdc20",0,NA,0,NA,0,"",0
"37",12534,"Cdk1",123,"MedConf","Novel","Cellular senescence, p53 signaling pathway, Gap junction",18,"Tuba1a, Mapre1, Rrm2, Tubg1, Mybl2, Sfi1, Gadd45g, Slk, Psme3, Rbl2, Rps27a, Cdc20, Psme4, Ezh2, Pafah1b1, Prkca, Psme1, Psmc5",0,NA,2,"Tuba1a, Gadd45g",0,"",2
"38",107951,"Cdk9",53,"HighConf","Novel",NA,6,"Psmc5, Tceb1, Supt5, Polr2b, Polr2g, Polr2d",0,NA,0,NA,0,"",0
"39",12606,"Cebpa",87,"HighConf","Novel",NA,7,"Tnf, Cebpb, Ep300, Med14, Rps27a, Med17, Med21",0,NA,1,"Tnf",0,"",1
"40",12608,"Cebpb",229,"MedConf","Novel","IL-17 signaling pathway, TNF signaling pathway",8,"Med17, Nfkb1, Rps27a, Ep300, Med21, Cebpa, Tnf, Med14",0,NA,2,"Tnf, Nfkb1",0,"",2
"41",320394,"Cenpt",156,"MedConf","Novel",NA,9,"Mapre1, Cenpu, Spdl1, Cdc20, Cdca8, Incenp, Pafah1b1, Nup98, Nup107",0,NA,0,NA,0,"",0
"42",71876,"Cenpu",218,"MedConf","Novel",NA,9,"Spdl1, Pafah1b1, Cenpt, Cdca8, Nup98, Cdc20, Mapre1, Incenp, Nup107",0,NA,0,NA,0,"",0
"43",12626,"Cetn3",301,"MedConf","Novel",NA,1,"Tpr",0,NA,0,NA,0,"",0
"44",12633,"Cflar",253,"MedConf","Apoptosis","Apoptosis, NF-kappa B signaling pathway, TNF signaling pathway, Necroptosis",2,"Fasl, Traf2",0,NA,2,"Traf2, Fasl",0,"",2
"45",107932,"Chd4",138,"MedConf","Novel",NA,2,"Hdac2, Mbd2",0,NA,0,NA,0,"",0
"46",75608,"Chmp4b",228,"HighConf","Novel","Endocytosis, Necroptosis",1,"Rps27a",0,NA,0,NA,0,"",0
"47",12757,"Clta",217,"MedConf","Novel","Endocytosis, Endocrine and other factor-regulated calcium reabsorption",7,"Arf1, Grb2, Ap2b1, Hspa8, Ap1g1, Ap2m1, Dnm2",1,"Hspa8",0,NA,0,"",1
"48",104625,"Cnot6",163,"HighConf","Novel",NA,1,"Pabpc6",0,NA,0,NA,0,"",0
"49",12801,"Cnr1",177,"HighConf","Novel","Neuroactive ligand-receptor interaction, Rap1 signaling pathway",14,"Lpar5, Sstr3, Ccl6, Grm2, P2ry12, Oprd1, Tas2r120, Adora1, Cxcl2, Hcar1, Cxcr4, Rxfp3, S1pr5, Gng4",0,NA,0,NA,0,"",0
"50",70349,"Copb1",164,"MedConf","Novel",NA,2,"Arf1, Arcn1",0,NA,0,NA,0,"",0
"51",26427,"Creb3l1",238,"HighConf","Novel","Longevity regulating pathway, AMPK signaling pathway, PI3K-Akt signaling pathway, Estrogen signaling pathway, cAMP signaling pathway, Relaxin signaling pathway, cGMP-PKG signaling pathway, TNF signaling pathway, Adrenergic signaling in cardiomyocytes, Melanogenesis, Dopaminergic synapse, Insulin secretion, Glucagon signaling pathway, Insulin resistance, Aldosterone synthesis and secretion",2,"Prkca, Ep300",0,NA,0,NA,0,"",0
"52",208677,"Creb3l3",237,"HighConf","Novel","Longevity regulating pathway, AMPK signaling pathway, PI3K-Akt signaling pathway, Estrogen signaling pathway, cAMP signaling pathway, Relaxin signaling pathway, cGMP-PKG signaling pathway, TNF signaling pathway, Adrenergic signaling in cardiomyocytes, Melanogenesis, Dopaminergic synapse, Insulin secretion, Glucagon signaling pathway, Insulin resistance, Aldosterone synthesis and secretion",2,"Prkca, Ep300",0,NA,0,NA,0,"",0
"53",66877,"Crnkl1",257,"MedConf","Spliceosome","Spliceosome",9,"Sf3b3, Isy1, Dhx8, Sf3a3, Sf3b1, Plrg1, Snrpd1, Sf3a1, Prpf19",9,"Snrpd1, Sf3b3, Sf3b1, Sf3a3, Sf3a1, Prpf19, Plrg1, Isy1, Dhx8",0,NA,0,"",9
"54",12385,"Ctnna1",1,"MedConf","Novel",NA,2,"Actg1, Mef2c",0,NA,1,"Actg1",0,"",1
"55",99375,"Cul4a",269,"MedConf","Novel","Nucleotide excision repair",1,"Nedd8",0,NA,0,NA,0,"",0
"56",20310,"Cxcl2",187,"MedConf","Novel","NOD-like receptor signaling pathway, NF-kappa B signaling pathway, IL-17 signaling pathway, Cytokine-cytokine receptor interaction, TNF signaling pathway",13,"Hcar1, Cnr1, Grm2, Cxcr4, Tas2r120, Ccl6, Adora1, Rxfp3, P2ry12, Sstr3, Lpar5, Oprd1, S1pr5",0,NA,0,NA,0,"",0
"57",12767,"Cxcr4",121,"MedConf","Novel","Endocytosis, Cytokine-cytokine receptor interaction, Intestinal immune network for IgA production",14,"Rxfp3, S1pr5, Cnr1, Lpar5, Sstr3, Ccl6, Grm2, P2ry12, Oprd1, Tas2r120, Adora1, Cxcl2, Grk5 ,Grk5, Hcar1",0,NA,0,NA,0,"",0
"58",13096,"Cyp2c37",190,"MedConf","Novel","Inflammatory mediator regulation of TRP channels, Serotonergic synapse",6,"Cyp2c65, Cyp2c44, Ugt1a2, Gsta4, Aldh1a2, Cyp2c70",0,NA,0,NA,0,"",0
"59",226143,"Cyp2c44",192,"MedConf","Novel","Inflammatory mediator regulation of TRP channels, Serotonergic synapse",6,"Ugt1a2, Gsta4, Aldh1a2, Cyp2c65, Cyp2c70, Cyp2c37",0,NA,0,NA,0,"",0
"60",72303,"Cyp2c65",191,"HighConf","Novel","Inflammatory mediator regulation of TRP channels, Serotonergic synapse",6,"Cyp2c44, Ugt1a2, Gsta4, Aldh1a2, Cyp2c70, Cyp2c37",0,NA,0,NA,0,"",0
"61",226105,"Cyp2c70",189,"MedConf","Novel","Inflammatory mediator regulation of TRP channels, Serotonergic synapse",6,"Cyp2c37, Cyp2c65, Cyp2c44, Ugt1a2, Gsta4, Aldh1a2",0,NA,0,NA,0,"",0
"62",13121,"Cyp51",149,"MedConf","Novel",NA,1,"Nfyb",0,NA,0,NA,0,"",0
"63",13200,"Ddost",132,"MedConf","Novel",NA,19,"Rpl23a, Ssr4, Rps29, Rplp0, Rpl37a, Rpl19, Rps17, Rpl11, Rpn2, Rpl13a, Rpl31, Rps3, Rps8, Rps4x, Rpl3, Rps27a, Rps5, Rpl32, Rpl7",0,NA,0,NA,0,"",0
"64",94223,"Dgcr8",266,"MedConf","Novel",NA,4,"Polr2d, Polr2g, Ran, Polr2b",0,NA,0,NA,0,"",0
"65",13204,"Dhx15",295,"MedConf","Spliceosome","Spliceosome",1,"Tfip11",0,NA,0,NA,0,"",0
"66",217207,"Dhx8",25,"HighConf","Spliceosome","Spliceosome",4,"Prpf19, Crnkl1, Plrg1, Isy1",4,"Prpf19, Plrg1, Isy1, Crnkl1",0,NA,0,"",4
"67",110082,"Dnah5",299,"MedConf","Novel",NA,3,"Tpr, Dync1li1, Dynll2",0,NA,0,NA,0,"",0
"68",13430,"Dnm2",45,"HighConf","Novel","Endocytosis, Fc gamma R-mediated phagocytosis, Endocrine and other factor-regulated calcium reabsorption, Phospholipase D signaling pathway",6,"Hspa8, Grb2, Clta, Arf1, Cav1, Ap1g1",1,"Hspa8",0,NA,0,"",1
"69",94176,"Dock2",243,"MedConf","Novel","Fc gamma R-mediated phagocytosis",1,"Src",0,NA,0,NA,0,"",0
"70",13492,"Drd5",213,"MedConf","Novel","cAMP signaling pathway, Dopaminergic synapse, Neuroactive ligand-receptor interaction",4,"Gip, Adora2a, Glp2r, Vip",0,NA,0,NA,0,"",0
"71",235661,"Dync1li1",110,"MedConf","Novel",NA,4,"Dynll2, Tpr, Tuba1a, Dnah5",0,NA,1,"Tuba1a",0,"",1
"72",68097,"Dynll2",111,"HighConf","Novel",NA,3,"Tpr, Dnah5, Dync1li1",0,NA,0,NA,0,"",0
"73",13627,"Eef1a1",116,"MedConf","Novel","RNA transport",17,"Rpl23a, Rpl3, Rps29, Rpl37a, Rps17, Rps5, Rps8, Rpl11, Rpl13a, Rpl31, Rpl7, Rpl32, Rps4x, Rpl19, Rps27a, Rps3, Rplp0",0,NA,0,NA,0,"",0
"74",112405,"Egln1",304,"MedConf","Novel",NA,2,"Tceb1, Prkca",0,NA,0,NA,0,"",0
"75",13667,"Eif2b4",44,"HighConf","Novel","RNA transport",1,"Eif2s3x",0,NA,0,NA,0,"",0
"76",26905,"Eif2s3x",233,"HighConf","Novel","RNA transport",18,"Rps8, Eif3g, Eif2b4, Eif3i, Eif3f, Rps29, Rps3, Rps27a, Eif3e, Rps5, Rps17, Eif3b, Eif3c, Pabpc6, Rps4x, Eif3d, Rpl13a, Eif3a",0,NA,0,NA,0,"",0
"77",13669,"Eif3a",67,"MedConf","Novel","RNA transport",17,"Eif3c, Eif3b, Eif3e, Eif3g, Pabpc6, Eif2s3x, Rps17, Rps3, Rpl13a, Rps5, Eif3i, Rps8, Eif3d, Rps4x, Eif3f, Rps29, Rps27a",0,NA,0,NA,0,"",0
"78",27979,"Eif3b",70,"HighConf","Novel","RNA transport",18,"Eif3e, Eif3g, Pabpc6, Eif2s3x, Rps17, Eif3i, Pwp2, Rpl13a, Eif3f, Rps3, Rps8, Eif3d, Rps5, Rps27a, Rps29, Eif3a, Rps4x, Eif3c",0,NA,0,NA,0,"",0
"79",56347,"Eif3c",69,"HighConf","Novel","RNA transport",17,"Eif3b, Eif3e, Eif3g, Pabpc6, Eif2s3x, Eif3f, Rps3, Rps5, Rps17, Rps8, Rpl13a, Eif3a, Eif3i, Eif3d, Rps4x, Rps27a, Rps29",0,NA,0,NA,0,"",0
"80",55944,"Eif3d",65,"MedConf","Novel","RNA transport",17,"Eif3i, Eif3a, Eif3c, Eif3b, Eif3e, Eif3g, Pabpc6, Eif2s3x, Rps5, Eif3f, Rps17, Rpl13a, Rps3, Rps8, Rps4x, Rps27a, Rps29",0,NA,0,NA,0,"",0
"81",16341,"Eif3e",71,"MedConf","Novel","RNA transport",17,"Eif3g, Pabpc6, Eif2s3x, Rps17, Rps8, Rps3, Rpl13a, Rps5, Eif3i, Rps29, Rps27a, Rps4x, Eif3f, Eif3b, Eif3a, Eif3d, Eif3c",0,NA,0,NA,0,"",0
"82",66085,"Eif3f",64,"MedConf","Novel","RNA transport",17,"Eif3d, Eif3i, Eif3a, Eif3c, Eif3b, Eif3e, Eif3g, Pabpc6, Eif2s3x, Rps17, Rps5, Rps3, Rps27a, Rpl13a, Rps4x, Rps8, Rps29",0,NA,0,NA,0,"",0
"83",53356,"Eif3g",133,"HighConf","Novel","RNA transport",18,"Pabpc6, Eif2s3x, Rps8, Rpl13a, Pwp2, Eif3f, Eif3i, Eif3a, Rps5, Eif3c, Rps29, Rps3, Eif3b, Rps17, Eif3e, Rps27a, Rps4x, Eif3d",0,NA,0,NA,0,"",0
"84",54709,"Eif3i",66,"HighConf","Novel","RNA transport",17,"Eif3a, Eif3c, Eif3b, Eif3e, Eif3g, Pabpc6, Eif2s3x, Rps3, Rpl13a, Rps17, Rps29, Rps5, Rps8, Rps27a, Rps4x, Eif3f, Eif3d",0,NA,0,NA,0,"",0
"85",13685,"Eif4ebp1",143,"MedConf","Novel","RNA transport, Cellular senescence, Longevity regulating pathway, AMPK signaling pathway, PI3K-Akt signaling pathway, Insulin signaling pathway, EGFR tyrosine kinase inhibitor resistance",1,"Rptor",0,NA,0,NA,0,"",0
"86",15568,"Elavl1",115,"HighConf","Novel","AMPK signaling pathway, IL-17 signaling pathway",4,"Prkab1, Tnfsf13, Prkca, Nup214",0,NA,0,NA,0,"",0
"87",328572,"Ep300",4,"HighConf","Novel","cAMP signaling pathway, Thyroid hormone signaling pathway, FoxO signaling pathway, Melanogenesis, Glucagon signaling pathway",22,"Trp53, Med21, Med14, Il17a, Med17, Hspa8, Myd88, Cebpa, Nfkb1, Kat2a, Stat1, Tnf, Ifnb1, Tgs1, Nr1d1, Mdm2, Cebpb, Spi1, Hey1, Creb3l3, Creb3l1, Car9",1,"Hspa8",3,"Trp53, Tnf, Nfkb1",0,"",4
"88",225363,"Etf1",168,"MedConf","Novel",NA,18,"Pabpc6, Rpl23a, Rps5, Rps27a, Rps29, Rpl19, Rpl32, Rps3, Rpl11, Rps8, Rpl7, Rpl31, Rps17, Rps4x, Rpl3, Rpl13a, Rpl37a, Rplp0",0,NA,0,NA,0,"",0
"89",14055,"Ezh1",105,"HighConf","Novel",NA,2,"Hdac2, Ezh2",0,NA,0,NA,0,"",0
"90",14056,"Ezh2",63,"MedConf","Novel",NA,3,"Ezh1, Cdk1, Hdac2",0,NA,0,NA,0,"",0
"91",14103,"Fasl",74,"MedConf","Apoptosis","MAPK signaling pathway, Apoptosis, PI3K-Akt signaling pathway, Platinum drug resistance, FoxO signaling pathway, Neurotrophin signaling pathway, Cytokine-cytokine receptor interaction, Necroptosis, Ras signaling pathway",2,"Foxo4, Cflar",0,NA,1,"Cflar",0,"",1
"92",14104,"Fasn",118,"HighConf","Novel","AMPK signaling pathway, Insulin signaling pathway, Fatty acid metabolism, Fatty acid biosynthesis",2,"Nfyb, Acaca",0,NA,0,NA,0,"",0
"93",14109,"Fau",11,"HighConf","Novel","Ribosome",16,"Rps5, Rps3, Rps8, Rps4x, Rps17, Rps29, Rpl32, Rpl31, Rpl13a, Rpl3, Rpl23a, Rpsa, Trip12, Rps13, Rpl19, Rps27a",0,NA,0,NA,0,"",0
"94",103583,"Fbxw11",89,"MedConf","Novel","Cellular senescence, Hedgehog signaling pathway",5,"Ogt, Gli3, Sun2, Gli2, Gli1",0,NA,0,NA,0,"",0
"95",233080,"Ffar3",202,"HighConf","Novel",NA,12,"Uts2, Grk5 ,Grk5, P2ry2, Npffr1, Arhgef25, Tac2, P2ry10, Lpar5, Htr2b, Grpr, Ccl6, Adra1a ,Adra1a",0,NA,0,NA,0,"",0
"96",14161,"Fga",276,"MedConf","Novel",NA,1,"B2m",0,NA,0,NA,0,"",0
"97",14165,"Fgf10",173,"MedConf","Novel","MAPK signaling pathway, PI3K-Akt signaling pathway, Ras signaling pathway, Rap1 signaling pathway",3,"Fgf8, Fgf18, Ptf1a",0,NA,0,NA,0,"",0
"98",14172,"Fgf18",322,"MedConf","Novel","MAPK signaling pathway, PI3K-Akt signaling pathway, Ras signaling pathway, Rap1 signaling pathway",2,"Fgf10, Fgf8",0,NA,0,NA,0,"",0
"99",14179,"Fgf8",174,"MedConf","Novel","MAPK signaling pathway, PI3K-Akt signaling pathway, Ras signaling pathway, Rap1 signaling pathway",2,"Fgf18, Fgf10",0,NA,0,NA,0,"",0
"100",14281,"Fos",302,"MedConf","Apoptosis","MAPK signaling pathway, Apoptosis, Osteoclast differentiation, Toll-like receptor signaling pathway, IL-17 signaling pathway, Estrogen signaling pathway, Oxytocin signaling pathway, B cell receptor signaling pathway, cAMP signaling pathway, Relaxin signaling pathway, T cell receptor signaling pathway, TNF signaling pathway, Dopaminergic synapse, Th17 cell differentiation, Endocrine resistance",2,"Prkca, Tnf",0,NA,1,"Tnf",0,"",1
"101",54601,"Foxo4",134,"MedConf","Novel","FoxO signaling pathway, Ras signaling pathway",3,"Prkab1, Fasl, Stk11",0,NA,1,"Fasl",0,"",1
"102",14388,"Gab1",240,"MedConf","Novel","Neurotrophin signaling pathway, EGFR tyrosine kinase inhibitor resistance, Phospholipase D signaling pathway, Ras signaling pathway",2,"Grb2, Src",0,NA,0,NA,0,"",0
"103",57436,"Gabarapl1",219,"MedConf","Novel","NOD-like receptor signaling pathway, FoxO signaling pathway, GABAergic synapse",2,"Gabra3, Gabrb1",0,NA,0,NA,0,"",0
"104",14396,"Gabra3",220,"MedConf","Novel","Neuroactive ligand-receptor interaction, GABAergic synapse",2,"Gabrb1, Gabarapl1",0,NA,0,NA,0,"",0
"105",14400,"Gabrb1",333,"MedConf","Novel","Neuroactive ligand-receptor interaction, GABAergic synapse, Serotonergic synapse",2,"Gabra3, Gabarapl1",0,NA,0,NA,0,"",0
"106",23882,"Gadd45g",310,"MedConf","Apoptosis","MAPK signaling pathway, Apoptosis, Cellular senescence, FoxO signaling pathway, p53 signaling pathway",1,"Cdk1",0,NA,0,NA,0,"",0
"107",14607,"Gip",214,"MedConf","Novel","Insulin secretion",5,"Adora2a, Drd5, Glp2r, Vip, Pax6",0,NA,0,NA,0,"",0
"108",14632,"Gli1",288,"MedConf","Novel","cAMP signaling pathway, Hedgehog signaling pathway",2,"Sufu, Fbxw11",0,NA,0,NA,0,"",0
"109",14633,"Gli2",287,"MedConf","Novel","Hedgehog signaling pathway",2,"Sufu, Fbxw11",0,NA,0,NA,0,"",0
"110",14634,"Gli3",285,"MedConf","Novel","cAMP signaling pathway, Hedgehog signaling pathway",2,"Fbxw11, Sufu",0,NA,0,NA,0,"",0
"111",93896,"Glp2r",212,"MedConf","Novel","Neuroactive ligand-receptor interaction",4,"Drd5, Gip, Adora2a, Vip",0,NA,0,NA,0,"",0
"112",14706,"Gng4",137,"MedConf","Novel","PI3K-Akt signaling pathway, Relaxin signaling pathway, Dopaminergic synapse, GABAergic synapse, Serotonergic synapse, Ras signaling pathway",4,"Cnr1, Lpar5, Cacna1d, Prkca",0,NA,0,NA,0,"",0
"113",71520,"Grap",303,"HighConf","Novel",NA,1,"Prkca",0,NA,0,NA,0,"",0
"114",14784,"Grb2",75,"HighConf","Novel","MAPK signaling pathway, Osteoclast differentiation, PI3K-Akt signaling pathway, Estrogen signaling pathway, B cell receptor signaling pathway, Relaxin signaling pathway, T cell receptor signaling pathway, FoxO signaling pathway, Insulin signaling pathway, Neurotrophin signaling pathway, Gap junction, GnRH signaling pathway, EGFR tyrosine kinase inhibitor resistance, Phospholipase D signaling pathway, Ras signaling pathway, Endocrine resistance",20,"Ap2b1, Ap2m1, Inpp5d, Prkca, Actg1, Cd86, Itpr1, Sh2b2, Clta, Spry2, Gab1, Tnk2, Hcst, Inppl1, Tec, Cd19, Rps27a, Hras, Dnm2, Src",0,NA,3,"Itpr1, Hras, Actg1",0,"",3
"115",195733,"Grhl1",331,"MedConf","Novel",NA,1,"Tgs1",0,NA,0,NA,0,"",0
"116",14773,"Grk5 ,Grk5",204,"HighConf","Novel",NA,12,"P2ry2, Npffr1, Tac2, P2ry10, Grpr, Adra1a ,Adra1a, Cxcr4, Htr2b, Lpar5, Ffar3, Ccl6, Uts2",0,NA,0,NA,0,"",0
"117",108068,"Grm2",181,"HighConf","Novel","Neuroactive ligand-receptor interaction, Phospholipase D signaling pathway",13,"P2ry12, Oprd1, Tas2r120, Adora1, Cxcl2, Hcar1, S1pr5, Cnr1, Rxfp3, Sstr3, Lpar5, Ccl6, Cxcr4",0,NA,0,NA,0,"",0
"118",14829,"Grpr",200,"MedConf","Novel","Neuroactive ligand-receptor interaction",12,"Htr2b, Ffar3, Uts2, Grk5 ,Grk5, P2ry2, Npffr1, Arhgef25, Tac2, P2ry10, Ccl6, Lpar5, Adra1a ,Adra1a",0,NA,0,NA,0,"",0
"119",14860,"Gsta4",327,"MedConf","Novel","Platinum drug resistance",4,"Cyp2c37, Cyp2c65, Cyp2c44, Cyp2c70",0,NA,0,NA,0,"",0
"120",71828,"Gtf2a1l",283,"MedConf","Novel",NA,2,"Nfyb, Psmc5",0,NA,0,NA,0,"",0
"121",15107,"Hadh",320,"MedConf","Novel","Fatty acid metabolism",2,"Acaa1a, Oxct2a",0,NA,0,NA,0,"",0
"122",243270,"Hcar1",308,"MedConf","Novel","cAMP signaling pathway",13,"Tas2r120, P2ry12, Rxfp3, Cxcr4, Grm2, Ccl6, S1pr5, Cnr1, Lpar5, Cxcl2, Oprd1, Sstr3, Adora1",0,NA,0,NA,0,"",0
"123",23900,"Hcst",279,"HighConf","Novel",NA,1,"Grb2",0,NA,0,NA,0,"",0
"124",15182,"Hdac2",140,"HighConf","Novel","Thyroid hormone signaling pathway, Longevity regulating pathway - multiple species",8,"Hist1h2bb, Hist1h2bg, Mbd2, Hist3h2a, Ezh1, Sox2, Ezh2, Chd4",0,NA,0,NA,0,"",0
"125",15213,"Hey1",236,"MedConf","Novel",NA,1,"Ep300",0,NA,0,NA,0,"",0
"126",15258,"Hipk2",251,"HighConf","Novel","Cellular senescence",1,"Trp53",0,NA,1,"Trp53",0,"",1
"127",319178,"Hist1h2bb",222,"HighConf","Novel",NA,2,"Hist3h2a, Hdac2",0,NA,0,NA,0,"",0
"128",319181,"Hist1h2bg",223,"MedConf","Novel",NA,2,"Hist3h2a, Hdac2",0,NA,0,NA,0,"",0
"129",319162,"Hist3h2a",315,"MedConf","Novel","Necroptosis",3,"Hist1h2bb, Hdac2, Hist1h2bg",0,NA,0,NA,0,"",0
"130",11991,"Hnrnpd",124,"HighConf","Novel",NA,22,"Srsf3, Pabpc6, Pabpn1, Psme4, Sf3b3, Phf5a, U2af1, Sf3b4, Sf3a3, Sf3b1, Hnrnph1, Psme1, Psme3, Sf3a1, Psmc5, Polr2d, Snrpd1, Rps27a, Hspa8, Polr2g, Polr2b, Sf3b6",11,"U2af1, Srsf3, Snrpd1, Sf3b6, Sf3b4, Sf3b3, Sf3b1, Sf3a3, Sf3a1, Phf5a, Hspa8",0,NA,0,"",11
"131",59013,"Hnrnph1",117,"MedConf","Novel",NA,15,"Hnrnpd, Srsf3, Pabpn1, Polr2d, Polr2g, Phf5a, Sf3b4, Sf3a1, Polr2b, Sf3b1, Snrpd1, Sf3a3, U2af1, Sf3b6, Sf3b3",10,"U2af1, Srsf3, Snrpd1, Sf3b6, Sf3b4, Sf3b3, Sf3b1, Sf3a3, Sf3a1, Phf5a",0,NA,0,"",10
"132",15461,"Hras",6,"HighConf","Apoptosis","MAPK signaling pathway, Apoptosis, Cellular senescence, Longevity regulating pathway, PI3K-Akt signaling pathway, Estrogen signaling pathway, Oxytocin signaling pathway, B cell receptor signaling pathway, Relaxin signaling pathway, Thyroid hormone signaling pathway, T cell receptor signaling pathway, FoxO signaling pathway, Endocytosis, Insulin signaling pathway, Neurotrophin signaling pathway, Gap junction, GnRH signaling pathway, Melanogenesis, EGFR tyrosine kinase inhibitor resistance, Sphingolipid signaling pathway, Serotonergic synapse, Phospholipase D signaling pathway, Longevity regulating pathway - multiple species, Ras signaling pathway, Rap1 signaling pathway, Endocrine resistance",7,"Grb2, Prkca, Rasgrp1, Zhx2, Calm4, Rgl1, Src",0,NA,0,NA,0,"",0
"133",15481,"Hspa8",62,"HighConf","Spliceosome","Spliceosome, MAPK signaling pathway, Estrogen signaling pathway, Endocytosis, Longevity regulating pathway - multiple species",14,"Psmc5, Psme3, Psme4, Psme1, Hnrnpd, Stx1a, Pabpc6, Clta, Dnm2, Rps27a, Ap1g1, Sirt1, Prpf19, Ep300",1,"Prpf19",0,NA,0,"",1
"134",15559,"Htr2b",201,"HighConf","Novel","Inflammatory mediator regulation of TRP channels, Gap junction, Neuroactive ligand-receptor interaction, Serotonergic synapse",13,"Ffar3, Uts2, Grk5 ,Grk5, P2ry2, Npffr1, Arhgef25, Tac2, P2ry10, Cacna1d, Adra1a ,Adra1a, Lpar5, Ccl6, Grpr",0,NA,0,NA,0,"",0
"135",64704,"Htra2",254,"HighConf","Apoptosis","Apoptosis",1,"Traf2",0,NA,1,"Traf2",0,"",1
"136",65972,"Ifi30",277,"MedConf","Novel",NA,3,"Irf8, Stat1, B2m",0,NA,0,NA,0,"",0
"137",15977,"Ifnb1",135,"HighConf","Novel","Osteoclast differentiation, NOD-like receptor signaling pathway, Toll-like receptor signaling pathway, PI3K-Akt signaling pathway, Cytokine-cytokine receptor interaction, Necroptosis, RIG-I-like receptor signaling pathway",4,"Il21r, Il11ra1, Ep300, Stat1",0,NA,0,NA,0,"",0
"138",16157,"Il11ra1",312,"HighConf","Novel","Cytokine-cytokine receptor interaction",2,"Ifnb1, Il24",0,NA,0,NA,0,"",0
"139",16171,"Il17a",41,"MedConf","Novel","IL-17 signaling pathway, Cytokine-cytokine receptor interaction, Th17 cell differentiation",2,"Rorc, Ep300",0,NA,0,NA,0,"",0
"140",16177,"Il1r1",79,"HighConf","Novel","MAPK signaling pathway, Osteoclast differentiation, NF-kappa B signaling pathway, Inflammatory mediator regulation of TRP channels, Cytokine-cytokine receptor interaction, Th17 cell differentiation",2,"Irak4, Myd88",0,NA,0,NA,0,"",0
"141",60504,"Il21r",151,"MedConf","Novel","Cytokine-cytokine receptor interaction, Th17 cell differentiation",2,"Il24, Ifnb1",0,NA,0,NA,0,"",0
"142",93672,"Il24",198,"MedConf","Novel","Cytokine-cytokine receptor interaction",2,"Il11ra1, Il21r",0,NA,0,NA,0,"",0
"143",16319,"Incenp",129,"HighConf","Novel",NA,9,"Cdca8, Cenpt, Mapre1, Cenpu, Spdl1, Nup98, Pafah1b1, Cdc20, Nup107",0,NA,0,NA,0,"",0
"144",16331,"Inpp5d",100,"HighConf","Novel","B cell receptor signaling pathway, Fc gamma R-mediated phagocytosis",2,"Inppl1, Grb2",0,NA,0,NA,0,"",0
"145",16332,"Inppl1",280,"HighConf","Novel","B cell receptor signaling pathway, Insulin signaling pathway, Fc gamma R-mediated phagocytosis",2,"Inpp5d, Grb2",0,NA,0,NA,0,"",0
"146",266632,"Irak4",147,"HighConf","Novel","NOD-like receptor signaling pathway, NF-kappa B signaling pathway, Toll-like receptor signaling pathway, Neurotrophin signaling pathway",6,"Ppp2r2d, Il1r1, Tab2, Map3k7, Tirap, Myd88",0,NA,0,NA,0,"",0
"147",15900,"Irf8",85,"HighConf","Novel",NA,3,"Stat1, Ifi30, B2m",0,NA,0,NA,0,"",0
"148",57905,"Isy1",24,"HighConf","Spliceosome","Spliceosome",4,"Dhx8, Prpf19, Crnkl1, Plrg1",4,"Prpf19, Plrg1, Dhx8, Crnkl1",0,NA,0,"",4
"149",16434,"Itpa",272,"MedConf","Novel",NA,5,"Polr2g, Polr2b, Polr2d, Pole3, Pold3",0,NA,0,NA,0,"",0
"150",16438,"Itpr1",153,"MedConf","Apoptosis","Apoptosis, NOD-like receptor signaling pathway, Cellular senescence, Inflammatory mediator regulation of TRP channels, Estrogen signaling pathway, Oxytocin signaling pathway, cGMP-PKG signaling pathway, Gap junction, GnRH signaling pathway, Dopaminergic synapse, Serotonergic synapse, Glucagon signaling pathway, Aldosterone synthesis and secretion",7,"Ppp2r2d, Calm4, Ppp1r10, Rps27a, Stx1a, Prkca, Grb2",0,NA,0,NA,0,"",0
"151",14534,"Kat2a",108,"HighConf","Novel","Thyroid hormone signaling pathway",5,"Wdr5, Atxn7, Ep300, Med14, Med17",0,NA,0,NA,0,"",0
"152",16211,"Kpnb1",264,"HighConf","Novel","RNA transport",2,"Nup98, Ran",0,NA,0,NA,0,"",0
"153",217708,"Lin52",292,"MedConf","Novel","Cellular senescence",1,"Rbl2",0,NA,0,NA,0,"",0
"154",381810,"Lpar5",178,"MedConf","Novel","PI3K-Akt signaling pathway, Phospholipase D signaling pathway, Rap1 signaling pathway",25,"Sstr3, Ccl6, Grm2, P2ry12, Oprd1, Tas2r120, Adora1, Cxcl2, Adra1a ,Adra1a, Grpr, Htr2b, Ffar3, Uts2, Grk5 ,Grk5, P2ry2, Npffr1, Arhgef25, Tac2, Hcar1, P2ry10, Rxfp3, Cnr1, Cxcr4, S1pr5, Gng4",0,NA,0,NA,0,"",0
"155",66094,"Lsm7",271,"MedConf","Spliceosome","Spliceosome",1,"Lsm8",1,"Lsm8",0,NA,0,"",1
"156",76522,"Lsm8",33,"HighConf","Spliceosome","Spliceosome",2,"Lsm7, Sart1",2,"Sart1, Lsm7",0,NA,0,"",2
"157",26400,"Map2k7",106,"MedConf","Novel","MAPK signaling pathway, Osteoclast differentiation, Toll-like receptor signaling pathway, Relaxin signaling pathway, T cell receptor signaling pathway, Neurotrophin signaling pathway, TNF signaling pathway, GnRH signaling pathway",3,"Map3k12, Tab2, Map3k7",0,NA,0,NA,0,"",0
"158",26404,"Map3k12",296,"MedConf","Novel","MAPK signaling pathway",1,"Map2k7",0,NA,0,NA,0,"",0
"159",26409,"Map3k7",42,"HighConf","Novel","MAPK signaling pathway, Osteoclast differentiation, NOD-like receptor signaling pathway, NF-kappa B signaling pathway, Toll-like receptor signaling pathway, AMPK signaling pathway, IL-17 signaling pathway, T cell receptor signaling pathway, TNF signaling pathway, RIG-I-like receptor signaling pathway",8,"Tlr4, Tab2, Myd88, Map2k7, Irak4, Prkab1, Traf2, Rps27a",0,NA,1,"Traf2",0,"",1
"160",13589,"Mapre1",157,"MedConf","Novel",NA,13,"Tubg1, Cenpu, Spdl1, Sfi1, Pafah1b1, Cdc20, Tuba1a, Cdca8, Nup98, Cdk1, Nup107, Incenp, Cenpt",0,NA,1,"Tuba1a",0,"",1
"161",17118,"Marcks",305,"MedConf","Novel","Fc gamma R-mediated phagocytosis",1,"Prkca",0,NA,0,NA,0,"",0
"162",17191,"Mbd2",313,"HighConf","Novel",NA,2,"Chd4, Hdac2",0,NA,0,NA,0,"",0
"163",17210,"Mcl1",29,"HighConf","Apoptosis","Apoptosis, PI3K-Akt signaling pathway",3,"Bax, Pmaip1, Rps27a",0,NA,2,"Pmaip1, Bax",0,"",2
"164",17246,"Mdm2",224,"HighConf","Novel","Cellular senescence, PI3K-Akt signaling pathway, Platinum drug resistance, Thyroid hormone signaling pathway, FoxO signaling pathway, p53 signaling pathway, Endocytosis, Endocrine resistance",4,"Ep300, Rps27a, Trp53, Rpl11",0,NA,1,"Trp53",0,"",1
"165",26896,"Med14",40,"HighConf","Novel","Thyroid hormone signaling pathway",10,"Med17, Cebpa, Kat2a, Tnf, Tgs1, Cebpb, Med21, Polr2d, Polr2b, Ep300",0,NA,1,"Tnf",0,"",1
"166",234959,"Med17",54,"MedConf","Novel","Thyroid hormone signaling pathway",9,"Cebpa, Tfip11, Kat2a, Tnf, Tgs1, Cebpb, Med14, Ep300, Med21",0,NA,1,"Tnf",0,"",1
"167",108098,"Med21",37,"HighConf","Novel",NA,7,"Med14, Med17, Cebpa, Tnf, Tgs1, Cebpb, Ep300",0,NA,1,"Tnf",0,"",1
"168",17260,"Mef2c",172,"MedConf","Novel","MAPK signaling pathway, Oxytocin signaling pathway, cGMP-PKG signaling pathway",4,"Nfatc3, Nfatc1, Ctnna1, Myog",0,NA,0,NA,0,"",0
"169",17350,"Mlh1",112,"MedConf","Novel","Platinum drug resistance",2,"Pole3, Brip1",0,NA,0,NA,0,"",0
"170",17698,"Msn",119,"HighConf","Novel",NA,1,"Actg1",0,NA,1,"Actg1",0,"",1
"171",17865,"Mybl2",291,"HighConf","Novel","Cellular senescence",2,"Rbl2, Cdk1",0,NA,0,NA,0,"",0
"172",17874,"Myd88",78,"HighConf","Novel","NOD-like receptor signaling pathway, NF-kappa B signaling pathway, Toll-like receptor signaling pathway",9,"Il1r1, Nfkb1, Irak4, Map3k7, Tlr4, Nfkbib, Tirap, Ep300, Tab2",0,NA,1,"Nfkb1",0,"",1
"173",17901,"Myl1",221,"MedConf","Novel",NA,2,"Tpm1, Tnni3",0,NA,0,NA,0,"",0
"174",17928,"Myog",170,"HighConf","Novel",NA,2,"Mef2c, Rps27a",0,NA,0,NA,0,"",0
"175",27354,"Nbn",252,"MedConf","Novel","Cellular senescence",1,"Trp53",0,NA,1,"Trp53",0,"",1
"176",18002,"Nedd8",31,"MedConf","Novel",NA,3,"Acaca, Cul4a, Trp53",0,NA,1,"Trp53",0,"",1
"177",18018,"Nfatc1",321,"HighConf","Novel","MAPK signaling pathway, Osteoclast differentiation, Cellular senescence, Oxytocin signaling pathway, B cell receptor signaling pathway, cAMP signaling pathway, T cell receptor signaling pathway, cGMP-PKG signaling pathway, Th17 cell differentiation",2,"Mef2c, Nfatc3",0,NA,0,NA,0,"",0
"178",18021,"Nfatc3",199,"HighConf","Novel","MAPK signaling pathway, Cellular senescence, Oxytocin signaling pathway, B cell receptor signaling pathway, T cell receptor signaling pathway, cGMP-PKG signaling pathway, Th17 cell differentiation",2,"Nfatc1, Mef2c",0,NA,0,NA,0,"",0
"179",18033,"Nfkb1",88,"HighConf","Apoptosis","MAPK signaling pathway, Apoptosis, Osteoclast differentiation, NOD-like receptor signaling pathway, NF-kappa B signaling pathway, Cellular senescence, Toll-like receptor signaling pathway, Longevity regulating pathway, PI3K-Akt signaling pathway, IL-17 signaling pathway, B cell receptor signaling pathway, cAMP signaling pathway, Relaxin signaling pathway, T cell receptor signaling pathway, Neurotrophin signaling pathway, TNF signaling pathway, Sphingolipid signaling pathway, RIG-I-like receptor signaling pathway, Th17 cell differentiation, Ras signaling pathway, Insulin resistance",9,"Tnf, Ppp2r2d, Cebpb, Relb, Tlr4, Ep300, Nfkbib, Myd88, Rps27a",0,NA,1,"Tnf",0,"",1
"180",18036,"Nfkbib",73,"MedConf","Novel","NOD-like receptor signaling pathway, B cell receptor signaling pathway, T cell receptor signaling pathway, Neurotrophin signaling pathway, RIG-I-like receptor signaling pathway, Th17 cell differentiation",2,"Myd88, Nfkb1",0,NA,1,"Nfkb1",0,"",1
"181",18045,"Nfyb",152,"HighConf","Novel",NA,5,"Tgs1, Gtf2a1l, Psmc5, Fasn, Cyp51",0,NA,0,NA,0,"",0
"182",237362,"Npffr1",206,"MedConf","Novel","Neuroactive ligand-receptor interaction",12,"Arhgef25, Tac2, P2ry10, Ccl6, Lpar5, Ffar3, Adra1a ,Adra1a, P2ry2, Grpr, Grk5 ,Grk5, Uts2, Htr2b",0,NA,0,NA,0,"",0
"183",217166,"Nr1d1",210,"HighConf","Novel",NA,5,"Nrbp1, Ep300, Nr1h3, Rorc, Nr1h2",0,NA,0,NA,0,"",0
"184",22260,"Nr1h2",102,"HighConf","Novel","Insulin resistance",4,"Nr1h3, Rorc, Nr1d1, Nrbp1",0,NA,0,NA,0,"",0
"185",22259,"Nr1h3",103,"HighConf","Novel","Insulin resistance",4,"Rorc, Nr1d1, Nrbp1, Nr1h2",0,NA,0,NA,0,"",0
"186",192292,"Nrbp1",294,"HighConf","Novel",NA,4,"Rorc, Nr1h2, Nr1d1, Nr1h3",0,NA,0,NA,0,"",0
"187",66566,"Ntpcr",273,"HighConf","Novel",NA,5,"Polr2b, Polr2g, Rrm1, Rrm2, Polr2d",0,NA,0,NA,0,"",0
"188",103468,"Nup107",127,"MedConf","Novel","RNA transport",15,"Incenp, Cdca8, Cenpt, Mapre1, Nxf1, Cenpu, Nup210, Spdl1, Pafah1b1, Nup214, Cdc20, Tpr, Nup50, Snrpd1, Nup98",1,"Snrpd1",0,NA,0,"",1
"189",54563,"Nup210",261,"HighConf","Novel","RNA transport",7,"Nup50, Nup214, Nup98, Snrpd1, Nup107, Tpr, Nxf1",1,"Snrpd1",0,NA,0,"",1
"190",227720,"Nup214",95,"HighConf","Novel","RNA transport",9,"Tpr, Elavl1, Nup107, Nxf1, Nup210, Tnfsf13, Snrpd1, Nup50, Nup98",1,"Snrpd1",0,NA,0,"",1
"191",18141,"Nup50",57,"MedConf","Novel","RNA transport",7,"Nup214, Tpr, Nup107, Nxf1, Nup210, Nup98, Snrpd1",1,"Snrpd1",0,NA,0,"",1
"192",269966,"Nup98",20,"HighConf","Novel","RNA transport",16,"Nup50, Nup214, Cdc20, Pafah1b1, Tpr, Nup107, Incenp, Cdca8, Cenpt, Mapre1, Nxf1, Cenpu, Nup210, Kpnb1, Spdl1, Snrpd1",1,"Snrpd1",0,NA,0,"",1
"193",53319,"Nxf1",165,"HighConf","Novel","RNA transport",8,"Nup210, Tpr, Nup107, Nup98, U2af1, Nup50, Srsf3, Nup214",2,"U2af1, Srsf3",0,NA,0,"",2
"194",108155,"Ogt",99,"HighConf","Novel","Insulin resistance",2,"Wdr5, Fbxw11",0,NA,0,NA,0,"",0
"195",18386,"Oprd1",183,"MedConf","Novel","cGMP-PKG signaling pathway, Sphingolipid signaling pathway, Neuroactive ligand-receptor interaction",13,"Tas2r120, Adora1, Cxcl2, Hcar1, Cnr1, S1pr5, P2ry12, Grm2, Cxcr4, Rxfp3, Sstr3, Lpar5, Ccl6",0,NA,0,NA,0,"",0
"196",64059,"Oxct2a",169,"MedConf","Novel",NA,1,"Hadh",0,NA,0,NA,0,"",0
"197",78826,"P2ry10",325,"MedConf","Novel","Neuroactive ligand-receptor interaction",12,"P2ry2, Arhgef25, Ffar3, Grk5 ,Grk5, Npffr1, Htr2b, Tac2, Ccl6, Lpar5, Uts2, Adra1a ,Adra1a, Grpr",0,NA,0,NA,0,"",0
"198",70839,"P2ry12",182,"MedConf","Novel",NA,13,"Oprd1, Tas2r120, Adora1, Cxcl2, Hcar1, Grm2, S1pr5, Ccl6, Cnr1, Rxfp3, Sstr3, Cxcr4, Lpar5",0,NA,0,NA,0,"",0
"199",18442,"P2ry2",205,"MedConf","Novel","Inflammatory mediator regulation of TRP channels, Neuroactive ligand-receptor interaction",12,"Npffr1, Arhgef25, Tac2, P2ry10, Ccl6, Ffar3, Lpar5, Uts2, Adra1a ,Adra1a, Grpr, Htr2b, Grk5 ,Grk5",0,NA,0,NA,0,"",0
"200",67543,"Pabpc6",196,"HighConf","Novel","RNA transport",34,"Eif2s3x, Psme3, Rps8, Rpl32, Rps27a, Eif3f, Rps4x, Eif3d, Rpl11, Rplp0, Hspa8, Rpl13a, Rpl23a, Rps5, Psme4, Cnot6, Eif3a, Psme1, Rpl7, Eif3i, Rpl31, Eif3b, Etf1, Hnrnpd, Eif3c, Rpl3, Psmc5, Rpl37a, Eif3e, Rps3, Rpl19, Rps29, Eif3g, Rps17",1,"Hspa8",0,NA,0,"",1
"201",54196,"Pabpn1",260,"HighConf","Novel",NA,15,"Sf3b6, Sf3b4, Hnrnpd, Hnrnph1, Polr2d, Srsf3, Sf3a1, U2af1, Polr2b, Sf3b1, Snrpd1, Sf3b3, Sf3a3, Phf5a, Polr2g",10,"U2af1, Srsf3, Snrpd1, Sf3b6, Sf3b4, Sf3b3, Sf3b1, Sf3a3, Sf3a1, Phf5a",0,NA,0,"",10
"202",18472,"Pafah1b1",109,"HighConf","Novel",NA,13,"Cdk1, Nup107, Incenp, Cdca8, Tuba1a, Cenpt, Mapre1, Tubg1, Cenpu, Spdl1, Sfi1, Cdc20, Nup98",0,NA,1,"Tuba1a",0,"",1
"203",18508,"Pax6",159,"MedConf","Novel",NA,1,"Gip",0,NA,0,NA,0,"",0
"204",18631,"Pex11a",329,"MedConf","Novel",NA,1,"Tgs1",0,NA,0,NA,0,"",0
"205",18673,"Phb",249,"MedConf","Novel",NA,1,"Trp53",0,NA,1,"Trp53",0,"",1
"206",68479,"Phf5a",93,"MedConf","Spliceosome","Spliceosome",16,"Hnrnph1, Hnrnpd, Srsf3, Pabpn1, Sart1, Sf3a3, Sf3a1, Polr2d, Polr2b, U2af1, Polr2g, Sf3b1, Sf3b3, Snrpd1, Sf3b6, Sf3b4",10,"U2af1, Srsf3, Snrpd1, Sf3b6, Sf3b4, Sf3b3, Sf3b1, Sf3a3, Sf3a1, Sart1",0,NA,0,"",10
"207",53317,"Plrg1",23,"MedConf","Spliceosome","Spliceosome",9,"Isy1, Dhx8, Prpf19, Sf3b3, Tfip11, Crnkl1, Sf3a1, Sf3a3, Sf3b1",8,"Sf3b3, Sf3b1, Sf3a3, Sf3a1, Prpf19, Isy1, Dhx8, Crnkl1",0,NA,0,"",8
"208",58801,"Pmaip1",268,"HighConf","Apoptosis","Apoptosis, Platinum drug resistance, p53 signaling pathway",1,"Mcl1",0,NA,1,"Mcl1",0,"",1
"209",67967,"Pold3",86,"HighConf","Novel","Nucleotide excision repair, Pyrimidine metabolism",2,"Pole3, Itpa",0,NA,0,NA,0,"",0
"210",59001,"Pole3",158,"HighConf","Novel","Nucleotide excision repair, Pyrimidine metabolism",4,"Itpa, Mlh1, Pold3, Rev3l",0,NA,0,NA,0,"",0
"211",80905,"Polh",32,"MedConf","Novel","Platinum drug resistance",1,"Xpa",0,NA,0,NA,0,"",0
"212",231329,"Polr2b",36,"MedConf","Novel","Pyrimidine metabolism, RNA polymerase",22,"Polr2g, Polr2d, Med14, Cdk9, U2af1, Phf5a, Hnrnph1, Hnrnpd, Tceb1, Srsf3, Pabpn1, Dgcr8, Itpa, Ntpcr, Sf3a1, Sf3b1, Supt5, Snrpd1, Sf3b6, Sf3b3, Sf3b4, Sf3a3",10,"U2af1, Srsf3, Snrpd1, Sf3b6, Sf3b4, Sf3b3, Sf3b1, Sf3a3, Sf3a1, Phf5a",0,NA,0,"",10
"213",69241,"Polr2d",39,"HighConf","Novel","Pyrimidine metabolism, RNA polymerase",22,"Med14, Cdk9, U2af1, Phf5a, Hnrnph1, Hnrnpd, Tceb1, Srsf3, Pabpn1, Dgcr8, Itpa, Ntpcr, Polr2g, Sf3a3, Sf3a1, Sf3b1, Supt5, Polr2b, Sf3b3, Snrpd1, Sf3b4, Sf3b6",10,"U2af1, Srsf3, Snrpd1, Sf3b6, Sf3b4, Sf3b3, Sf3b1, Sf3a3, Sf3a1, Phf5a",0,NA,0,"",10
"214",67710,"Polr2g",38,"HighConf","Novel","Pyrimidine metabolism, RNA polymerase",21,"Polr2d, Cdk9, U2af1, Phf5a, Hnrnph1, Hnrnpd, Tceb1, Srsf3, Pabpn1, Dgcr8, Itpa, Ntpcr, Supt5, Sf3b1, Sf3b4, Sf3b6, Sf3a1, Polr2b, Sf3a3, Sf3b3, Snrpd1",10,"U2af1, Srsf3, Snrpd1, Sf3b6, Sf3b4, Sf3b3, Sf3b1, Sf3a3, Sf3a1, Phf5a",0,NA,0,"",10
"215",52040,"Ppp1r10",319,"MedConf","Novel",NA,2,"Itpr1, Ppp2r2d",0,NA,1,"Itpr1",0,"",1
"216",52432,"Ppp2r2d",209,"HighConf","Novel","AMPK signaling pathway, PI3K-Akt signaling pathway, Adrenergic signaling in cardiomyocytes, Dopaminergic synapse, Sphingolipid signaling pathway",8,"Cacnb4, Cacna2d2, Ppp1r10, Nfkb1, Irak4, Cacna1d, Itpr1, Tnni3",0,NA,2,"Nfkb1, Itpr1",0,"",2
"217",19079,"Prkab1",154,"HighConf","Novel","Longevity regulating pathway, AMPK signaling pathway, Oxytocin signaling pathway, FoxO signaling pathway, Insulin signaling pathway, Glucagon signaling pathway, Longevity regulating pathway - multiple species, Insulin resistance",6,"Rptor, Stk11, Acaca, Map3k7, Elavl1, Foxo4",0,NA,0,NA,0,"",0
"218",18750,"Prkca",114,"MedConf","Novel","MAPK signaling pathway, PI3K-Akt signaling pathway, Inflammatory mediator regulation of TRP channels, Oxytocin signaling pathway, Relaxin signaling pathway, Thyroid hormone signaling pathway, Gap junction, Fc gamma R-mediated phagocytosis, Adrenergic signaling in cardiomyocytes, GnRH signaling pathway, Melanogenesis, Dopaminergic synapse, EGFR tyrosine kinase inhibitor resistance, Sphingolipid signaling pathway, Endocrine and other factor-regulated calcium reabsorption, GABAergic synapse, Serotonergic synapse, Insulin secretion, Phospholipase D signaling pathway, Ras signaling pathway, Rap1 signaling pathway, Aldosterone synthesis and secretion",15,"Elavl1, Actg1, Cdk1, Gng4, Itpr1, Creb3l3, Creb3l1, Tec, Fos, Grap, Egln1, Marcks, Hras, Grb2, Src",0,NA,4,"Itpr1, Hras, Fos, Actg1",0,"",4
"219",27374,"Prmt5",259,"MedConf","Novel","RNA transport",2,"Snrpg, Snrpd1",2,"Snrpg, Snrpd1",0,NA,0,"",2
"220",28000,"Prpf19",26,"HighConf","Spliceosome","Spliceosome",17,"Sf3b3, Sf3b4, Snrpg, Sf3b6, Hspa8, Tfip11, Crnkl1, Prpf39, Bud13, Isy1, Dhx8, Plrg1, Sf3a1, Snrpd1, Sf3b1, Sf3a3, Sart1",14,"Snrpg, Snrpd1, Sf3b6, Sf3b4, Sf3b3, Sf3b1, Sf3a3, Sf3a1, Sart1, Plrg1, Isy1, Hspa8, Dhx8, Crnkl1",0,NA,0,"",14
"221",328110,"Prpf39",258,"MedConf","Novel",NA,5,"Sf3b3, Sart1, Sf3a3, Snrpd1, Prpf19",5,"Snrpd1, Sf3b3, Sf3a3, Sart1, Prpf19",0,NA,0,"",5
"222",19184,"Psmc5",82,"HighConf","Novel",NA,16,"Psme3, Psme4, Cdc20, Smurf1, Psme1, Cdk1, Hnrnpd, Tnks, Nfyb, Pabpc6, Rnf146, Trip12, Gtf2a1l, Hspa8, Cdk9, Rps27a",1,"Hspa8",0,NA,0,"",1
"223",19186,"Psme1",107,"MedConf","Novel",NA,13,"Cdk1, Hnrnpd, Tnf, Tnks, Pabpc6, Rnf146, Psme3, Psmc5, Hspa8, Psme4, Cdc20, Smurf1, Rps27a",1,"Hspa8",1,"Tnf",0,"",2
"224",19192,"Psme3",83,"HighConf","Novel",NA,13,"Psme4, Cdc20, Smurf1, Psme1, Cdk1, Hnrnpd, Tnf, Tnks, Pabpc6, Rnf146, Hspa8, Rps27a, Psmc5",1,"Hspa8",1,"Tnf",0,"",2
"225",103554,"Psme4",84,"HighConf","Novel",NA,12,"Cdc20, Smurf1, Psme1, Cdk1, Hnrnpd, Tnks, Pabpc6, Rnf146, Psmc5, Psme3, Rps27a, Hspa8",1,"Hspa8",0,NA,0,"",1
"226",19213,"Ptf1a",323,"MedConf","Novel",NA,1,"Fgf10",0,NA,0,NA,0,"",0
"227",110816,"Pwp2",68,"MedConf","Novel",NA,2,"Eif3b, Eif3g",0,NA,0,NA,0,"",0
"228",19358,"Rad23a",278,"MedConf","Novel","Nucleotide excision repair",1,"Acaca",0,NA,0,NA,0,"",0
"229",19384,"Ran",21,"HighConf","Novel","RNA transport",2,"Kpnb1, Dgcr8",0,NA,0,NA,0,"",0
"230",19419,"Rasgrp1",194,"MedConf","Novel","MAPK signaling pathway, T cell receptor signaling pathway, Ras signaling pathway",4,"Cacnb4, Cacna2d2, Hras, Cacna1d",0,NA,1,"Hras",0,"",1
"231",19651,"Rbl2",98,"MedConf","Novel","Cellular senescence, PI3K-Akt signaling pathway, FoxO signaling pathway",4,"Cdk1, Mybl2, Lin52, Rps27a",0,NA,0,NA,0,"",0
"232",19698,"Relb",284,"HighConf","Novel","MAPK signaling pathway, Osteoclast differentiation, NF-kappa B signaling pathway",1,"Nfkb1",0,NA,1,"Nfkb1",0,"",1
"233",19714,"Rev3l",148,"MedConf","Novel","Platinum drug resistance",1,"Pole3",0,NA,0,NA,0,"",0
"234",19731,"Rgl1",246,"HighConf","Novel","Ras signaling pathway",2,"Tgs1, Hras",0,NA,1,"Hras",0,"",1
"235",68031,"Rnf146",234,"HighConf","Novel",NA,6,"Psme1, Tnks, Psme3, Psmc5, Psme4, Rps27a",0,NA,0,NA,0,"",0
"236",19885,"Rorc",145,"MedConf","Novel","Th17 cell differentiation",5,"Nr1d1, Nrbp1, Il17a, Nr1h3, Nr1h2",0,NA,0,NA,0,"",0
"237",67025,"Rpl11",7,"HighConf","Novel","Ribosome",24,"Rpl37a, Rplp0, Rpl19, Rpl7, Trp53, Rps5, Rps3, Rps8, Rps4x, Rps17, Rps29, Rpl32, Rpl31, Rpl13a, Rpl3, Eef1a1, Rpn2, Ddost, Rpl23a, Etf1, Pabpc6, Mdm2, Ssr4, Rps27a",0,NA,1,"Trp53",0,"",1
"238",22121,"Rpl13a",60,"HighConf","Novel","Ribosome",32,"Rpl3, Eif3f, Eif3d, Eif3i, Eif3a, Eif3c, Eif3b, Eif3e, Eef1a1, Rpn2, Ddost, Eif3g, Rpl23a, Etf1, Pabpc6, Ssr4, Eif2s3x, Rps3, Rpl11, Rps17, Rpl31, Rps5, Rplp0, Rpl37a, Fau, Rps8, Rpl32, Rpl7, Rps27a, Rps29, Rpl19, Rps4x",0,NA,0,NA,0,"",0
"239",19921,"Rpl19",10,"MedConf","Novel","Ribosome",23,"Fau, Rpl7, Rps5, Rps3, Rps8, Rps4x, Rps17, Rps29, Rpl32, Rpl31, Rpl13a, Rpl3, Eef1a1, Rpn2, Ddost, Rpl23a, Etf1, Pabpc6, Ssr4, Rps27a, Rplp0, Rpl11, Rpl37a",0,NA,0,NA,0,"",0
"240",268449,"Rpl23a",167,"HighConf","Novel","Ribosome",23,"Etf1, Pabpc6, Ssr4, Eef1a1, Rpn2, Rps8, Rps17, Rpl13a, Rpl37a, Rpl19, Rps27a, Rpl32, Rpl11, Rps29, Rplp0, Ddost, Rpl7, Rpl3, Rps4x, Fau, Rps3, Rpl31, Rps5",0,NA,0,NA,0,"",0
"241",27367,"Rpl3",61,"HighConf","Novel","Ribosome",23,"Eef1a1, Rpn2, Ddost, Rpl23a, Etf1, Pabpc6, Ssr4, Rps3, Rps27a, Rps17, Rps5, Rpl11, Rpl13a, Rpl37a, Rpl32, Rplp0, Rpl31, Rps8, Fau, Rps29, Rps4x, Rpl19, Rpl7",0,NA,0,NA,0,"",0
"242",114641,"Rpl31",59,"MedConf","Novel","Ribosome",23,"Rpl13a, Rpl3, Eef1a1, Rpn2, Ddost, Rpl23a, Etf1, Pabpc6, Ssr4, Fau, Rps3, Rpl11, Rps5, Rpl32, Rpl37a, Rps8, Rps27a, Rps17, Rplp0, Rps4x, Rpl7, Rpl19, Rps29",0,NA,0,NA,0,"",0
"243",19951,"Rpl32",58,"MedConf","Novel","Ribosome",23,"Rpl31, Rpl13a, Rpl3, Eef1a1, Rpn2, Ddost, Rpl23a, Etf1, Pabpc6, Ssr4, Rpl37a, Rps5, Rpl11, Rps3, Rpl7, Rpl19, Fau, Rps4x, Rplp0, Rps27a, Rps17, Rps29, Rps8",0,NA,0,NA,0,"",0
"244",19981,"Rpl37a",8,"HighConf","Novel","Ribosome",22,"Rplp0, Rpl19, Rpl7, Rps5, Rps3, Rps8, Rps4x, Rps17, Rps29, Rpl32, Rpl31, Rpl13a, Rpl3, Eef1a1, Rpn2, Ddost, Rpl23a, Etf1, Pabpc6, Ssr4, Rps27a, Rpl11",0,NA,0,NA,0,"",0
"245",19989,"Rpl7",12,"MedConf","Novel","Ribosome",22,"Rps5, Rps3, Rps8, Rps4x, Rps17, Rps29, Rpl32, Rpl31, Rpl13a, Rpl3, Eef1a1, Rpn2, Ddost, Rpl23a, Etf1, Pabpc6, Ssr4, Rpl19, Rpl11, Rpl37a, Rps27a, Rplp0",0,NA,0,NA,0,"",0
"246",11837,"Rplp0",9,"HighConf","Novel","Ribosome",22,"Rpl19, Rpl7, Rps5, Rps3, Rps8, Rps4x, Rps17, Rps29, Rpl32, Rpl31, Rpl13a, Rpl3, Eef1a1, Rpn2, Ddost, Rpl23a, Etf1, Pabpc6, Ssr4, Rpl11, Rpl37a, Rps27a",0,NA,0,NA,0,"",0
"247",20014,"Rpn2",126,"MedConf","Novel",NA,19,"Ddost, Rpl23a, Ssr4, Rps17, Rpl37a, Rpl19, Rpl11, Rps29, Rpl13a, Rpl3, Rpl32, Rps8, Rps4x, Rplp0, Rps3, Rpl7, Rpl31, Rps27a, Rps5",0,NA,0,NA,0,"",0
"248",68052,"Rps13",248,"HighConf","Novel","Ribosome",1,"Fau",0,NA,0,NA,0,"",0
"249",20068,"Rps17",51,"HighConf","Novel","Ribosome",33,"Rps29, Rpl32, Rpl31, Rpl13a, Rpl3, Eif3f, Eif3d, Eif3i, Eif3a, Eif3c, Eif3b, Eif3e, Eef1a1, Rpn2, Ddost, Eif3g, Rpl23a, Etf1, Pabpc6, Rpsa, Ssr4, Eif2s3x, Rps5, Rpl11, Rpl19, Rps27a, Rps8, Rps3, Rps4x, Rpl37a, Rpl7, Fau, Rplp0",0,NA,0,NA,0,"",0
"250",78294,"Rps27a",2,"HighConf","Novel","Ribosome",66,"Rpl11, Rpl37a, Rplp0, Rpl19, Fau, Rpl7, Trp53, Traf2, Mcl1, Map3k7, Rps5, Rps3, Rps8, Rps4x, Rps17, Rps29, Acaca, Rpl32, Rpl31, Rpl13a, Rpl3, Hspa8, Eif3f, Eif3d, Eif3i, Eif3a, Eif3c, Eif3b, Eif3e, Grb2, Tab2, Psmc5, Psme3, Psme4, Cebpa, Nfkb1, Sox2, Cdc20, Rbl2, Smurf1, Psme1, Eef1a1, Stat1, Cdk1, Hnrnpd, Tceb1, Rpn2, Ddost, Eif3g, Tnks, Itpr1, Rpl23a, Etf1, Myog, Pabpc6, Mdm2, Rpsa, Tardbp, Spry2, Chmp4b, Cebpb, Rspo2, Adam10, Ssr4, Eif2s3x, Rnf146",1,"Hspa8",5,"Trp53, Traf2, Nfkb1, Mcl1, Itpr1",0,"",6
"251",20090,"Rps29",52,"HighConf","Novel","Ribosome",32,"Rpl32, Rpl31, Rpl13a, Rpl3, Eif3f, Eif3d, Eif3i, Eif3a, Eif3c, Eif3b, Eif3e, Eef1a1, Rpn2, Ddost, Eif3g, Rpl23a, Etf1, Pabpc6, Ssr4, Eif2s3x, Rpl7, Rpl19, Rpl11, Rps5, Rps3, Rpl37a, Fau, Rps4x, Rps27a, Rps17, Rplp0, Rps8",0,NA,0,NA,0,"",0
"252",27050,"Rps3",48,"HighConf","Novel","Ribosome",33,"Rps8, Rps4x, Rps17, Rps29, Rpl32, Rpl31, Rpl13a, Rpl3, Eif3f, Eif3d, Eif3i, Eif3a, Eif3c, Eif3b, Eif3e, Eef1a1, Rpn2, Ddost, Eif3g, Rpl23a, Etf1, Pabpc6, Rpsa, Ssr4, Eif2s3x, Rpl7, Rps27a, Rplp0, Rps5, Rpl19, Fau, Rpl37a, Rpl11",0,NA,0,NA,0,"",0
"253",20102,"Rps4x",50,"HighConf","Novel","Ribosome",33,"Rps17, Rps29, Rpl32, Rpl31, Rpl13a, Rpl3, Eif3f, Eif3d, Eif3i, Eif3a, Eif3c, Eif3b, Eif3e, Eef1a1, Rpn2, Ddost, Eif3g, Rpl23a, Etf1, Pabpc6, Rpsa, Ssr4, Eif2s3x, Rps27a, Rpl11, Rps5, Rps3, Rps8, Rplp0, Rpl37a, Rpl7, Fau, Rpl19",0,NA,0,NA,0,"",0
"254",20103,"Rps5",47,"MedConf","Novel","Ribosome",33,"Rps3, Rps8, Rps4x, Rps17, Rps29, Rpl32, Rpl31, Rpl13a, Rpl3, Eif3f, Eif3d, Eif3i, Eif3a, Eif3c, Eif3b, Eif3e, Eef1a1, Rpn2, Ddost, Eif3g, Rpl23a, Etf1, Pabpc6, Rpsa, Ssr4, Eif2s3x, Rps27a, Rpl37a, Rpl7, Rpl11, Rpl19, Fau, Rplp0",0,NA,0,NA,0,"",0
"255",72508,"Rps6kb1",22,"MedConf","Novel","Longevity regulating pathway, AMPK signaling pathway, PI3K-Akt signaling pathway, Insulin signaling pathway, Fc gamma R-mediated phagocytosis, EGFR tyrosine kinase inhibitor resistance, Longevity regulating pathway - multiple species, Insulin resistance, Endocrine resistance",1,"Rptor",0,NA,0,NA,0,"",0
"256",20116,"Rps8",49,"MedConf","Novel","Ribosome",33,"Rps4x, Rps17, Rps29, Rpl32, Rpl31, Rpl13a, Rpl3, Eif3f, Eif3d, Eif3i, Eif3a, Eif3c, Eif3b, Eif3e, Eef1a1, Rpn2, Ddost, Eif3g, Rpl23a, Etf1, Pabpc6, Rpsa, Ssr4, Eif2s3x, Rps5, Rplp0, Rps3, Rpl37a, Rpl19, Rps27a, Rpl11, Rpl7, Fau",0,NA,0,NA,0,"",0
"257",16785,"Rpsa",225,"HighConf","Novel","Ribosome",7,"Rps17, Rps3, Rps27a, Fau, Rps8, Rps4x, Rps5",0,NA,0,NA,0,"",0
"258",74370,"Rptor",267,"MedConf","Novel","Longevity regulating pathway, AMPK signaling pathway, PI3K-Akt signaling pathway, Insulin signaling pathway, Longevity regulating pathway - multiple species",3,"Prkab1, Rps6kb1, Eif4ebp1",0,NA,0,NA,0,"",0
"259",20133,"Rrm1",55,"HighConf","Novel","Pyrimidine metabolism",2,"Rrm2, Ntpcr",0,NA,0,NA,0,"",0
"260",20135,"Rrm2",161,"HighConf","Novel","p53 signaling pathway, Pyrimidine metabolism",3,"Ntpcr, Cdk1, Rrm1",0,NA,0,NA,0,"",0
"261",239405,"Rspo2",230,"MedConf","Novel",NA,1,"Rps27a",0,NA,0,NA,0,"",0
"262",239336,"Rxfp3",136,"MedConf","Novel","Relaxin signaling pathway, Neuroactive ligand-receptor interaction",13,"S1pr5, Cnr1, Lpar5, Sstr3, Ccl6, Grm2, P2ry12, Oprd1, Tas2r120, Adora1, Cxcl2, Hcar1, Cxcr4",0,NA,0,NA,0,"",0
"263",94226,"S1pr5",176,"HighConf","Novel","Sphingolipid signaling pathway, Neuroactive ligand-receptor interaction",13,"Cnr1, Lpar5, Sstr3, Ccl6, Grm2, P2ry12, Oprd1, Tas2r120, Adora1, Cxcl2, Hcar1, Rxfp3, Cxcr4",0,NA,0,NA,0,"",0
"264",20227,"Sart1",19,"HighConf","Spliceosome","Spliceosome",10,"Prpf19, Sf3b3, Sf3b4, Lsm8, Phf5a, Prpf39, Bud13, Sf3b1, Sf3a1, Sf3a3",8,"Sf3b4, Sf3b3, Sf3b1, Sf3a3, Sf3a1, Prpf19, Phf5a, Lsm8",0,NA,0,"",8
"265",218811,"Sec24c",275,"MedConf","Novel",NA,1,"B2m",0,NA,0,NA,0,"",0
"266",67465,"Sf3a1",18,"HighConf","Spliceosome","Spliceosome",19,"Sart1, Plrg1, Prpf19, Sf3b3, Sf3b4, Sf3b6, Polr2b, Polr2g, Polr2d, U2af1, Phf5a, Hnrnph1, Hnrnpd, Srsf3, Crnkl1, Pabpn1, Snrpd1, Sf3b1, Sf3a3",13,"U2af1, Srsf3, Snrpd1, Sf3b6, Sf3b4, Sf3b3, Sf3b1, Sf3a3, Sart1, Prpf19, Plrg1, Phf5a, Crnkl1",0,NA,0,"",13
"267",75062,"Sf3a3",17,"HighConf","Spliceosome","Spliceosome",21,"Sf3a1, Sart1, Plrg1, Prpf19, Sf3b3, Sf3b4, Sf3b6, Polr2b, Polr2g, Polr2d, U2af1, Phf5a, Tfip11, Hnrnph1, Hnrnpd, Srsf3, Crnkl1, Prpf39, Pabpn1, Snrpd1, Sf3b1",13,"U2af1, Srsf3, Snrpd1, Sf3b6, Sf3b4, Sf3b3, Sf3b1, Sf3a1, Sart1, Prpf19, Plrg1, Phf5a, Crnkl1",0,NA,0,"",13
"268",81898,"Sf3b1",16,"HighConf","Spliceosome","Spliceosome",21,"Sf3a3, Sf3a1, Sart1, Plrg1, Prpf19, Sf3b3, Sf3b4, Sf3b6, Polr2b, Polr2g, Polr2d, U2af1, Phf5a, Hnrnph1, Hnrnpd, Srsf3, Crnkl1, Pabpn1, Bud13, Ccdc97, Snrpd1",13,"U2af1, Srsf3, Snrpd1, Sf3b6, Sf3b4, Sf3b3, Sf3a3, Sf3a1, Sart1, Prpf19, Plrg1, Phf5a, Crnkl1",0,NA,0,"",13
"269",101943,"Sf3b3",27,"MedConf","Spliceosome","Spliceosome",21,"Sf3b4, Sf3b6, Polr2b, Polr2g, Polr2d, U2af1, Phf5a, Tfip11, Hnrnph1, Hnrnpd, Srsf3, Crnkl1, Prpf39, Pabpn1, Snrpd1, Prpf19, Plrg1, Sart1, Sf3a3, Sf3a1, Sf3b1",13,"U2af1, Srsf3, Snrpd1, Sf3b6, Sf3b4, Sf3b1, Sf3a3, Sf3a1, Sart1, Prpf19, Plrg1, Phf5a, Crnkl1",0,NA,0,"",13
"270",107701,"Sf3b4",30,"MedConf","Spliceosome","Spliceosome",17,"Sf3b6, Polr2b, Polr2g, Polr2d, U2af1, Phf5a, Hnrnph1, Hnrnpd, Srsf3, Pabpn1, Sf3b3, Snrpd1, Sf3a1, Sf3b1, Prpf19, Sf3a3, Sart1",11,"U2af1, Srsf3, Snrpd1, Sf3b6, Sf3b3, Sf3b1, Sf3a3, Sf3a1, Sart1, Prpf19, Phf5a",0,NA,0,"",11
"271",66055,"Sf3b6",35,"MedConf","Spliceosome","Spliceosome",17,"Polr2b, Polr2g, Polr2d, U2af1, Phf5a, Hnrnph1, Hnrnpd, Srsf3, Pabpn1, Ccdc97, Sf3a1, Snrpd1, Sf3a3, Prpf19, Sf3b1, Sf3b3, Sf3b4",10,"U2af1, Srsf3, Snrpd1, Sf3b4, Sf3b3, Sf3b1, Sf3a3, Sf3a1, Prpf19, Phf5a",0,NA,0,"",10
"272",78887,"Sfi1",298,"MedConf","Novel",NA,5,"Tuba1a, Mapre1, Pafah1b1, Cdk1, Tubg1",0,NA,1,"Tuba1a",0,"",1
"273",23921,"Sh2b2",166,"MedConf","Novel","Insulin signaling pathway, Neurotrophin signaling pathway",4,"Ackr2, Src, Actg1, Grb2",0,NA,1,"Actg1",0,"",1
"274",93759,"Sirt1",3,"HighConf","Novel","Cellular senescence, Longevity regulating pathway, AMPK signaling pathway, FoxO signaling pathway, Glucagon signaling pathway, Longevity regulating pathway - multiple species",2,"Trp53, Hspa8",1,"Hspa8",1,"Trp53",0,"",2
"275",20874,"Slk",311,"HighConf","Novel",NA,1,"Cdk1",0,NA,0,NA,0,"",0
"276",17130,"Smad6",289,"HighConf","Novel",NA,2,"Bmp2, Smurf1",0,NA,0,NA,0,"",0
"277",75788,"Smurf1",101,"HighConf","Novel","Endocytosis, Hedgehog signaling pathway",7,"Psme1, Smad6, Psme4, Psme3, Psmc5, Bmp2, Rps27a",0,NA,0,NA,0,"",0
"278",20641,"Snrpd1",15,"HighConf","Spliceosome","Spliceosome",27,"Sf3b1, Sf3a3, Sf3a1, Nup98, Prpf19, Sf3b3, Sf3b4, Snrpg, Sf3b6, Polr2b, Polr2g, Polr2d, Nup50, U2af1, Phf5a, Nup214, Tpr, Hnrnph1, Hnrnpd, Nup107, Srsf3, Tgs1, Crnkl1, Prpf39, Prmt5, Pabpn1, Nup210",12,"U2af1, Srsf3, Snrpg, Sf3b6, Sf3b4, Sf3b3, Sf3b1, Sf3a3, Sf3a1, Prpf19, Phf5a, Crnkl1",0,NA,0,"",12
"279",68011,"Snrpg",34,"MedConf","Spliceosome","Spliceosome",3,"Prmt5, Snrpd1, Prpf19",2,"Snrpd1, Prpf19",0,NA,0,"",2
"280",20674,"Sox2",96,"MedConf","Novel",NA,2,"Hdac2, Rps27a",0,NA,0,NA,0,"",0
"281",70385,"Spdl1",265,"MedConf","Novel",NA,9,"Nup107, Cdca8, Cdc20, Pafah1b1, Nup98, Cenpu, Cenpt, Mapre1, Incenp",0,NA,0,NA,0,"",0
"282",20375,"Spi1",235,"HighConf","Novel","Osteoclast differentiation",1,"Ep300",0,NA,0,NA,0,"",0
"283",24064,"Spry2",227,"MedConf","Novel",NA,3,"Grb2, Rps27a, Src",0,NA,0,NA,0,"",0
"284",20779,"Src",5,"HighConf","Novel","Inflammatory mediator regulation of TRP channels, Estrogen signaling pathway, Oxytocin signaling pathway, Relaxin signaling pathway, Thyroid hormone signaling pathway, Endocytosis, Gap junction, GnRH signaling pathway, EGFR tyrosine kinase inhibitor resistance, GABAergic synapse, Rap1 signaling pathway, Endocrine resistance",12,"Hras, Grb2, Prkca, Stat1, Cd86, Sh2b2, Spry2, Gab1, Tnk2, Cd80, Dock2, Cav1",0,NA,1,"Hras",0,"",1
"285",20383,"Srsf3",142,"HighConf","Spliceosome","Spliceosome",16,"Nxf1, Pabpn1, Polr2d, Snrpd1, Sf3a1, Hnrnpd, Hnrnph1, Polr2b, Sf3b4, U2af1, Polr2g, Phf5a, Sf3b6, Sf3b1, Sf3b3, Sf3a3",9,"U2af1, Snrpd1, Sf3b6, Sf3b4, Sf3b3, Sf3b1, Sf3a3, Sf3a1, Phf5a",0,NA,0,"",9
"286",20832,"Ssr4",232,"HighConf","Novel",NA,19,"Rpl13a, Rps27a, Rplp0, Rpl11, Rpl19, Rps8, Rpl7, Rpl32, Rps5, Rpl23a, Rps4x, Rps17, Rpn2, Rpl31, Rps29, Rpl3, Ddost, Rpl37a, Rps3",0,NA,0,NA,0,"",0
"287",20607,"Sstr3",179,"MedConf","Novel","Neuroactive ligand-receptor interaction",13,"Ccl6, Grm2, P2ry12, Oprd1, Tas2r120, Adora1, Cxcl2, Hcar1, S1pr5, Cnr1, Rxfp3, Cxcr4, Lpar5",0,NA,0,NA,0,"",0
"288",20846,"Stat1",122,"HighConf","Novel","Osteoclast differentiation, NOD-like receptor signaling pathway, Toll-like receptor signaling pathway, Thyroid hormone signaling pathway, Necroptosis, Th17 cell differentiation",8,"Ifnb1, Ifi30, Usp18, Ep300, Src, Rps27a, Irf8, B2m",0,NA,0,NA,0,"",0
"289",20869,"Stk11",92,"MedConf","Novel","Longevity regulating pathway, AMPK signaling pathway, PI3K-Akt signaling pathway, FoxO signaling pathway",2,"Foxo4, Prkab1",0,NA,0,NA,0,"",0
"290",20907,"Stx1a",128,"HighConf","Novel","Insulin secretion",3,"Itpr1, Stxbp2, Hspa8",1,"Hspa8",1,"Itpr1",0,"",2
"291",20911,"Stxbp2",81,"MedConf","Novel",NA,1,"Stx1a",0,NA,0,NA,0,"",0
"292",24069,"Sufu",141,"HighConf","Novel","Hedgehog signaling pathway",3,"Gli3, Gli2, Gli1",0,NA,0,NA,0,"",0
"293",223697,"Sun2",286,"MedConf","Novel",NA,1,"Fbxw11",0,NA,0,NA,0,"",0
"294",20924,"Supt5",28,"HighConf","Novel",NA,5,"Polr2b, Polr2g, Polr2d, Cdk9, Tceb1",0,NA,0,NA,0,"",0
"295",68652,"Tab2",77,"HighConf","Novel","MAPK signaling pathway, Osteoclast differentiation, NOD-like receptor signaling pathway, NF-kappa B signaling pathway, Toll-like receptor signaling pathway, IL-17 signaling pathway, TNF signaling pathway",6,"Myd88, Map2k7, Irak4, Map3k7, Traf2, Rps27a",0,NA,1,"Traf2",0,"",1
"296",21334,"Tac2",208,"MedConf","Novel",NA,12,"P2ry10, Lpar5, P2ry2, Htr2b, Uts2, Adra1a ,Adra1a, Ccl6, Grk5 ,Grk5, Arhgef25, Ffar3, Grpr, Npffr1",0,NA,0,NA,0,"",0
"297",230908,"Tardbp",226,"HighConf","Novel",NA,1,"Rps27a",0,NA,0,NA,0,"",0
"298",387348,"Tas2r120",184,"MedConf","Novel",NA,13,"Adora1, Cxcl2, Hcar1, P2ry12, S1pr5, Cnr1, Grm2, Cxcr4, Sstr3, Rxfp3, Lpar5, Oprd1, Ccl6",0,NA,0,NA,0,"",0
"299",21371,"Tbca",316,"HighConf","Novel",NA,1,"Tuba1a",0,NA,1,"Tuba1a",0,"",1
"300",66411,"Tbcb",317,"MedConf","Novel",NA,1,"Tuba1a",0,NA,1,"Tuba1a",0,"",1
"301",67923,"Tceb1",125,"MedConf","Novel",NA,7,"Egln1, Supt5, Polr2d, Polr2g, Polr2b, Rps27a, Cdk9",0,NA,0,NA,0,"",0
"302",21677,"Tead2",330,"MedConf","Novel",NA,1,"Tgs1",0,NA,0,NA,0,"",0
"303",21682,"Tec",281,"HighConf","Novel","Osteoclast differentiation, T cell receptor signaling pathway",2,"Grb2, Prkca",0,NA,0,NA,0,"",0
"304",54723,"Tfip11",104,"MedConf","Novel",NA,6,"Dhx15, Sf3b3, Sf3a3, Prpf19, Plrg1, Med17",5,"Sf3b3, Sf3a3, Prpf19, Plrg1, Dhx15",0,NA,0,"",5
"305",116940,"Tgs1",195,"HighConf","Novel","RNA transport",10,"Rgl1, Pex11a, Tead2, Grhl1, Med21, Snrpd1, Med14, Ep300, Nfyb, Med17",1,"Snrpd1",0,NA,0,"",1
"306",117149,"Tirap",76,"MedConf","Novel","NF-kappa B signaling pathway, Toll-like receptor signaling pathway",3,"Myd88, Irak4, Tlr4",0,NA,0,NA,0,"",0
"307",21898,"Tlr4",72,"HighConf","Novel","NOD-like receptor signaling pathway, NF-kappa B signaling pathway, Toll-like receptor signaling pathway, PI3K-Akt signaling pathway, Necroptosis",4,"Tirap, Myd88, Nfkb1, Map3k7",0,NA,1,"Nfkb1",0,"",1
"308",21926,"Tnf",131,"MedConf","Apoptosis","MAPK signaling pathway, Apoptosis, Osteoclast differentiation, NOD-like receptor signaling pathway, NF-kappa B signaling pathway, Toll-like receptor signaling pathway, IL-17 signaling pathway, T cell receptor signaling pathway, Cytokine-cytokine receptor interaction, TNF signaling pathway, Necroptosis, Sphingolipid signaling pathway, RIG-I-like receptor signaling pathway, Insulin resistance",11,"Cebpb, Fos, Ep300, Med14, Med17, Nfkb1, Traf2, Cebpa, Psme1, Med21, Psme3",0,NA,3,"Traf2, Nfkb1, Fos",0,"",3
"309",72049,"Tnfrsf13c",255,"MedConf","Novel","NF-kappa B signaling pathway, Cytokine-cytokine receptor interaction, Intestinal immune network for IgA production",1,"Traf2",0,NA,1,"Traf2",0,"",1
"310",21935,"Tnfrsf17",162,"HighConf","Novel","Cytokine-cytokine receptor interaction, Intestinal immune network for IgA production",1,"Tnfsf13",0,NA,0,NA,0,"",0
"311",21941,"Tnfrsf8",256,"MedConf","Novel","Cytokine-cytokine receptor interaction",1,"Traf2",0,NA,1,"Traf2",0,"",1
"312",69583,"Tnfsf13",290,"HighConf","Novel","Cytokine-cytokine receptor interaction, Intestinal immune network for IgA production",3,"Elavl1, Nup214, Tnfrsf17",0,NA,0,NA,0,"",0
"313",51789,"Tnk2",241,"MedConf","Novel",NA,2,"Grb2, Src",0,NA,0,NA,0,"",0
"314",21951,"Tnks",144,"HighConf","Novel",NA,6,"Rnf146, Rps27a, Psme1, Psme4, Psmc5, Psme3",0,NA,0,NA,0,"",0
"315",21954,"Tnni3",175,"MedConf","Novel","cAMP signaling pathway, Adrenergic signaling in cardiomyocytes",3,"Ppp2r2d, Myl1, Tpm1",0,NA,0,NA,0,"",0
"316",22003,"Tpm1",324,"HighConf","Novel","Adrenergic signaling in cardiomyocytes",2,"Myl1, Tnni3",0,NA,0,NA,0,"",0
"317",108989,"Tpr",113,"HighConf","Novel","RNA transport",11,"Nup107, Nxf1, Nup210, Dnah5, Cetn3, Dync1li1, Nup214, Nup98, Snrpd1, Dynll2, Nup50",1,"Snrpd1",0,NA,0,"",1
"318",22030,"Traf2",14,"HighConf","Apoptosis","MAPK signaling pathway, Apoptosis, Osteoclast differentiation, NOD-like receptor signaling pathway, NF-kappa B signaling pathway, IL-17 signaling pathway, TNF signaling pathway, Necroptosis, Sphingolipid signaling pathway, RIG-I-like receptor signaling pathway",8,"Map3k7, Tab2, Tnf, Cflar, Htra2, Tnfrsf13c, Tnfrsf8, Rps27a",0,NA,3,"Tnf, Htra2, Cflar",0,"",3
"319",14897,"Trip12",247,"MedConf","Novel",NA,2,"Psmc5, Fau",0,NA,0,NA,0,"",0
"320",22059,"Trp53",13,"MedConf","Apoptosis","MAPK signaling pathway, Apoptosis, Cellular senescence, Longevity regulating pathway, PI3K-Akt signaling pathway, Platinum drug resistance, Thyroid hormone signaling pathway, p53 signaling pathway, Neurotrophin signaling pathway, Sphingolipid signaling pathway, Endocrine resistance",10,"Nedd8, Mdm2, Phb, Bax, Hipk2, Nbn, Sirt1, Ep300, Rpl11, Rps27a",0,NA,1,"Bax",0,"",1
"321",22142,"Tuba1a",150,"MedConf","Apoptosis","Apoptosis, Gap junction",9,"Mapre1, Tubg1, Sfi1, Tbca, Tbcb, Arfgef2, Cdk1, Pafah1b1, Dync1li1",0,NA,0,NA,0,"",0
"322",103733,"Tubg1",197,"MedConf","Novel",NA,6,"Sfi1, Arfgef2, Mapre1, Tuba1a, Cdk1, Pafah1b1",0,NA,1,"Tuba1a",0,"",1
"323",108121,"U2af1",80,"MedConf","Spliceosome","Spliceosome",16,"Phf5a, Hnrnph1, Hnrnpd, Srsf3, Nxf1, Pabpn1, Polr2g, Sf3b4, Sf3a3, Polr2d, Sf3a1, Polr2b, Sf3b1, Sf3b6, Snrpd1, Sf3b3",9,"Srsf3, Snrpd1, Sf3b6, Sf3b4, Sf3b3, Sf3b1, Sf3a3, Sf3a1, Phf5a",0,NA,0,"",9
"324",22236,"Ugt1a2",193,"MedConf","Novel",NA,5,"Aldh1a2, Cyp2c44, Cyp2c65, Cyp2c37, Cyp2c70",0,NA,0,NA,0,"",0
"325",24110,"Usp18",309,"HighConf","Novel",NA,1,"Stat1",0,NA,0,NA,0,"",0
"326",24111,"Uts2",203,"MedConf","Novel",NA,12,"Grk5 ,Grk5, P2ry2, Npffr1, Arhgef25, Tac2, P2ry10, Htr2b, Ccl6, Ffar3, Lpar5, Grpr, Adra1a ,Adra1a",0,NA,0,NA,0,"",0
"327",22353,"Vip",211,"MedConf","Novel",NA,4,"Glp2r, Drd5, Gip, Adora2a",0,NA,0,NA,0,"",0
"328",83767,"Wasf1",306,"MedConf","Novel","Fc gamma R-mediated phagocytosis",1,"Actg1",0,NA,1,"Actg1",0,"",1
"329",140858,"Wdr5",293,"HighConf","Novel",NA,2,"Kat2a, Ogt",0,NA,0,NA,0,"",0
"330",68151,"Wls",171,"MedConf","Novel",NA,2,"Wnt8b, Wnt7b",0,NA,0,NA,0,"",0
"331",22422,"Wnt7b",139,"MedConf","Novel","Melanogenesis",2,"Wls, Wnt8b",0,NA,0,NA,0,"",0
"332",22423,"Wnt8b",314,"MedConf","Novel","Melanogenesis",2,"Wls, Wnt7b",0,NA,0,NA,0,"",0
"333",22590,"Xpa",270,"HighConf","Novel","Platinum drug resistance, Nucleotide excision repair",1,"Polh",0,NA,0,NA,0,"",0
"334",387609,"Zhx2",244,"MedConf","Novel",NA,1,"Hras",0,NA,1,"Hras",0,"",1
